care_p,fairness_p,loyalty_p,authority_p,sanctity_p,care_sent,fairness_sent,loyalty_sent,authority_sent,sanctity_sent,moral_nonmoral_ratio,f_var,sent_var
0.13548847861088778,0.1039779130479752,0.09791358822846333,0.10448575515183826,0.08344649985462528,-0.1519638981043946,-0.12298180886760128,-0.10190735429407442,-0.10260882426048458,-0.11038620825972774,2.4177215189873418,0.0003614018849236459,0.0004330478850161967
0.11271369426565146,0.08739174654608438,0.09077641482812102,0.09835063882176068,0.06943492801420663,-0.14345943644257914,-0.06183535809712116,-0.04672222756091171,-0.06488811309160654,-0.08879797211226444,1.6699029126213591,0.00025023705632403815,0.0014409331950530682
0.114769234242502,0.10393248451881916,0.09407834997264299,0.09678224575006712,0.08919875817925504,-0.15734194717592273,-0.1324936348539151,-0.07407816465945227,-0.0916016735159616,-0.09868642327523786,0.7914110429447853,9.884360818529575e-05,0.001125141540893997
0.09014570724401691,0.08567546722166078,0.08608700811755446,0.09289699299981234,0.07070377732250491,-0.06973860620271335,-0.013824977714889662,0.019260512550170687,-0.030558562776399848,-0.05167583589862892,1.051948051948052,7.370220508197304e-05,0.0011837855742754418
0.09371510734951477,0.08862729875455086,0.09425377393725042,0.09460121772978003,0.07086982209227347,-0.10924809937969263,-0.057366681067989055,-0.013941411482746682,-0.03716556337148288,-0.08602351703459432,1.46448087431694,0.00010208250881894847,0.0014373831898320236
0.10725838941260521,0.11048451749932625,0.10667485085710891,0.1063315421026137,0.08670489942238996,-0.17008478403759436,-0.10215322538280584,-0.04838916185176304,-0.09282747961331396,-0.09999465462487667,1.2119205298013245,9.077031704751018e-05,0.0018988650652593019
0.12034382750087921,0.11200325496736332,0.0943109653984269,0.09695519817114281,0.08646925141054644,-0.014173460416294017,-0.001345423480402944,0.029855785711159342,0.0013902962049773626,-0.023983643287662518,2.098159509202454,0.00019058379662593433,0.0004143948440346304
0.12061212524009246,0.1023900249475458,0.09149985743783103,0.09619208638055915,0.08539185062892907,-0.1273714927961875,-0.08426699910655125,-0.059976422446830935,-0.08103193091597788,-0.14045636095176486,1.2263157894736842,0.00018191465451021602,0.00114640108212477
0.11730208381365724,0.1315268015972442,0.10521672070550957,0.09237484917850367,0.08961252848462192,-0.03866614909869744,0.037586102605482244,0.03329281172167768,-0.01594186105638847,-0.020943256449635933,2.1515151515151514,0.0003067207009220498,0.001176148564255726
0.11376818784415418,0.08752996550199205,0.08680254473731819,0.08461891293423271,0.0818949353826169,-0.09737565772022666,-0.1023759061252159,-0.056715536305927884,-0.044350285175306085,-0.11147439252538549,1.5633802816901408,0.00016791022668459827,0.0008940207242566659
0.10549585128781896,0.11387511800386037,0.10486108982303177,0.1143521949048614,0.08345913363565968,-0.07927517569873187,-0.04051693117118254,-0.010897371543787426,-0.03766702962774312,-0.04531859275819361,1.5416666666666667,0.00015718926151819508,0.0005965245325929088
0.11219960412587386,0.10562112603473094,0.09117982127239489,0.08819392671305953,0.08849300542888386,-0.1461157127632436,-0.08938259132786065,-0.04488811356324232,-0.07222710993492766,-0.11378647810326195,1.532934131736527,0.00012226190418651673,0.0015030792086893193
0.08395844486135991,0.0939402082154713,0.08556903010749563,0.08672444186457172,0.0709704591542237,-0.06555842363858926,-0.008172654777100002,-0.0004540968242886952,-0.007922332171218982,-0.028231313610098136,1.3738317757009346,6.95481298485031e-05,0.0006974361825792972
0.09805526025110765,0.09459725069089409,0.0899066150119747,0.10075767569988103,0.07824884355158834,-0.04734634729620751,0.00545886602258871,0.02477924397887018,0.0028897592738426066,-0.03152843320017805,2.5445544554455446,7.827377172979925e-05,0.0008673308960437358
0.12242851129863497,0.11020260059041621,0.0965683336199877,0.09631138273032099,0.08897560343454253,-0.14687827193932051,-0.1342695622125327,-0.07601548207669663,-0.06260581114195594,-0.11914771693397144,1.3568773234200744,0.00017801984712259518,0.0013523221610698933
0.09516793096151446,0.09043372741368104,0.09809959094642604,0.1137985370044109,0.07683241825996608,-0.09683749608607198,-0.04883270839016672,-0.024751409292547724,-0.042414682719426625,-0.06467425954917998,1.6119402985074627,0.00017846083495489924,0.0007385274337234992
0.11996540814890859,0.09609328952138273,0.08420905320673035,0.071288585607216,0.08577274306081688,-0.05028821903254579,0.030080133050412215,0.07852328047657206,0.01005448498712248,-0.024124503867395463,1.55,0.0003314581439743397,0.0024727955491941965
0.1109489462250801,0.08798572513155657,0.08205341197152612,0.08659813399654175,0.07115795250243954,-0.1050676441501879,-0.05312846336162271,-0.0479243533185819,-0.055253346193979605,-0.09753001517732139,0.7724137931034483,0.0002118301540277499,0.0007403081288413523
0.11854306477956304,0.08437466533168071,0.09322481069796573,0.10551456268062127,0.07859347895012869,-0.18570147233017367,-0.12999111563908217,-0.10504373612099675,-0.14422559846653432,-0.16137508699619593,1.4137931034482758,0.00026113529280484207,0.0009366912839327257
0.08726064811364104,0.09038405439088558,0.08543159912562558,0.08575157649769498,0.07494463256289823,-0.07153870188551238,-0.05393896308939113,-0.007984102494495684,-0.02543960483028664,-0.046515614383222215,2.0970873786407767,3.391469622727778e-05,0.000615647922764523
0.12043771883234537,0.09131238576569359,0.09362133427525472,0.09930559089069439,0.07912924673525935,-0.21147524767138787,-0.1500011475820823,-0.14086282567833813,-0.13318673895150387,-0.1620473506419155,1.791044776119403,0.000229371394566793,0.0009594686154670132
0.09715896596460033,0.11730349464371415,0.09077150454303208,0.09653505997233044,0.07651992134787401,-0.055671876777478604,-0.0008724573794817825,-0.006394702531639224,-0.01852059877720155,-0.019547985755883686,2.2388059701492535,0.0002154233658792387,0.00045640992086989153
0.10547701615436922,0.0947923789507197,0.0897289038041732,0.09229489091637529,0.09114171146956088,-0.07144428867831043,-0.010787615461623755,0.014355738696755401,-0.015947009378577324,-0.04108550352740561,1.3183673469387756,3.9827381962987555e-05,0.0010621590971152909
0.09883099285499643,0.11604652553801853,0.09222270356362258,0.09731935458225177,0.08709584371618054,-0.10524159972481183,-0.04498577524108456,-0.00694838341099666,-0.02158773088390197,-0.06139717441442068,2.914285714285714,0.00011966234749248884,0.0014620021485279144
0.12153630499593451,0.10479609354860187,0.09109799311473503,0.09959975121015348,0.08414040160183157,-0.19907691129431557,-0.14247770780477031,-0.1319137595318422,-0.11798203752649039,-0.17259241672505182,1.4662162162162162,0.00020436842459082037,0.0010720917949232586
0.08595168891793625,0.09226738389183152,0.08717534951938215,0.09407602113690172,0.0753158446557552,-0.10873398144553706,-0.04923808886594245,-0.01628673434852392,-0.03688849802246317,-0.07006318227832686,0.6483516483516484,5.3863865831899825e-05,0.001241617314712657
0.11540822288469205,0.09933420559490154,0.08895277934853799,0.09710032647167977,0.07939919952922861,-0.09790439976984713,-0.04862436873518872,-0.02617278023973905,-0.06742390823022097,-0.08552889754772944,1.270935960591133,0.00017856226794078946,0.0008214097868780002
0.10767349244594791,0.11096655296125058,0.08873189453210394,0.10382410235799387,0.07432102364568192,-0.026638320201925397,-0.016001051609424194,0.01486148815669803,0.005082513390910328,-0.003494069452395533,1.7946428571428572,0.00023455012016889888,0.00027184017479933833
0.1037790233872124,0.0907729256497587,0.0920498295871056,0.08537511429342667,0.08283384286545452,-0.05337023277636414,0.002516575381006656,0.019106049763260816,-0.018092908872345097,-0.011548208115475859,1.217081850533808,6.569386025568794e-05,0.0007316888489642728
0.09739713925319411,0.09368984075874644,0.08886376121763805,0.09043859763189789,0.08936686432205658,-0.07591510374812085,-0.03862200076378522,0.02800326677169367,-0.022057454813747247,-0.04692105049595115,1.0,1.2795040271077543e-05,0.0014725608485754735
0.11099332806043612,0.11130101216457443,0.10095933076434034,0.10423673770165445,0.0855820544552123,-0.09422127149162418,-0.04505328285973932,-0.0151778465849463,-0.03923761375216413,-0.050875149471705676,1.3837638376383763,0.00011028392371172027,0.000825815146871873
0.09944286741036415,0.1010058766614243,0.10670264985107702,0.09966606395311164,0.08439817931493274,-0.04527255944779486,-0.014737195045689454,0.019114065242366977,0.02561006191048497,-0.0002575696539456784,1.6442687747035574,6.858575389665856e-05,0.0008099401163703324
0.10364456497616414,0.11145681615541311,0.10258952256006304,0.1052085239244688,0.09121958018720869,-0.08393751609470253,-0.04206120978440625,0.008027755958971995,-0.018596070472620903,-0.019658881950060096,1.4782608695652173,5.3900583666021285e-05,0.0011825186391473362
0.09764971523659047,0.10018889144269232,0.09402580250164842,0.09761864774146765,0.06841531642099766,-0.05101961767870567,-0.002690033334323419,0.001834596323278982,-0.02327744422581607,-0.0519984271023789,1.5647668393782384,0.00017250105903351498,0.0006564519111134145
0.09526186232338496,0.09943198333968564,0.09087181223602786,0.1010531943696182,0.08042553724118671,-0.07940674970900206,-0.02276879738105675,0.01718807078433021,-0.017000331902444796,-0.04307987249913351,2.1103896103896105,6.828769038616366e-05,0.0012638100282475787
0.10737126120867059,0.09373359867130311,0.08808635517798677,0.08539094873509073,0.10600821230486551,-0.12581125027844417,-0.04913220729625921,-0.05424752309799295,-0.08104778364164295,-0.1210216796887906,1.3860759493670887,0.00010242862608021212,0.001300778582064659
0.09334597090551675,0.09656148149472467,0.10456612903790855,0.10010286102683384,0.08241472785806038,-0.08839021540279855,-0.036949422068530254,0.006831471595296053,-0.007534669113434654,-0.01917681881521221,1.6090225563909775,7.008004379211714e-05,0.0013578827556497692
0.1177737871352509,0.13029179146322148,0.10174740259140957,0.11639802753321604,0.11033764010590338,-0.06148644246340474,-0.0233528479042948,0.029872713636970066,-0.0140123045294295,0.015703576884788552,2.191919191919192,0.00011009413435677791,0.001273403131506847
0.09360628395280181,0.10889475411784924,0.09450405568591994,0.10105161289999925,0.07950167441854825,-0.09788386331380523,-0.029916056502488172,-0.005872444838959099,-0.020628653900702707,-0.032811922982924374,2.11,0.00011769091223834722,0.0012526549539020732
0.10709652370555327,0.10487790716708822,0.09373392144880302,0.1072382227106746,0.08471744850232188,-0.09066116057451727,-0.061569888231546875,-0.014167829207926868,-0.05443397541291734,-0.0866653882912921,1.9230769230769231,9.95688146307403e-05,0.0009434845082515292
0.10240766416933254,0.10288153356143781,0.10250998147602244,0.11158741695080023,0.08252267681585963,-0.0777694466296879,-0.02821219190976932,-0.029406516637633065,-0.022641576386060788,-0.0165862910275085,1.8793103448275863,0.00011484902051127687,0.0005995881961049016
0.11406323781872704,0.10567843995332926,0.09740797114118661,0.10799004359290677,0.08554670959544261,-0.13917825510743959,-0.09880062240531821,-0.06882903107174898,-0.07726722040826575,-0.11297482379864957,2.4682539682539684,0.00012165912850355001,0.0007978470621675088
0.12643290784429126,0.09914861020245543,0.10456123787732075,0.09507274044302691,0.0882456588949019,-0.13487072420863486,-0.0776646253629791,-0.032004393375577776,-0.07656027594638158,-0.09483587832069268,1.4761904761904763,0.0002116075635062327,0.001375243257057075
0.09934987990874494,0.10714767520950193,0.0965788644379854,0.10186971676032758,0.08299780140778172,-0.1063245583599607,-0.07700398675434339,-0.06373449672867504,-0.06981558073252672,-0.07769031809455264,1.6991150442477876,8.167923894535776e-05,0.00026742070252889317
0.09724304936696987,0.09835867259911173,0.09336003108785601,0.09587120660277894,0.07488908006891996,-0.0641781159385685,-0.017147573534844616,0.026417167746165756,0.0012222289595953792,-0.020029260443078387,1.2693726937269372,9.438158437837966e-05,0.0011066512889449593
0.09371396530464211,0.08710905877916819,0.09550562952036366,0.09553439237434336,0.06532689982179958,-0.11425448219710921,-0.04751221564457511,-0.012028076372874211,-0.023239708130141035,-0.07749585996153187,1.278688524590164,0.0001647587273697074,0.001732120633653507
0.10455692814159555,0.08491660883396,0.08264883506099965,0.09572553365153204,0.06751332455148573,-0.18614741283014355,-0.1923892054014217,-0.12212468422317922,-0.11226240483784612,-0.12203249478595858,1.373015873015873,0.0001968395602322049,0.0015103894209684957
0.10836978294583226,0.09671232106535453,0.0965650919782891,0.09537532249924663,0.09348742422758533,-0.07053648849145867,-0.03554784928928786,0.0002600933574929459,-0.03891749832424438,-0.03352927324815695,0.6552901023890785,3.461243504578383e-05,0.0006304465644741863
0.0978718794943521,0.09910478606701482,0.09868893712648086,0.10119663702552366,0.0797399872292192,-0.07628068698084799,-0.025140995923284795,0.007635912875299205,-0.009323958415726582,-0.036735988143859526,1.0909090909090908,7.736452289113478e-05,0.00100855604588554
0.09490150105946088,0.08670118870074925,0.08465813357197688,0.08134613267454391,0.07770698399986516,-0.15927081099002358,-0.08920519036912801,-0.05949032456582633,-0.09847185892207619,-0.13058706075048934,1.0386740331491713,4.1892439006345326e-05,0.0014835801230901106
0.1088638509823486,0.09605510235993427,0.09658562737707724,0.0931823906782413,0.08288320135884149,-0.0887141077397593,-0.0465845794682657,-0.013915487845558645,-0.05741750654988271,-0.09454694796622046,0.8217391304347826,8.615829364674417e-05,0.0010820347011286926
0.10322543651120966,0.10720368435904265,0.09265511653638764,0.10162734012284848,0.0844277846228285,-0.14182867689126175,-0.09845382690005132,-0.0538382456127145,-0.06354994117775542,-0.08491627406996904,1.8679245283018868,8.444881471583753e-05,0.0011949526700845488
0.11558778299683709,0.10679481249280992,0.08549368422454261,0.09460957913319461,0.09047288280262983,-0.1639707973314096,-0.13693603662176493,-0.14259181074447055,-0.1254684603668913,-0.14731299820593838,1.2229299363057324,0.0001523720970824203,0.00020058542839775862
0.11766679659651691,0.13528996639130936,0.10119848220871142,0.09999513843638139,0.07966256382294123,-0.05944273429425196,-0.021572255078438022,-0.0017909017046984332,-0.02940737643830187,-0.06033105360821576,1.715151515151515,0.0004359705100618072,0.0006380823616253996
0.08537489585222606,0.0997952022684696,0.08888886954787087,0.0992103180731161,0.07087090903641945,-0.08692600295416478,-0.03692739497412632,-0.04828548306232908,-0.025107864479326884,-0.054083911001548905,1.4591194968553458,0.00014061420084820702,0.0005433262187955365
0.08939402415048614,0.08614853357763091,0.08913303875170056,0.09946539574957465,0.07047073189984013,-0.1012425327070671,-0.038093001297921196,-0.007350015844751762,-0.02086353964381363,-0.039696552933763216,1.616,0.0001098947111269754,0.0012940255625032168
0.10119413410307607,0.10854424286380178,0.10383423857151623,0.11329518468454543,0.08357664212033333,-0.0535177429386788,-0.006373893494351743,0.0244479485406243,0.005966819468118378,-0.017676910264528497,1.483739837398374,0.00012845069311561254,0.0008514644593778482
0.07827016884661575,0.09131887461492111,0.08318105976943058,0.09628182068529255,0.06774087020997754,-0.11304565184805564,-0.046465467867073985,-0.01319898024913454,-0.03078514586083742,-0.041994778984206005,1.8650306748466257,0.00012505318518690267,0.0014426970992263471
0.11079009128224375,0.0976885269480149,0.09289587977561249,0.09932067407114271,0.08548399994967609,-0.14194595793026954,-0.09509459512353619,-0.076916547168505,-0.09480796311057475,-0.12451884051728034,0.9251870324189526,8.630254642920325e-05,0.0006807348286463487
0.1075230622002321,0.1139314659715517,0.10718387359532426,0.1183579418150418,0.09330376274739775,-0.06039486837184325,-0.04157712057523503,-0.0003553257539543344,-0.0024240866394012748,-0.054751511358893765,1.811965811965812,8.983103895292269e-05,0.0008229229243939641
0.08656950482583471,0.10245503613533395,0.08479392356153814,0.08501559892681151,0.07567075258865859,-0.09112747947918928,-0.03782991405271104,-0.01567881538931451,-0.044296106130245934,-0.05471914146745613,0.9976851851851852,9.403772359681069e-05,0.000766067043489333
0.08951021500050878,0.10079720312225737,0.09480134216347945,0.10282527726019135,0.07819931604515348,-0.04017347980160701,-0.037600342449701306,0.03387779350129969,0.028004241334738323,-0.03466064200950079,2.174757281553398,9.788980754012826e-05,0.0014124717843293463
0.09416874238080107,0.10889820317664578,0.097572188634429,0.11636217499102663,0.08193275398171396,-0.061420060563375733,-0.05113359217874285,0.0108804726990155,-0.027509297701342604,-0.047519124786718804,2.5454545454545454,0.00017824868951899381,0.0008188975469913191
0.10315149686620438,0.1237778181112762,0.09906758243246037,0.1041476888903521,0.09106591943518155,-0.08053072083226546,-0.055258123277857604,-0.027393131223345652,-0.03004773926207092,-0.04091229432510074,2.7394957983193278,0.00014580749427744587,0.00047530680440025956
0.12453963275472565,0.100736624386154,0.09405854029934431,0.10411519808122935,0.09042778105708651,-0.20012444233642065,-0.15392564131133932,-0.11095445127476748,-0.11298543065705494,-0.1363920092974235,1.463768115942029,0.0001770202071959121,0.0013384880665924023
0.11820666828781926,0.11872283014771114,0.11661739079701733,0.12389088318094546,0.10016140845141171,-0.09078121263755344,-0.025993453424480863,0.021058368091057086,-0.0178034855002954,-0.04452762199605011,2.4854368932038833,8.115964836411155e-05,0.0016660549492814227
0.09436360096170533,0.0909081182130995,0.09838433703518144,0.1010271495501254,0.07652374605294425,-0.08404041304729823,-0.045105381040878474,-0.0221867578201195,-0.0491205088080429,-0.03566880938655393,1.5384615384615385,9.206277335495222e-05,0.0005309798717524517
0.10033245497373082,0.10359340657255885,0.09877020260593855,0.11259609035826057,0.08530601192518993,-0.061205562503960864,-0.008979074612816435,0.018991268392143438,-0.011331465919066858,-0.00858588370106223,1.5467289719626167,9.725967899371971e-05,0.0008445464008931773
0.09283547847841676,0.08666313435487737,0.08738471449807046,0.0948851054409044,0.08589217306155489,-0.075153784409273,-0.02015815847213823,0.031167672723253957,0.010854991303856915,-0.01755076026758917,0.6775510204081633,1.641456827594711e-05,0.0016120160701565552
0.10655164128273882,0.09753962347310241,0.09118401360452924,0.08200739722822033,0.08332530047644007,-0.06146207645318385,-0.011952783127018805,0.018024239041597948,-0.013265375874107605,-0.018990631960359963,1.3557692307692308,0.00010453303026058722,0.0008113892664372349
0.11260008182277084,0.09962843054389132,0.09107102109700518,0.10026780417261937,0.0803287154014376,-0.10143742474425356,-0.06900225193139782,-0.03404447507450781,-0.07311171594914771,-0.06774722119994228,1.9252873563218391,0.00014344763133277815,0.0005731318431742016
0.11801502347660563,0.1154899693508425,0.09807997030851975,0.11376248388812285,0.09078555255927005,-0.14754782474325562,-0.08951461342171042,-0.06276412095154241,-0.08067735428847984,-0.10962555395146129,1.8615384615384616,0.00014534000199986085,0.0010509450253137077
0.09462618232372409,0.10272532362269135,0.09787958650552878,0.10703117478885166,0.07541652220212904,-0.07566795875950334,-0.022475903889382573,0.017231269198654864,0.02951617816970636,-0.014747720135527158,1.5319148936170213,0.00014873474251423307,0.001685353392406364
0.10927147652696081,0.1096673564552906,0.09469426525152555,0.10236965373721893,0.0913571572106999,-0.1455451376069765,-0.12727424566488782,-0.07586063139984135,-0.07957681118950935,-0.10657809012384385,1.4678899082568808,6.926230418177848e-05,0.0009046591972926355
0.09797396823842908,0.10136941058239898,0.08901900570201618,0.09336231345587949,0.0801953955213267,-0.09208594317620344,-0.08086262415598905,-0.030740305950228745,-0.05444462259634088,-0.053810923321425834,2.144230769230769,6.820692780503456e-05,0.0005903798975728067
0.1100058502812254,0.08976308109579131,0.10253909998535177,0.10942613917003877,0.0749356870051079,-0.15434877182823098,-0.1049978882406107,-0.07136030816674961,-0.10117685653950811,-0.10270093400451315,1.2418300653594772,0.00022322298079552121,0.0008921146905622045
0.114178016783842,0.10420786858377654,0.09974319280951374,0.11020166088519134,0.08473121128841112,-0.09916381828525166,-0.04885428537238806,-0.027940668983900026,-0.04625762282282892,-0.07064118095471976,1.312849162011173,0.00013046878800422493,0.0007444292855272838
0.10555849503988673,0.10328552776381415,0.08783169988694202,0.09037227399803043,0.08859507735954038,-0.028329530251506835,0.028871531427059817,0.0575060049160854,0.022579643488123725,0.014531731463158322,1.4521072796934866,7.346812186909885e-05,0.0009632545429743378
0.08122737123316945,0.09685969239573963,0.08892984611099079,0.08984827760826514,0.0699834532690165,-0.01995077616736325,-0.01344533532656388,-0.003133963131048246,0.011021239332045971,-0.051695562903303655,1.690721649484536,0.00010466192476356723,0.0005476068391914763
0.1156159594880644,0.10119143895224245,0.09527603635025622,0.0893426632319919,0.08077705956936233,-0.06260503987094151,-0.04947447800698831,0.001323836642921923,-0.017653785382895817,-0.039808597716071835,2.1739130434782608,0.00017183707398021127,0.000651446172893692
0.09774827881102198,0.11310974522734814,0.09866225940813221,0.11619491143859098,0.0932700267525122,-0.08556942125517601,-0.05641785649613178,-0.008382002817783184,-0.027250568734549663,-0.04873932105194891,2.208588957055215,0.0001035512966049766,0.0008614446172371039
0.09182053454548378,0.10565223863181408,0.09458544016143017,0.10134588069694345,0.0767640310061631,-0.06608015568096758,-0.023224881530070258,-0.00736515006965706,-0.01995124525214792,-0.033239477192558244,1.5225806451612902,0.00012297560303677017,0.0004928710277140683
0.10696845366964447,0.09037046209363941,0.0970125582471863,0.08412939815988885,0.08941649181805414,-0.07290111478852358,-0.04265787585230579,0.0018465015192459615,-0.016384075174171432,-0.055120428739881315,0.7344632768361582,7.699573887215991e-05,0.0008958272898623647
0.10027225556009511,0.09041619745101526,0.10896725126080112,0.10240981153989333,0.08081860030220907,-0.04063495876431109,-0.0005549206386194413,0.036184209102252805,0.009775517086044412,0.004091931687609678,1.5534591194968554,0.00012186939483669343,0.0007643508036856931
0.1191827057288245,0.09456964026928463,0.10063344811055533,0.11660822740936744,0.08170242930805093,-0.18477525118390828,-0.13474573589206723,-0.1078199930954432,-0.1253816785116047,-0.1398792842353761,1.5810810810810811,0.0002440651501461818,0.0008176867249981748
0.11308770407212608,0.1032896983163198,0.08482829492091871,0.09517359932791784,0.08706462582249905,-0.09943977633125264,-0.043492963279795696,-0.005536985290844322,-0.04781774354275918,-0.0659642835761235,1.4210526315789473,0.00013702201393861295,0.0011732980488543278
0.11090180610003733,0.11475031630226026,0.09781483316998771,0.10445681124042384,0.08598876764117322,-0.15792031872292797,-0.089227482666682,-0.08110194265198949,-0.07918673526184987,-0.09771840913399434,2.151685393258427,0.00012966555924855805,0.0010652575232926393
0.11176841248356298,0.10125342593883835,0.10242594714210497,0.09331353110471038,0.08187866842078872,-0.04190235690195917,0.0028987803167367697,0.017924992110385313,0.0011959041065373772,-0.02628759943124937,1.8115942028985508,0.00012538034429301304,0.0005879112266393416
0.1002341901697693,0.10001447241240233,0.09075593134043289,0.10043069100396812,0.0760838870635852,-0.0434180294836611,-0.012748402092331483,0.006056138490556715,-0.02942055179132117,-0.027450681815365124,1.7707006369426752,0.00011166824373909633,0.0003536058106818521
0.10518116815622586,0.10299465226024111,0.09475923161219076,0.10894783224976566,0.07816823300346457,-0.08427917601863381,-0.05127437708592837,-0.021849382922881928,-0.03472691406242224,-0.06278155304854836,1.9217391304347826,0.00015004294940268182,0.000590238515882009
0.09107237950192121,0.09492897495399294,0.09505495490527155,0.1041009111177624,0.07569063523847794,-0.02297827619349613,0.0059529996273236544,0.05940826650258344,0.022086857480456194,0.023203908444486592,1.608695652173913,0.00010776394512091636,0.0008954236643310831
0.12061643854880494,0.09721773076101071,0.0939644528212282,0.0991189320865361,0.08791443495685605,-0.09776336252981861,-0.05365716173758194,-0.04278622635248809,-0.04068494308979412,-0.10260597260723471,1.8311688311688312,0.00015394267588113205,0.0009174356198448567
0.1127771429469647,0.09875845888591991,0.09421087206830564,0.09553675709948613,0.08436192851707987,-0.08107328951499448,-0.016547391622271177,0.022816746950347525,-0.025257949308366324,-0.030847843638523238,1.6097560975609757,0.00010539208406860483,0.0013823451281100756
0.08777196157896301,0.1110203355796465,0.08602747723423322,0.1040674218281425,0.08891273696631265,-0.1109392718528114,-0.025070723122363314,0.00046821683697957357,-0.03261257452904656,-0.07197506130225968,1.2215189873417722,0.0001267767102406957,0.0019119612000815117
0.09896024409144252,0.09782558749430338,0.08152566515813098,0.09931526244450427,0.07969183945639303,-0.07605185087612033,-0.05081281606241981,-0.0026987869179606666,-0.026545513158527344,-0.06051079034557339,2.848,9.891501394986309e-05,0.0008386264775019545
0.10532467258258638,0.10230457844936126,0.10199376379338461,0.10213728023127142,0.08276667716742292,-0.07578673170035512,-0.020931511043749594,-0.006603472304107982,-0.03304823215224779,-0.06464299500811564,1.1598513011152416,8.33007225090774e-05,0.0008537561419514497
0.10201599203718104,0.09463810941964869,0.0877043140031524,0.09507629819663198,0.07726001422674224,-0.1593067062246194,-0.11307277409355637,-0.09538249122403299,-0.1022604045864089,-0.14232957246142938,1.7304347826086957,8.756961560496388e-05,0.0007454535690690361
0.09499698476746288,0.09853831418751723,0.09446245895251454,0.10657712844337058,0.08112270979825047,-0.036603541424259374,0.026135319240471272,0.03073493210348257,-0.0018685468423486234,-0.0015378292017137248,2.1052631578947367,8.483009625484157e-05,0.00072912810557016
0.10500913602015195,0.11300213008025833,0.10570852071069282,0.11730470671910859,0.09327351534585628,-0.08114608719723367,-0.014061192450769745,0.013123006780597779,-0.03292611001249996,-0.04139727371104779,1.398876404494382,8.404045671524417e-05,0.0012149524726825468
0.09764095155925817,0.10291035134774483,0.10298065126628263,0.10732132949171934,0.08189028520873391,-0.06467167756780205,-0.012554925924946649,0.010661591682697789,-0.014093712314728562,-0.008821790746635147,2.1782945736434107,9.848800332339142e-05,0.0007822064480200693
0.11253089420271734,0.11199573755933262,0.10630906132801426,0.0960716322277677,0.0896381734039498,0.004774799684049575,0.003933259298058327,0.07906638880118162,0.03152004365240288,0.011931881744901295,1.539877300613497,0.00010219352553068844,0.000995393457246346
0.12359764435412063,0.0984835040839261,0.09269729861140773,0.09613765315876571,0.08365735311141374,-0.1428237073830968,-0.0946919022693542,-0.07456497244192319,-0.09036583040728485,-0.11217263913615784,1.8461538461538463,0.00022214709379253736,0.0006768083688884502
0.0939287000094513,0.10508453935041946,0.10144644796907466,0.10666948999791316,0.0770254306386175,-0.08262805611834098,-0.024073214607582376,-0.0081685182699187,-0.01429232227335032,-0.027882802475243437,1.5885714285714285,0.0001467257700340323,0.0008806850433509274
0.12209390009870232,0.09681257147463791,0.08824248344034265,0.086754942009281,0.07920876575359541,-0.1120880330411304,-0.1099403458729202,-0.06135593822780657,-0.07300122887294988,-0.12607129817915613,2.053763440860215,0.0002749151299748298,0.000771347074280043
0.1085691485982637,0.11035959187991386,0.08706100024261289,0.08255877051915485,0.08016248003916572,-0.012163514033642447,0.03417232253906017,0.053879553506194874,-0.0002945424263174807,-0.008936107898668421,2.3852813852813854,0.00021252310924799823,0.0008524989153862869
0.09777275764866784,0.10531426141162469,0.09828496432044373,0.09264038965853912,0.08586410172120416,-0.049871830588239914,-0.0041254326100524565,0.03298321876713882,0.0053362658840434805,-0.018374527179879842,2.78,5.2284890284569864e-05,0.000931574619571899
0.11688956230169008,0.11674687231104046,0.10401056945437732,0.122920783046283,0.08234663345082162,-0.12560256490908245,-0.07929062498562552,-0.06617205889582771,-0.07964891787379227,-0.10087227233486826,2.12,0.0002626184654488381,0.0005437129919338113
0.10210976084872268,0.090336005011794,0.093965024523933,0.09473518643009185,0.07866471231200654,-0.08460191707018111,-0.02531623406639624,-0.025158449282380462,-0.03430636215056664,-0.025172075338307166,1.0868167202572347,7.353535998158646e-05,0.0006678927388320392
0.13262330852090234,0.10002163722710228,0.09928522643522927,0.10133555570665322,0.0897481067190933,-0.18230411303727725,-0.1417054886087668,-0.10923237616124776,-0.12400521949620345,-0.15032735252768295,1.9578059071729959,0.00026643733411881097,0.0007725514501287473
0.09025132211086002,0.09736633768709659,0.10123787377659266,0.10221082848918235,0.07796299810767403,-0.1230922733324671,-0.04361055870514257,-0.021320546906880105,-0.02062413636407203,-0.04784428843043186,1.6132075471698113,0.0001005465844959615,0.0017662440410649142
0.09213585006995534,0.10298997962137067,0.0880220953092401,0.09759370412390055,0.07165379980214431,-0.07729700480065181,-0.06550138108126292,-0.027183242347243685,-0.03686924285523847,-0.07414768223752265,1.8832116788321167,0.00014257833028083472,0.0005173422488316633
0.12471628764417217,0.10751082247782942,0.0958683835336514,0.11596371306079896,0.09340776181502614,-0.17994065232457998,-0.10286327972892977,-0.08343044022235459,-0.11890010779792307,-0.146978598717203,1.4844290657439447,0.00017548014415378133,0.001436671567697163
0.10297379475781501,0.11312221225836344,0.09799728970551043,0.12241423349722767,0.10534040230680658,-0.01103561355577976,0.022495819579070295,0.07669134763535174,0.05624782248445724,0.049456615016423,2.925,9.142865676752478e-05,0.0011507886771626198
0.08866447330954588,0.10330676975397583,0.10643584646362558,0.10179867262406427,0.0821166937920181,-0.06203803352461097,-0.03891649883587396,0.029747356842234205,-0.011644570627738531,-0.02314925960260931,1.6464646464646464,0.00011034944065509002,0.0011680895814132643
0.12220441854052091,0.10691127664369662,0.10512690228881978,0.11000725157973663,0.0893565742944454,-0.13298301241100924,-0.08072602678071368,-0.057902171805412066,-0.08257330973970092,-0.0815962177205105,1.9591836734693877,0.0001386590828846841,0.000762289578766526
0.08520211703160421,0.09401125481967729,0.09887632163271372,0.10179243641616048,0.0760272077285876,-0.02754299379748531,0.027571116606957356,0.030999733456170544,0.02161463331043055,0.02363235720347977,1.3186813186813187,0.0001113038395453304,0.0005854691706311886
0.12404316335216514,0.10075005087806164,0.10523425374678914,0.1145534525126832,0.08241479145062114,-0.20748804372390156,-0.14487294637846945,-0.1151291669106518,-0.13254796226717386,-0.17289559525742684,2.21875,0.0002453306349288691,0.0013176819252764256
0.11029771352945607,0.10595853045356415,0.11141795832017055,0.1095120002255517,0.09158169013652134,-0.10185310463351707,-0.030671181750355055,0.008138964895022143,-0.028345627949500636,-0.04876568381879354,2.125,6.69361302175889e-05,0.0016106017405962839
0.09142454641087515,0.10274395267761323,0.09493895894955101,0.10783526994515572,0.07498853813601622,-0.10502583196869457,-0.06384728321565175,-0.04370341216978686,-0.04453781908010429,-0.07149678287870516,1.3376623376623376,0.00015901893310585336,0.0006288104046924236
0.09908381892346027,0.09391881020778756,0.09581008255605435,0.09314831684722001,0.07703398007420792,-0.08131935525463387,-0.020082421701418347,0.011055996077179837,-0.0071286627523543655,-0.03794065633969983,1.2246376811594204,7.336935867483569e-05,0.001240309406444591
0.09795142591764273,0.0973332858231902,0.09067049212120452,0.08554142529814406,0.09278646359534123,-0.06404277712522184,-0.022331985522562738,0.02175173072155563,-0.009570414356952833,-0.031281294200880605,3.445945945945946,2.6073433695144717e-05,0.0009796151726209027
0.13202241040288096,0.12296785564866836,0.10989028421965706,0.10044581550214615,0.08832274740355964,-0.07671933252304068,-0.03835365277728843,-0.026133955059566682,-0.05660224258945443,-0.09255777322068869,2.806122448979592,0.000302921598445851,0.000737000918458592
0.11076346089811087,0.09612291275638653,0.10573686899559441,0.11666863780574167,0.07413746453794888,-0.14756730887851335,-0.08026117879032596,-0.05924117684410874,-0.08117540117815003,-0.09218813708429988,1.800865800865801,0.00027703942681998515,0.0011039590090598304
0.11830244735102402,0.10219588183971447,0.09902477115604998,0.09185170123224455,0.08268368193073816,-0.10808815472675488,-0.047512084274608506,-0.01653264512582299,-0.03875146786973178,-0.06027992006044717,1.6111111111111112,0.00017498546700819574,0.001160777058920348
0.12980650586397133,0.0995020991074908,0.09944033325422752,0.11293352532890841,0.08234668046526146,-0.1920511927449519,-0.17888901123957934,-0.13103292642077186,-0.14438054545122714,-0.15661450462801038,1.2403100775193798,0.0003131061848869272,0.0006192079934911527
0.10307615206227058,0.10185178772693272,0.09626940317562796,0.0984780253494617,0.08344370085022043,-0.088533909453157,-0.042232301108439244,-0.025008195043368143,-0.031102015735015365,-0.02273258083711473,2.0240963855421685,6.156086629030533e-05,0.0007360372637156211
0.09511733121177514,0.08677269994944063,0.0928430155789849,0.0835096744382297,0.08094629577646195,-0.02423381203618078,-0.009971396222657428,0.044399480358501074,0.017490096376820103,-0.010307555049942593,1.0317460317460319,3.635092427861449e-05,0.000752444669486246
0.10554724821579542,0.10718102471336086,0.09487415724345977,0.10118988287611409,0.07853338698175247,-0.02111467438990715,0.018093849009267263,0.05651281539735572,0.038288779023126406,0.014952443059205666,2.1403508771929824,0.00013467926561423077,0.0008445313975555229
0.09767743430029119,0.10621842945574045,0.08394546435142189,0.08921189425641084,0.07988728597875577,-0.11542516422468131,-0.05534061918291679,-0.026464817187695173,-0.055088694874773504,-0.0903476540677644,1.0809523809523809,0.00011297295442344303,0.001199818613515802
0.10869817223399288,0.09590265078609357,0.08489838941320194,0.08646334531358728,0.07947246753264836,-0.10156766106788397,-0.05644006717710447,-0.031467991833485955,-0.03825935413741023,-0.09246135397729273,0.9491525423728814,0.00013197958200955457,0.000999858775145309
0.09311302931284864,0.11100799535794538,0.09321396674428585,0.10937274947456811,0.07530712795340223,-0.0875509526483226,-0.04321848193608606,0.008661833677722254,-0.030926601583502144,-0.04113371784494191,1.980263157894737,0.00021188748711750412,0.0011790587562368006
0.11407321473647342,0.11346125184806738,0.09651212220730417,0.1061412764939273,0.09329642203812927,-0.16722824574282447,-0.10763506578814018,-0.06903503138705298,-0.11568809573003883,-0.1331119178089494,1.694736842105263,9.094421251905032e-05,0.0012901697317757696
0.09197517756510534,0.10461910683710444,0.10260177602632113,0.11615535735817661,0.0826952662107111,-0.07226860460037293,-0.04395385570273336,0.022115005627967026,-0.021297212717970124,-0.02959405337279285,2.323232323232323,0.00016304736394566824,0.001192054893945831
0.09528923667344981,0.09324883188164741,0.0856632480188501,0.08411492173703375,0.08207377815667391,-0.07291308269463698,-0.01477479711915439,0.032123054150296836,0.008602188684886849,-0.038972432705414915,1.6028708133971292,3.408178327536292e-05,0.0016705959466797426
0.1025610140593678,0.11216921973382366,0.09605553647343353,0.11145369442375726,0.07945448979955042,-0.0916816908199068,-0.061289637621918636,-0.01730589999803187,-0.048469866037640245,-0.0457928675657872,1.371900826446281,0.00018073467586039233,0.0007278706540492443
0.11476170898583958,0.10140334550832276,0.10744577805128369,0.10978348199387025,0.08111042669759051,-0.12913405989577015,-0.03377114153234992,-0.012688116057609621,-0.040398530525596006,-0.04601361399265739,1.2965116279069768,0.0001714430093472211,0.0019992513079905997
0.09425137875901654,0.09568260124199193,0.08745390209403724,0.09897765998999879,0.0760216631716828,-0.14294571964241856,-0.07241880052689383,-0.05251552432683786,-0.07629127942110545,-0.07758330223113272,1.4651162790697674,8.29253305923045e-05,0.00117499422361219
0.1076479849068588,0.11768473041792704,0.10169990206895302,0.11580214707883024,0.08394316211060107,-0.09221998876186918,-0.0763328682728248,-0.041886413640030776,-0.0614403215759224,-0.07969031770851784,2.594059405940594,0.00018456236375575364,0.0003727210719294121
0.11730703856343824,0.1107452313982597,0.09880279111632281,0.10773393816458145,0.08971462423300537,-0.13586110846799454,-0.0912613750334093,-0.05666260707267481,-0.07824332166741987,-0.10351040919596718,2.176470588235294,0.00011597410553566731,0.0008721684379510214
0.09147696728427075,0.10248252810443319,0.09980330445155221,0.10878257413691195,0.08006300775934351,-0.06497932968020438,-0.014816084404087732,0.020723288702928076,-6.669435427804505e-05,-0.011072698270198791,1.641025641025641,0.0001232418281278105,0.001001990495101375
0.1290000769610099,0.11479205275912781,0.09086529066676768,0.10056785206061512,0.08828364976002462,-0.19590511763878005,-0.13183510295523593,-0.11579824993001088,-0.14526033576030611,-0.1595567951750285,1.3770491803278688,0.00029257840935309845,0.000930064739934376
0.10527886247318939,0.10759420291218413,0.09810281815658371,0.10521511608237288,0.0846956383342703,-0.08019558804043127,-0.018786745889837475,-0.015445896939351148,-0.007862585582693688,-0.025725330020552824,1.265625,8.760032555085414e-05,0.0008411767069792691
0.08880915912799012,0.10208021693638894,0.09184427483097765,0.10453228751966893,0.07533947035171727,-0.06236043693249892,0.018185563333069272,0.02223575702824969,0.003670911846040626,-0.013491577016272533,1.7777777777777777,0.00013627258423800292,0.0011769322989218988
0.09911596229122717,0.10199983415552168,0.0980362219523625,0.10155534367072216,0.0849155961959195,-0.09619056904933357,-0.05065631933865172,-0.014155429303985775,-0.02626293111982598,-0.06818981895764513,1.3806818181818181,4.931393744836605e-05,0.0010767997681043232
0.10532214332684726,0.10080442207232775,0.10268018647568883,0.10867331979492442,0.0883484238693583,-0.12607697697385514,-0.07730390655914542,-0.037645715556970806,-0.055350705631271584,-0.07931392670987594,1.24,6.008678363740378e-05,0.001103529325285146
0.11714301505564588,0.11120402360335113,0.09344746728875367,0.1014940836696134,0.08659432712039833,-0.10217730216708863,-0.06945458317409553,-0.041148406697571874,-0.03850745329748069,-0.06044656818836154,2.1415929203539825,0.00015618968443802204,0.0006645716738145147
0.08692038471146192,0.10854632440362452,0.09972717131130411,0.1059931930929111,0.07883133176791567,-0.06856320715976559,-0.043228770511222994,0.007321410294242288,-0.013808028853594598,-0.02082833699099752,1.917857142857143,0.00016209212127932883,0.0008443941333061565
0.09299294053716753,0.10205046011673972,0.09106138424190817,0.0956233248694789,0.0667842013222672,-0.0750703305274994,-0.04305094680495344,-0.02525755291165523,-0.040322658231114174,-0.04304187747021672,1.8783068783068784,0.00018136256644145197,0.0003307229270817354
0.12458781073938041,0.11422549017284991,0.10883416869700191,0.12202432340427923,0.10468226617477797,-0.10729606890180036,-0.055697640893128036,-0.04138078839313959,-0.06255569990928492,-0.03635307076074614,1.9042553191489362,7.156418964328767e-05,0.0007914140904757656
0.0992737585291991,0.0840424729959171,0.07924328959626063,0.0775448212556608,0.07380823727559976,-0.05205843514941375,-0.008856437939044304,0.018830397806955605,-0.012015899935038042,-0.054496656667115166,0.7608695652173914,9.851145504586322e-05,0.0009746763542740974
0.09911634092101819,0.10753736380600974,0.08690674362098154,0.10045540636914219,0.07774663187340308,-0.10914654427061651,-0.05195995264211542,-0.02276316940368636,-0.06094465878997102,-0.09423430046087207,2.05,0.00014124360608697373,0.0011836318511638886
0.12675880406436948,0.1056176509132097,0.11200639480602224,0.11096638930303462,0.09073735219888172,-0.18770008249468653,-0.13207593751263205,-0.07721941195044635,-0.114702664263595,-0.13787733826817847,1.2823529411764707,0.00016825216808642035,0.0016038560997389344
0.11732628823804349,0.1123463961545802,0.09898088961299897,0.10384728571772252,0.08784187022739796,-0.10238684838026747,-0.060365678168595685,-0.039879340349650336,-0.05658706087189174,-0.06865053239661953,1.7421383647798743,0.00013338218567148538,0.00053318952078421
0.11790205009887565,0.0980271262791458,0.10289962486104134,0.09601873814944482,0.090488396343457,-0.07162231171083233,-0.04128072721247141,-0.014253382368076311,-0.04949206848880096,-0.014242476129505828,1.1071428571428572,0.00010835251520264419,0.00060036341983444
0.10010286881829074,0.12403808702388097,0.09731849678450666,0.11681695603759519,0.08450548244041849,-0.10921888847222985,-0.04909855292105054,-0.014542237458908105,-0.05419744205117372,-0.07974652128064001,1.8768115942028984,0.00025102946039238307,0.0012555213945354758
0.11819256987182628,0.09780985399898469,0.10052680863581304,0.09945882365695463,0.08526778446047031,-0.16348161888614773,-0.1321465536136155,-0.09371313905380668,-0.09057335800548309,-0.12365669253763856,1.025531914893617,0.00013826487119716031,0.0009014841844990722
0.1080860166634508,0.11094373791827057,0.10635943110375316,0.10925577504781717,0.0937240405154502,-0.12151993905852983,-0.07375811876774574,-0.05187521221216261,-0.07767287129966194,-0.0725736269505182,1.75,4.7422105471515434e-05,0.0006532711031299794
0.08827537053561474,0.10220369722862252,0.1024758500373808,0.1181306997991105,0.07823895039549435,-0.08929179170448945,-0.043026933790208916,-0.015750806092036673,-0.020049048846879542,-0.05008695205500311,1.2962962962962963,0.00023198140909048395,0.0008650913084575991
0.11047370230518193,0.10839914447671675,0.0977964861513142,0.11520972864508998,0.08038963860143568,-0.13496510875131934,-0.11026773510666087,-0.06398815804790124,-0.0836322361504003,-0.1127843024716062,2.2222222222222223,0.00019272436500479846,0.000762455921369037
0.0804054764000011,0.08483283606616199,0.08022621938181008,0.08878804840768502,0.06670277230827372,-0.11718829697806497,-0.05304224204324021,-0.007815478583432671,-0.02691845479914046,-0.05014370336572108,1.0535714285714286,6.935885253980142e-05,0.0017076540055462894
0.12566249267915608,0.10019516708571528,0.09539532161934444,0.10457498444712089,0.08433922999854673,-0.21043562779949582,-0.16813209223451367,-0.14032751668094454,-0.15522208765266401,-0.162306907590628,1.6747967479674797,0.00023133012730238488,0.0006899238524648322
0.10512553231704193,0.107686706352829,0.0887760423806183,0.1041180366476861,0.09117995975910986,-0.11632154238781313,-0.04862339853660507,-0.00874421099545216,-0.013999827442640327,-0.06349472592676413,2.5632183908045976,7.60365106993361e-05,0.0018950804907577664
0.10886474482226599,0.09593831316395751,0.086454956037016,0.08644623958549824,0.09348751992763199,-0.15629861718101612,-0.10764926921973708,-0.06977297219329262,-0.07715607787635798,-0.1295791426160332,1.3888888888888888,8.467081308697144e-05,0.0013027876037497814
0.09079278000660276,0.11228193746842978,0.09159461857083334,0.11277447531820843,0.08495667416754174,-0.07846837118590913,-0.04144531019689176,-0.02544249074448013,-0.027622597315734628,-0.04795455696787641,0.9451219512195121,0.00017105191817024998,0.00045566495545633253
0.10169592420524591,0.09637071126255932,0.09829095616977129,0.11484374681192773,0.07846416093167376,-0.10330796892041472,-0.06116574484425921,-0.04382795707728516,-0.06381576779064158,-0.06318009828559303,2.608695652173913,0.0001704343824121677,0.0004784909979468838
0.12151583816995841,0.10493721328496569,0.08140737773157111,0.07719362448296842,0.07888663492711077,0.02569497021403868,0.054556955358528746,0.08406199574367235,0.05648706706875905,0.027703546949529027,2.710526315789474,0.00038471078278516776,0.0005776216109878358
0.11137423468254384,0.08960203726768232,0.10022877110922766,0.10792903590909743,0.08052071339937608,-0.1604066128461918,-0.09366670166750535,-0.05858243727509257,-0.10337967252072154,-0.11003465585841721,1.329192546583851,0.000164612683135883,0.0013451676834853668
0.09676435780327902,0.09824642035447341,0.0992763578416046,0.09128509876403995,0.08865470539865801,-0.04687125604790766,0.010288783676118646,0.029257138717775272,0.010725277505763601,-0.006582374240471303,2.1465968586387434,2.147079260838315e-05,0.0008287718836437693
0.10727784209099561,0.10760946338508699,0.09205318975000815,0.09248015442871803,0.08823023476634428,-0.0599063858807961,-0.025919551555529587,0.0011093583517574298,-0.0007218686281286156,-0.04777068529296979,1.4455445544554455,8.464950790379459e-05,0.0007488634356357937
0.09945162865636428,0.10560478678569482,0.10062911491906235,0.10515955757103904,0.0879110604032309,-0.1073013499939074,-0.05397551875442246,-0.0022806816928893662,-0.035137305378665294,-0.04482171605281027,0.9036697247706422,5.114104828387374e-05,0.0014539225370436921
0.11509623959706203,0.09324791793773811,0.0894023605252721,0.08655444320800505,0.07894982070544472,-0.14068420249809008,-0.1043839494379747,-0.06114797574377056,-0.10166197164789907,-0.10948566830799722,2.0497512437810945,0.0001848972663129739,0.0008040857755232963
0.1077418151293047,0.11251945397670349,0.09558080876624768,0.10335294616721859,0.08336372994157382,-0.08522743350344197,-0.06193771328525389,-0.055256591328002536,-0.04165236591352105,-0.06683883961328951,1.4047619047619047,0.00013072499140041213,0.00025556624895258965
0.08715471635225136,0.1083411696162329,0.08995112681982236,0.11017098297601298,0.07997793917673683,-0.07952825138644996,-0.06606684329699165,-0.03123007158394229,-0.038452451663635874,-0.03346999790323591,1.218543046357616,0.00018019410269443616,0.0004721611112238426
0.09705274219653952,0.09455944667066543,0.07777301968134988,0.07799935276059021,0.07010890140345145,-0.0145783539398449,0.0190568909637293,0.045689416577256545,0.03834648685755582,0.010774724824620795,2.324561403508772,0.00013709127960126176,0.0005695240912000886
0.09755788634362188,0.08435567888127823,0.08624028153670053,0.08528905643331623,0.07942607097069862,-0.10434674301250894,-0.03304869310642939,-0.0002464159577731569,-0.020950797157729847,-0.06121068745647609,1.1037037037037036,4.460551124378531e-05,0.0016258756026330903
0.09462595058951971,0.10229456381282398,0.09068387018845323,0.10309112775999829,0.09040926821887146,-0.11319906420457315,-0.06956236296966639,-0.014685968964072786,-0.015770476696615677,-0.08848303681062261,1.523076923076923,3.776676207127179e-05,0.0019354740313515884
0.1037142627534332,0.10849821001608077,0.10074547806444696,0.1141795185391968,0.08290029092257517,-0.09965281475876771,-0.03390670852943252,-0.016594184925520557,-0.04205609317021516,-0.060452362973462966,1.31496062992126,0.00013996963225215025,0.0010028211620629049
0.09209091926012412,0.09149479948178783,0.09264122047721389,0.10284226178928418,0.07726933723940776,-0.04615754816304454,-0.009407427791342826,0.016661068286304346,0.007370771037315951,-0.04349316898898677,1.1009174311926606,8.313511580424846e-05,0.0008292012134783393
0.11891550447045811,0.10915199273720703,0.09633804612915976,0.10251624788314039,0.09934112337727224,-0.08249812361806463,-0.036761488243686545,-0.016246078279798234,0.02025670706335593,-0.07589806154516733,1.532846715328467,8.094566794274998e-05,0.0018211734678952784
0.10237312280402389,0.10582384438813193,0.08788291188161725,0.08908694771218673,0.0898195640881979,-0.1338371811259375,-0.07048746015516101,-0.03548215814110018,-0.07094862888307105,-0.12603196573899753,0.6679841897233202,7.099313926489464e-05,0.001725243861609911
0.09792605264750154,0.09402457628375196,0.08907853126865818,0.08984535763472072,0.076143915583509,-0.10741734358946918,-0.03378641840815067,-0.03130886276569747,-0.005983536896187746,-0.053471716221393586,1.8571428571428572,6.752641780479959e-05,0.0014483651340214396
0.11499144030148285,0.11253142735633631,0.1010866446921433,0.10688787307360276,0.0910421220774906,-0.11838808932599153,-0.08039890919948371,-0.05861241468493714,-0.06428397675085497,-0.07983708662082631,2.2214285714285715,9.244450781498628e-05,0.0005444477234970679
0.10079302000627331,0.08651534639781983,0.10388553223833859,0.11488172610807462,0.07008203131658473,-0.17559643107689835,-0.1079471022865838,-0.08501533395736909,-0.09438293630741147,-0.13276205280175704,1.0509803921568628,0.00030010531838271294,0.0013188937309807473
0.13441941554411127,0.11371958525928291,0.09580827898640759,0.09408002962076091,0.08864789110633982,-0.05954991369945346,-0.004612367221725842,0.011741145983544038,-0.030553197990371435,-0.0308026274758514,1.532934131736527,0.0003530242180604824,0.0007496452712784981
0.09239295846871003,0.10807101035902629,0.09047305953252215,0.09015106733330575,0.0787788327652434,-0.08395174578109678,-0.011208132667022731,-0.020243867567711765,-0.014664426794460637,-0.044898151147676056,1.2078313253012047,0.00010974440273940954,0.0009228946293728188
0.0956447535957475,0.09212035457235099,0.09406250427872177,0.10116650689342366,0.07593729010166578,-0.03622951765388703,-0.02714053347724877,0.007095523008165121,0.012421031420139322,-0.0042879493118491065,1.5142857142857142,8.983993966140137e-05,0.0004521704298966426
0.10532118114029589,0.1093077725861509,0.0981357843575626,0.09530377125095099,0.08433369414146503,-0.05469276904948086,-0.009077143715822453,0.012482933325604226,-0.008266884442642246,-0.04116549203061932,1.7122641509433962,9.359182512967104e-05,0.0007408946325389205
0.11866196066815518,0.09688189975488427,0.08903181616724115,0.0956495584768662,0.08721935293853786,-0.15219672660554823,-0.11439997201687924,-0.0985763538931452,-0.08763186287507796,-0.09888451948860488,1.5,0.00015725899709850561,0.000638434951935908
0.09887384946521688,0.10067838112140162,0.09011318021937804,0.0872278284267774,0.07187282316290211,-0.06670975584823469,-0.02427145229274319,0.03357425461166159,-0.042194019523873735,-0.0495300865883862,1.2142857142857142,0.0001321901980949559,0.0014880189163822175
0.1109479673771401,0.09920188040519398,0.09386651379367959,0.09732450978566437,0.08591927412752014,-0.14100704245968051,-0.08717090669120228,-0.053255145722696136,-0.0932319123967903,-0.09791535028826956,1.5521472392638036,8.276973700332751e-05,0.0009827574959312927
0.09712905892941695,0.10764971383620973,0.09997569454986667,0.11763153549935877,0.07989533378873685,-0.1236825224420556,-0.09251286341750473,-0.05695879447501596,-0.06087223663384894,-0.07050597060428124,1.553903345724907,0.00019519719083831128,0.0007618827719966932
0.09185604378522272,0.10725328601500349,0.08936156728895173,0.09437007224085035,0.07611130089110694,-0.11726741714169923,-0.05691625178536266,-0.025976476163943347,-0.02842983267445643,-0.07606064075048535,1.6031128404669261,0.00012437330976997199,0.0014242401847795443
0.12955523122696802,0.10105164916016329,0.09597545829316086,0.08805611248740444,0.08570146975828413,-0.11296328708080913,-0.06861800844180432,-0.05285405768645649,-0.06403935864158293,-0.0897586543930467,1.158102766798419,0.0003094739753813303,0.0005688282213092173
0.0989391353395181,0.09147441148514553,0.0888322438216548,0.100251572884868,0.07860052751420071,-0.0815734399766475,-0.0376978904844645,0.014769317977079886,-0.025016660152037375,-0.05594283561127537,1.5704225352112675,7.634330900736932e-05,0.001292432435806802
0.1034549870519062,0.10747077557738176,0.09554642746259334,0.09742677838762856,0.08654863388913595,-0.10454390609968307,-0.05362915417782651,-0.02019638414460858,-0.027248931360116458,-0.04341166018058731,1.344155844155844,6.42236978039408e-05,0.0011093232876248217
0.10005370707692263,0.09210576222550107,0.10059768345510575,0.10511841640029637,0.08418238580701774,-0.04164881681759842,0.025101217442965406,0.03644693536936103,0.012793688335731723,0.006991198583106277,1.5142857142857142,6.86727022997712e-05,0.0008976654916132063
0.09413012518700212,0.09606627160386386,0.0983672470419585,0.09980465488908105,0.07542224638571245,-0.07391357453006624,-0.03153125849139508,0.009025282876119594,-0.030069403058257258,-0.020130106051980876,1.382716049382716,9.861868483828077e-05,0.0008872132388506221
0.11204615586572395,0.11203498184975201,0.09961523595111109,0.11274173104710994,0.08284994321033962,-0.1444530704319739,-0.08616343675843917,-0.06638690086143774,-0.08508200318193443,-0.0760518687562466,1.6285714285714286,0.00016804227551499203,0.0009357321351679532
0.12090148478664968,0.10279746752203014,0.08718705711666,0.0880343313855735,0.09517138862802228,-0.0935737236400149,-0.04430307256524286,-0.011969143118928872,-0.02643666663542446,-0.05222722351149716,1.0276008492569002,0.00019209514428060264,0.0009613240417774782
0.1129397331736016,0.09695217240755818,0.10355687867338209,0.10840098057672747,0.08271698320958423,-0.10909251762460201,-0.07540780945182649,-0.016074954388887137,-0.08225862529665144,-0.08253318089050925,2.0961538461538463,0.00013862136000725834,0.0011813762305679593
0.1218954992303309,0.11131914358589126,0.10402115978508367,0.1095610069262938,0.08484241033458577,-0.19918400571122238,-0.1579040733674049,-0.12205363958894616,-0.12604069691558772,-0.13593538151187412,1.223809523809524,0.0001861657388231968,0.001004655711410415
0.1084661472145164,0.10324041155654474,0.10146762228390077,0.11122445113893889,0.07853785395340253,-0.14350060972365142,-0.12014199547108866,-0.09115363779264302,-0.08647554518447916,-0.10385813834326856,1.7195767195767195,0.00016730431424977497,0.0005416788020677971
0.11056875545292755,0.09051037809559065,0.09463043189042376,0.10452139259035279,0.07866989306758365,-0.16352925970434357,-0.1263134812576567,-0.0679908281056493,-0.11636286169297831,-0.11657811084639552,2.0277777777777777,0.0001542413533032508,0.0011618816852667355
0.10805074520665219,0.10482374369676549,0.0864396352445858,0.08183910288368414,0.06896182932923467,-0.05280604598530991,-0.0031943950142358443,0.01169991017561365,-0.004686168235602369,-0.02479999897476839,1.8114285714285714,0.0002668627990541431,0.0006209188276867178
0.08899457072265532,0.09545354692517886,0.09459006652148677,0.09737240810252865,0.07437444872789752,-0.0520386186822888,0.026926860107038982,0.0318459516865125,0.036548495930871214,0.0022495436979484275,1.570921985815603,8.755194217040504e-05,0.001343363606600719
0.12330675840928179,0.11657473859247346,0.0917167616972077,0.09055628452491599,0.08576525050373689,-0.05613350447549524,-0.03205485062178728,0.012741174892130521,-0.02667035986484283,-0.041471660296130794,2.5853658536585367,0.00029145155309910235,0.0006621140803496536
0.09133353163411592,0.10320761526115306,0.09132856605257765,0.09385000562489451,0.07533976321818389,-0.07016210016364503,-0.03524667215526777,-0.009940850180685626,-0.020561058851785465,-0.03631831899547551,1.4365079365079365,0.00010065247746849643,0.0005182701058442818
0.09365661733668326,0.09816423052483608,0.09575680434933384,0.09859783402774026,0.07328280151651831,-0.04451537307135185,0.025661883745771556,0.03741290352931247,0.007369739339240346,-0.004970619850147745,1.9146341463414633,0.00011216548509477459,0.0010077610400672872
0.12489619835740585,0.08905760531118577,0.09598710585545198,0.11424078626186886,0.08199229977947196,-0.23204321163346944,-0.14754763044363423,-0.11842206648910503,-0.13595268232003077,-0.17269165141033102,1.4090909090909092,0.0003187784074831992,0.0019511245332983112
0.12758959374424197,0.11302095257991474,0.0919669032601803,0.1040840398077479,0.08200301989864332,-0.21980257533349343,-0.1489619401541288,-0.1294847703042514,-0.15353629937220253,-0.1754018945048337,1.8660714285714286,0.0003165398561997919,0.0011901329987644566
0.08181786233226898,0.08412207106581296,0.09025059619261361,0.09560958745857395,0.0704209339216855,-0.07274937073756005,-0.03882619414717074,0.01308861907794587,-0.019018860552353557,-0.037072189041248316,1.538888888888889,9.050838048588705e-05,0.0009821122921629612
0.10497198916989606,0.10705970671057295,0.09208615312992349,0.09662956663082424,0.07659696346662387,-0.042365392608859,0.007365564968422191,0.02716664312501247,0.0003232417323527038,0.01134865335330661,2.061224489795918,0.00014839890397615844,0.0006782634538178114
0.11056279650806877,0.09173440179080197,0.09110514039057732,0.08090918553962646,0.07813944436066465,-0.04947985632242856,-0.03418826009259811,0.009377431871368589,-0.024024482083238766,-0.04141486651447132,1.706896551724138,0.00016229308082704906,0.0005231250034478097
0.09495006021374951,0.10375304636761734,0.10257667124671849,0.10987695221018816,0.08234415409414668,-0.10600162333945447,-0.06035286427016746,-0.0243861748578388,-0.04624259634948268,-0.05452540036299175,1.6827956989247312,0.00011176546544935996,0.0008973588067297336
0.1092306694310001,0.11105976241764662,0.0954943497987036,0.10358350327882616,0.08185426983039355,-0.06170356684585199,-0.020320209703078827,-0.0033511128402827816,-0.013233517344769906,-0.025338594775286293,1.925,0.00014240864443164792,0.0004940173927546593
0.10558211750780079,0.09791914625596608,0.08608154256498482,0.08220489817500833,0.08427298323159788,-0.07103833620527569,-0.04285331658759151,-0.01665721065855709,-0.04346919660363286,-0.048185847765641235,1.1720430107526882,0.00010177137962069084,0.00037421156709865764
0.11528741227167935,0.11254474968455941,0.10289784352809757,0.11152829514240725,0.08755978526027403,-0.10107641517635242,-0.053637404681519604,-0.03359227723328716,-0.0674408034871951,-0.04734499159578281,2.5125,0.00012732752454842927,0.0006596812898632381
0.1092403524308099,0.07715181104784151,0.08277095052686771,0.08530409353107872,0.06949480796422312,-0.13209464890887065,-0.10240231637958132,-0.03832392565437691,-0.05833048992406318,-0.07633574429237441,1.1366459627329193,0.00022361134698254518,0.0013560986062907871
0.11298332343162545,0.10816022662403421,0.10127763946242589,0.10811627957162502,0.08383085664965992,-0.18102639775488472,-0.11988418670387431,-0.08208661094069185,-0.09146450710462618,-0.13859661949741275,2.564245810055866,0.00013070344558495812,0.001571916090608497
0.10109194276543593,0.09407461577513684,0.0981098245308581,0.09463301158103733,0.08046142021061703,-0.07757961439032933,-0.02035471578978097,0.009711500791897225,0.006068835839558883,0.00024410584553316344,1.2327044025157232,6.258871872742724e-05,0.0013055671717174327
0.1134633488640508,0.08899243772921725,0.09540468273078649,0.0926351028120837,0.08303375469334585,-0.13883259316176572,-0.09756981531656675,-0.048160714434904064,-0.0774527502137195,-0.08100324671244212,1.027027027027027,0.00013137525333977915,0.0011052696461950659
0.10675183508418992,0.10801153220462625,0.09866165240212604,0.11407388330597995,0.0783208158736603,-0.14794918437332397,-0.08524093086956128,-0.05496645709665982,-0.05868180727961409,-0.05837759687581167,2.0141843971631204,0.00019321262242753855,0.0015469474148105185
0.08678585171971057,0.08922212511465578,0.08288753219188588,0.08879384038015083,0.07643947765812865,-0.10306513222451363,-0.03679587168608055,-0.0067424176443887564,-0.032427116609601736,-0.05974195186909014,0.8246153846153846,2.825052655699043e-05,0.001309994038662868
0.13275798701942404,0.10169765030548449,0.10190899473792372,0.1092789014991861,0.0832306129401953,-0.19870803518204538,-0.12727425339984672,-0.11580868954764735,-0.13695398751493812,-0.1635178736808616,1.2108108108108109,0.00032004476979519245,0.0010997341449574816
0.10312277605417124,0.10458347367059091,0.09976828103422274,0.10157526454798615,0.07922871812343588,-0.03455900366795322,0.0048089009668909,0.02345683760756561,0.0150445231335478,-0.015227462215718638,2.0,0.00010931565364104983,0.0005543746328301699
0.11083268523915668,0.1339267435116003,0.10472805160138818,0.11161155127608487,0.09419836774968961,-0.0915765423284832,-0.05456598188099556,-0.01726887362737885,-0.029808056957587377,-0.0607574487183282,2.45,0.00021191301273767652,0.0008352644526489364
0.1072310376417357,0.10882777750681356,0.09120369288800881,0.09330035367402176,0.08415743031156821,-0.05202144474874281,-0.0012097336149835428,0.01667197567397288,-0.006095029601707396,-0.021877667823162757,2.172794117647059,0.00011419273998569844,0.0006671393626962136
0.09751082538943406,0.09142486470660796,0.09633635960822924,0.09099386208062514,0.07793246881169863,-0.09675311152926487,-0.06389549369003462,-0.016510523763275428,-0.039610628885315954,-0.03724122042187765,1.7526881720430108,6.041999535916526e-05,0.0009419977750703389
0.12664425142963567,0.0980414998223119,0.09640129539368479,0.08717115425504886,0.09108905528475822,-0.09107806275128628,-0.019070203155451812,-0.002169206657080297,-0.04984154869791166,-0.08827634403874608,1.9775280898876404,0.00024265038400087959,0.0015992275188138356
0.11918322110614281,0.1180343551676369,0.10253159885179673,0.11166453871298293,0.08531128517038075,-0.1608409096435645,-0.11285346801058252,-0.08904079617679467,-0.10730768270220695,-0.12000789241939999,1.6150234741784038,0.00019542940683931913,0.0007047056456883595
0.10940464408493593,0.1006864782798236,0.11036398020766516,0.11700187711164434,0.076145309987501,-0.08509967008852365,-0.043718243243362626,-0.004559403724415349,-0.02548070482604313,-0.05659900685386379,1.6067415730337078,0.00025435906814696996,0.0009355986131730448
0.11486141413889032,0.09186800016748231,0.11004390558587765,0.11873765043106026,0.07540858273506501,-0.21062655574779066,-0.14310079716885468,-0.11708675532173117,-0.14052990931283676,-0.12742525738802693,1.2363636363636363,0.00032996527746938014,0.0013451339303346742
0.12656917750415883,0.10373147687152627,0.09688046018569224,0.0924666485248755,0.08673953852662507,-0.17373979561379774,-0.146702757199418,-0.08850188105538315,-0.1304018794983014,-0.1553160322594655,1.5333333333333334,0.0002385020850247833,0.0010390909168661849
0.1670530684703367,0.09952374210500137,0.09920855939211387,0.10091301064367875,0.09363989861149484,-0.2545112393643875,-0.18573518298498198,-0.1483996336136623,-0.1782915844229148,-0.20522492103324072,1.8115942028985508,0.0009525275203260136,0.0015452821355101806
0.12987231843058297,0.11516433094296818,0.10709932481231328,0.11020798527706667,0.09357651161033276,-0.12579239712136836,-0.0902708272031416,-0.06058560543061845,-0.07686378473040431,-0.0503677858326885,2.5760869565217392,0.00017318927591364704,0.0008660611758505654
0.09987329809643379,0.09614914858381818,0.07821476076538561,0.08313054651776712,0.0710057730637648,-0.0527079089527423,-0.00672181577970084,0.03205113371049338,-0.0226179321998556,-0.04320930478141126,1.404494382022472,0.00014715377220621536,0.0011229328119029616
0.11486943266882706,0.1091629742319718,0.09830774335484245,0.09811229242130183,0.08635086595111638,-0.11927783775956304,-0.0873296128451379,-0.06212753220539426,-0.07491916334645547,-0.0943788888826292,1.719387755102041,0.0001221322889377458,0.000464790466084022
0.11326844261558455,0.1025120388071577,0.07905965108416277,0.08756151234095094,0.0855603966385952,-0.02512751809018511,0.023957359445776247,0.025398987220839955,0.03402296028402573,0.017127775319386744,2.0952380952380953,0.00019469802111614135,0.0005412406408805626
0.0991483466911032,0.10038876185573127,0.09128908055359064,0.0931446702695309,0.08579080577429365,-0.013409931008413513,0.00921646269733663,0.05127001674099754,0.02162837914859521,-0.024198470154632334,1.6666666666666667,3.5695483507115547e-05,0.000887642960714801
0.09482424792423753,0.10795964960923014,0.09615857724222093,0.10570858560019224,0.07918602758768979,-0.0837769748789774,-0.06629143105519168,-0.05183038220247664,-0.04722456796362873,-0.057408191012994825,1.954732510288066,0.0001296156030727805,0.00020826655251946345
0.0969718182669255,0.0974948969212491,0.09732192894350461,0.11131861160255578,0.07893902224045218,-0.08504689414774569,-0.037820712988355404,0.017802265937712478,-0.01439284073406586,-0.0170943667768286,2.5906040268456376,0.0001324565041281423,0.0014375881839347885
0.0992420919678796,0.10465536106214704,0.09353062713089923,0.11394654818038716,0.07998191315519701,-0.057137857693319485,-0.04559483936665165,-0.0027153817620730225,-0.010678496732192408,-0.036083231989807736,2.1822660098522166,0.00016109693215429722,0.0005333655693843304
0.11299248100144438,0.11069468959979264,0.0999615089614698,0.1108414373475704,0.08755503356982386,-0.13255911952670535,-0.08010881881621167,-0.06759701349784997,-0.07264013247797323,-0.09311616714335903,1.45,0.00011459966276007462,0.0006797293335941346
0.0823740937713965,0.10533594184136487,0.09111901799789446,0.09429507790015808,0.0777393375910331,-0.02143202140008142,-0.017878838868845327,0.030801137797220268,0.020998847823526616,-0.025303692321392676,2.1176470588235294,0.00011580504508647562,0.000694020084970709
0.103598373079754,0.10661982965706428,0.09921561186730464,0.10581426304629027,0.08686339449425545,-0.10812400860306863,-0.05759339057351134,-0.025319407667488292,-0.03608241908729293,-0.061509292261930096,1.6703296703296704,6.57175235784579e-05,0.001018230494411377
0.10974482194565231,0.10974828654423818,0.10234446270697631,0.09285316201051413,0.09241156970055694,-0.09202258957571795,-0.019453958808805474,0.0012750316618650164,-0.03347569683480544,-0.04808560937271237,1.2,7.3515044255922e-05,0.0012316228167463387
0.12201119921952917,0.09890245979779266,0.11167376508742213,0.12434220903720516,0.08572054853097089,-0.1654266802833907,-0.08631460570231915,-0.07723292903299706,-0.09367554174271014,-0.09835149266779071,1.2548076923076923,0.0002636531381535782,0.0012351964708898896
0.07645789534763371,0.0907070771959064,0.09264846578563489,0.09818228023357282,0.071318613766962,-0.0024047084232046785,0.00998891477704279,0.04711388456865435,0.006098829036841982,-0.009448511497654768,1.9337016574585635,0.00013031686490245272,0.00048110435875114586
0.11332141903553754,0.0992659139002006,0.09771744649375444,0.09696697226873906,0.08505160229997263,-0.12471589866788103,-0.08928778233847369,-0.061334201783928455,-0.08397964444111607,-0.06411118658854321,1.3969072164948453,0.00010101920257014463,0.0006481743881841526
0.11679539476993403,0.10202136311130974,0.1004277243244713,0.10714473739800692,0.08536321619139133,-0.18049957274094464,-0.12814225445693944,-0.08164438253853337,-0.10110595575804653,-0.10709335177909815,1.1243523316062176,0.0001310032264315528,0.0014301889362145083
0.11208951097689744,0.106361014946574,0.09530794834697039,0.10535684812502005,0.09000044414841923,-0.12308039327429851,-0.0849517511455046,-0.0665423380049663,-0.07715692243669588,-0.09176060904487385,1.9367816091954022,8.017540866316627e-05,0.00045740818771482434
0.09828048047536773,0.10259628430912025,0.09943375465380863,0.1082090679487519,0.08490188095469389,-0.10568310393092951,-0.08084947134597723,-0.03435271594966911,-0.058803618917832305,-0.08116756300913952,0.9795221843003413,7.417616323479508e-05,0.0007220561514577892
0.11168828395829174,0.10149076161996358,0.08803852834414291,0.09991133175377026,0.0805730411914626,-0.12995107829892352,-0.08034039959254557,-0.08825851016973392,-0.09166643286862615,-0.07662336636403769,1.462882096069869,0.00014809149929764708,0.000454356240705798
0.11578278579955878,0.12765209647035347,0.0901235657813668,0.08028735511097843,0.07368782214446264,-0.044940078494304384,0.054727239663747144,0.015122103205150818,-0.017419441297088483,-0.07326312451320514,2.126126126126126,0.0005402789230247319,0.0025122640834561276
0.1286808664522696,0.09535475777118815,0.09131768984132854,0.09840535134607639,0.08235646035126258,-0.21248261810976893,-0.15559917001620285,-0.13171826240035242,-0.12274092315644315,-0.14206545643647353,1.7178217821782178,0.00030759295790145963,0.00125824872303568
0.1147211619310054,0.10494754618115579,0.09688368171519064,0.10094219024678566,0.08334137937213539,-0.11791917998563721,-0.08067948559156897,-0.052276743278369744,-0.07198535571673885,-0.05526236353921005,1.5806451612903225,0.0001322899648777202,0.0006968426376585451
0.1525650435492061,0.10592390389846106,0.10373104388960629,0.11677778837407587,0.09011446759427627,-0.2767494667814811,-0.210624887096078,-0.1767927912039171,-0.21410485804111376,-0.21136792370488033,1.3121951219512196,0.0005590036293443511,0.0013157642076360423
0.11595877831570843,0.11291679040021939,0.09843382137828492,0.1054196530062239,0.09208763784770048,-0.1289281829492683,-0.10897318178682314,-0.06657300109941346,-0.08897831097967847,-0.10328878654364397,1.1116751269035532,9.819589448223248e-05,0.0005412230373018706
0.11782952406255215,0.1100577984086957,0.10301057857119768,0.10106658499803613,0.09607857173562186,-0.09800625472545639,-0.061342410052605774,-0.03216231412109505,-0.05440379512990306,-0.08581321974724211,1.3945945945945946,7.183685144109152e-05,0.0006793802307379719
0.13136793110243355,0.12837369450085506,0.11185464150458695,0.11977582377798852,0.08913937835406428,-0.10908299622828868,-0.06490492673935933,-0.04009534181395789,-0.06191389758436681,-0.07601622947226046,3.1030927835051547,0.000285540784819246,0.0006371245667339724
0.10698379897258292,0.1108244421538889,0.10438114429395065,0.10073921230626465,0.08996334623567115,-0.11493981073189524,-0.06478722581687123,-0.06292749394577463,-0.06186033950129535,-0.099910557241633,1.302325581395349,6.329420778744649e-05,0.000616312506683219
0.11933335137614086,0.10405154814493422,0.08505088035515762,0.08393799137782414,0.09026344026417653,-0.021280728826057506,-0.03016389318786369,-0.00933915688375688,-0.014228861317331584,-0.024005730226649157,1.5454545454545454,0.00022654128191386427,6.693944100866638e-05
0.10435493825619024,0.08522412001059623,0.07424601464119154,0.07548010809509995,0.08264143426202383,-0.09545160147469635,-0.0451641381394695,-0.0007692691549241026,-0.021652494412679506,-0.09228026964895754,1.5073529411764706,0.0001461596520827569,0.001774611257281236
0.10673711860541814,0.11314882607074908,0.09316709556756497,0.0956227186106413,0.08038677150755488,-0.08181824223679991,-0.03714528862064572,-0.013178352075856195,-0.043573208059918,-0.06604031085810944,1.5185185185185186,0.00016122066324170288,0.0007046196117187639
0.0930071857223947,0.08637764910003876,0.08669248937992691,0.08683072168281596,0.07102895348335346,-0.09846266205317952,-0.005549085098201098,0.03147257917724415,-0.016095410524130303,-0.04264286568324369,0.6331236897274634,6.679828727966432e-05,0.002336733541886787
0.11463327561047669,0.10651885836706351,0.09372070669275882,0.0951611212928869,0.08529404068843767,-0.14324744529927128,-0.10207638881851125,-0.06685950079933314,-0.07607134910549952,-0.11480569552625823,1.480349344978166,0.0001328430671278005,0.0009407153429397523
0.0897692631098963,0.08610688627266426,0.0800515240077421,0.07848005623119327,0.06837174350048977,-0.07288243761661331,-0.011526335517457938,0.026196661830524895,-0.005635980121052574,-0.041803166083740226,1.3941605839416058,6.717917512314445e-05,0.0014194506345986035
0.09831085298871738,0.10403585172494924,0.0886342163151435,0.09751115796250558,0.07970096780698531,-0.10704241985886942,0.001367178277209024,0.017797766975394497,-0.021382840748162525,-0.026023402563675805,1.9275362318840579,9.105773595202078e-05,0.002312703956924492
0.10591199923956039,0.10740782070238997,0.09063040112737943,0.09053935610047278,0.08218766666467374,-0.0607137022378909,-0.007546018104775228,-0.021047549159816808,-0.006185435402285974,-0.005660121238206044,2.1956521739130435,0.0001189024341030687,0.00055250327262716
0.09603386768840601,0.10677248749200725,0.0873507250536734,0.10006064425725937,0.07799834209886952,-0.09279928075667916,-0.05223607340707478,-0.007942603419728406,-0.02952786764868718,-0.07090618371374326,1.6213592233009708,0.00012590847313375596,0.0011148628560385425
0.09591899182531897,0.10938726336499965,0.08867603275232926,0.10359581404809064,0.08629138406049773,-0.1400591686449181,-0.0955167216316518,-0.07338988520501778,-0.07721145178574772,-0.1015191212863246,1.443609022556391,9.545622725674175e-05,0.0007060711695663702
0.09662290322306882,0.09358824467622431,0.09454975243981635,0.0933661149044244,0.0792599872555664,-0.08062005426163368,-0.025417170316412902,0.011123864771178764,-0.029847799066975742,-0.05207513941867407,0.7114093959731543,4.830090908456092e-05,0.0011544655098366544
0.12638784723949067,0.09578693175100261,0.08956064251692414,0.08292887336568205,0.09080243578281999,-0.13465282319971925,-0.09319134675456325,-0.0561785383027927,-0.06403029784107657,-0.0811451508136058,1.1464968152866242,0.00028920599479835226,0.0009535602585780784
0.09767743430029119,0.10621842945574045,0.08394546435142189,0.08921189425641084,0.07988728597875577,-0.11542516422468131,-0.05534061918291679,-0.026464817187695173,-0.055088694874773504,-0.0903476540677644,1.0809523809523809,0.00011297295442344303,0.001199818613515802
0.11952905688586608,0.0973279374892525,0.08578333916014287,0.09162469788563495,0.09295777591382354,-0.018787511892058698,0.033306973153685034,0.07029741555939456,0.040759409396662366,-0.014412998334552346,0.6582278481012658,0.00016943117536348434,0.0014504150897109301
0.09824119604696192,0.10322284921810528,0.08285780466335567,0.09234153716406267,0.07801030547581977,-0.06951838665876693,-0.023068033917103787,-0.01189606923219446,-0.04071469001647636,-0.06561562398259889,1.685897435897436,0.00010965972464630741,0.0006452862948934071
0.0939045366745843,0.11040154430137691,0.1020295245294471,0.10455895596566668,0.08378448508975307,-0.10410760967509723,-0.05256898428518049,-0.03747047583186584,-0.03406856412633094,-0.059377222440234675,1.4834123222748816,0.00010688256525539572,0.0007875801151847999
0.10877776991645975,0.10966102145064684,0.10824181230239097,0.11868941599799711,0.08930966704645643,-0.04312230727917704,-0.016524755483181792,0.017491733130844993,-0.009699786141188405,0.0049702059638266315,2.6610169491525424,0.00011533835127306447,0.0005294278754324451
0.10152086933475504,0.11119794282990988,0.09657972849935115,0.10824565136296997,0.0827512604331832,-0.1316714525422875,-0.06374810136679358,-0.029768039149863725,-0.035169308332493196,-0.0006277065213345796,1.1589403973509933,0.00012622438722643874,0.0024755022869702124
0.09282813847570863,0.10766489045016607,0.09337520397029446,0.09985551197783775,0.07875389962210574,-0.09992720007607332,-0.032338935006607485,-0.006940972996993969,-0.023155047161464833,-0.03400249960959865,2.0673076923076925,0.00011349892833287386,0.0012649849480926686
0.10470479402340609,0.09068148358091944,0.09935184988956844,0.1039872293360313,0.0775472652694252,-0.118675439722725,-0.06612882422894721,-0.03777974001422795,-0.07934122700856207,-0.06464367259773955,1.2028985507246377,0.00012920388396815658,0.0008708681599376189
0.09912996770192609,0.09673623002019914,0.08729789135314016,0.0884782052963499,0.09429502670289366,-0.1080847715483782,-0.06958459134604036,-0.04107614020403434,-0.07952143003706337,-0.07407399476748935,0.8493150684931506,2.6499492288727525e-05,0.0005736609262853461
0.09654285301352052,0.09810685542802769,0.09693076797133074,0.10612207949140864,0.07862635271575209,-0.08958200454003312,-0.05275494908279666,-0.0031027812359676536,-0.02995500203329393,-0.04698507282767506,1.4759036144578312,0.0001018011472522999,0.001007997675693481
0.09563165586623584,0.09948970368448998,0.09599015831097817,0.10250541826337715,0.07782943471066617,-0.07112274815784096,-0.0073384349077536175,0.01716517537183158,-0.01879491443548704,-0.04304143548627103,1.6331658291457287,9.254270035119447e-05,0.001145109914232384
0.09640559752431778,0.11447039387724244,0.09543189842738865,0.10292016711305045,0.07758952019435514,-0.08467552122939324,-0.036588457516687545,-0.010441715897144384,-0.0010008362793605939,-0.0568067477331121,1.9470198675496688,0.00017979532666839617,0.001165660063425409
0.10335174291459676,0.09890987983161349,0.0948396832539214,0.09557451887539274,0.077646248761806,-0.07868676788139421,-0.045382587205639056,-0.0029116685111734006,-0.05991015246595241,-0.05678880825059454,1.3421052631578947,9.554265660815974e-05,0.0007994681586263871
0.11218608818949721,0.09518056970667872,0.09354513170110441,0.09252222714348943,0.0800475984845817,-0.06326651574139189,-0.03092117163155187,-0.012397837267892196,-0.04034666522965895,-0.0733038817917381,1.5478927203065134,0.000131690861346311,0.0006032510666734124
0.09567571008122398,0.09268061572465582,0.09230162882005946,0.09386476757080785,0.07569282364390603,-0.06068047369094998,-0.023853115243619827,-0.0351877933184918,-0.03898775601001226,-0.06319002928458828,0.7341772151898734,6.60798281183914e-05,0.00028861215020566534
0.10659823122632785,0.10442752686311367,0.09090652604987647,0.08734130223009301,0.07297198300961724,-0.02065861559143698,0.013616457949673387,0.031078091034147517,0.014125783417328544,0.009685078184302176,2.0419161676646707,0.0001878769608201924,0.00035337735148155343
0.10252726111350717,0.09508865298587824,0.09197727392973545,0.09388543569507547,0.08144171827492568,-0.06553810501301909,-0.003905525277549832,0.023890170900619175,-0.027414804135487678,-0.022568468402013497,0.6319218241042345,5.763843699051071e-05,0.0010791726060940497
0.10781759214339533,0.09820153125366458,0.09735830844627895,0.10040534827811406,0.07679009804187659,-0.08681234104496906,-0.04790027207075,-0.03348725595818731,-0.05910473608213618,-0.06209666789337563,1.6838709677419355,0.00013367725364448152,0.0003877403890108556
0.10903036317483045,0.11410732220771584,0.10453657563556959,0.11488695051924343,0.08526126018179618,-0.09312032198544282,-0.05586964199918349,-0.04421300249836774,-0.05215043250122642,-0.048023190782318724,2.1641791044776117,0.00014629456952933937,0.00038988265802031356
0.0939979071602142,0.09377251535885024,0.09657010421109857,0.1046248824506839,0.07203960986675877,-0.06791293417077804,-0.02736036569957124,0.014553247306764544,-0.010017297763663049,-0.004366715453938488,1.427710843373494,0.00014640552868151657,0.000970752759697417
0.09751820462235115,0.1101901484409422,0.09512647887243965,0.09372065314641964,0.08240105902813127,-0.10662271086366999,-0.08448516874941264,-0.052462997435230606,-0.055472159539011634,-0.07697697153010206,2.239130434782609,9.858428870203427e-05,0.0004957294098413134
0.09873352599932188,0.1075009102259271,0.09347559260433838,0.10333531966747604,0.07614310215824514,-0.05863061615309605,-0.008112725239188406,0.011636085695437308,0.018569218764573243,-0.025762094076697394,1.2661064425770308,0.0001485218292918125,0.0009677510159015005
0.07870893953364812,0.10776628604621177,0.09129653943988443,0.11045451175411483,0.07968416870443171,-0.059033509367043956,-0.013550368868620807,-0.0031150238572012112,0.0020582095606925537,-0.035228918866189084,2.9134615384615383,0.0002263641489553729,0.0006382663980414134
0.10504146304514658,0.09999621711634477,0.09919891311164176,0.09782324849680404,0.08729431371783554,-0.11244580660080365,-0.08319116343785822,-0.02922786103127022,-0.05518821338944598,-0.06087540903507771,1.2107843137254901,4.2391003520057714e-05,0.0009810522996489518
0.10760909044863905,0.10188055365746163,0.0897259414280974,0.09635659206569851,0.0854438365339935,-0.02814607961741958,-0.007046198028690516,0.04710072723760944,0.002750333046996475,0.005314284488840569,2.3640552995391704,8.001724785123722e-05,0.0007540876200511108
0.09984301888424657,0.11225092729256872,0.09186480748287619,0.10290901450746566,0.08517456695614427,-0.12554008323236676,-0.06828193218692945,-0.06652693522388015,-0.05361533713815715,-0.06391022030347061,1.1485943775100402,0.00010797054104342555,0.0008124649337655531
0.14146210578615848,0.09434542477425194,0.1005266193238275,0.10925774066661195,0.08845359870086598,-0.18772974124083125,-0.12317191154199988,-0.11825597718262125,-0.1458840750102836,-0.1582911622661799,1.7195121951219512,0.00043464096066290326,0.0007952720591026503
0.0760937278331915,0.09166578441162297,0.08520083325812738,0.08787942875189476,0.06700698886036739,-0.06742739772533805,-0.006883738303515862,0.0008799995379107858,-0.010127273697650726,-0.019284831655835256,1.144736842105263,9.924688810301747e-05,0.0007384335355389062
0.09444156087169364,0.10535540055461241,0.09021231958190493,0.09522906732784049,0.08221025184493708,-0.10320380548271156,-0.06896895666322939,-0.03305415119157328,-0.059439775803844935,-0.06530717310362906,1.5751633986928104,7.067336513940197e-05,0.0006304708034367477
0.1136881948059029,0.10447414239009412,0.10030964974669011,0.1113052075428799,0.08053970419700088,-0.2029975616303668,-0.14969687804716444,-0.12829236105080655,-0.15487547185925535,-0.19835294026088734,1.7619047619047619,0.00017317591519483728,0.001055847913282929
0.08933522189229076,0.09344787207787343,0.092447763584697,0.09826367611241171,0.07494191233271134,-0.061081149599818835,-0.0012056471316877501,0.022057587085619806,-0.007750473966258327,-0.021818006842244,1.7105263157894737,7.821667630720976e-05,0.0009451623300494519
0.09356234517645862,0.10016729018680469,0.09259287518085571,0.09524650208682293,0.07865149095804795,-0.06324434132046919,-0.010453335628435454,0.006126431691639058,0.012515380684685388,-0.03420742036955811,1.3944954128440368,6.455244937555603e-05,0.000969961913595756
0.0894276654040047,0.10376302669313935,0.10834457134405488,0.10460686400321005,0.08208989775141241,-0.07624110089795745,-0.0281197432308587,0.015386998708408806,0.00818847142081043,-0.028923004500362913,1.896551724137931,0.00012746610297988963,0.00133414768641847
0.10944040156970644,0.1119628144439756,0.09947101671261546,0.10772071015240858,0.08637377205283318,-0.12498791408405055,-0.06596346068513406,-0.0427657536037667,-0.05845266660659215,-0.07918431663027564,1.5339805825242718,0.0001082452256304892,0.0009770403714152193
0.0917218159927853,0.09901838512528921,0.09260147569162473,0.09671402737934799,0.07591390374886446,-0.0169200531656786,-0.027450658755451735,0.017347884190344554,0.023991618119913516,-0.019203556187325412,1.5029940119760479,8.18581559538942e-05,0.0005465683248376606
0.10539203497727012,0.09222896336656757,0.10228705721006096,0.11205965881053946,0.07538267317824016,-0.15726628711792673,-0.10715165725169414,-0.06510057390175794,-0.1122957151351558,-0.10869868999014998,2.1623931623931623,0.00020353482341205448,0.0010662711289797398
0.0954292191224718,0.08972065012762669,0.09906403864300696,0.11025012671832772,0.07526064579483958,-0.13193121441060096,-0.08751650719910337,-0.04855808041547664,-0.07788197720106507,-0.07432453770735908,1.5591397849462365,0.00016530371105513052,0.0009242331398601779
0.1019723952474644,0.09044522810270315,0.08206475653494465,0.07876389366448423,0.11060939053024728,-0.14333761110407275,-0.09675759796532764,-0.07405613413828546,-0.08622985838401787,-0.12770698907411596,1.9107142857142858,0.0001797764357668045,0.0008403126589286077
0.11414173180789505,0.09881094152859107,0.08990874456548077,0.08707101832541525,0.09454508262657466,-0.02989414717394578,-0.003966634273299649,0.03799717832881023,0.018120414441615853,-0.021495536542169413,2.059055118110236,0.00011299027033159163,0.000785867846645068
0.08299393185710471,0.09287526975635772,0.0933337983835094,0.09402794498717387,0.07097521415005183,-0.047108989684602434,0.021883366655844,0.009867605433225866,0.0074168487902828055,-0.01419647994278676,1.853846153846154,9.918602856345912e-05,0.0007385107181523725
0.1214948303233265,0.10483570868412286,0.09985880953642366,0.09871306312379083,0.1059940204307603,-0.0928999210987589,-0.030709230746668037,-0.028099684071612157,-0.05085291358982643,-0.0777926487370651,2.961038961038961,8.302458200462868e-05,0.000820260433322901
0.09122082028027902,0.09585998130900208,0.10003808364496251,0.11102873128367595,0.08127184541699733,-0.07645800068092604,-0.015951414465338522,-0.00176285478268491,-0.010927331128207278,-0.017415079226587284,1.2696078431372548,0.00012047004501992384,0.000881025830400632
0.0957983998872703,0.11279832281863561,0.09617751426099122,0.10502416006695113,0.08448258859072112,-0.041809098745511565,0.003527900464158384,0.0045663034527298986,0.02126543862192744,0.0058424675671027125,2.552941176470588,0.00011388818096002823,0.0005647301985245567
0.09848818543023041,0.08283477338182747,0.09478912662442027,0.10593373661179316,0.06721084798093113,-0.13056131278476793,-0.06966433828177326,-0.04217757652609028,-0.05847177106509653,-0.08074651535386544,1.3227091633466135,0.00022986110062140158,0.001122569036978618
0.07686079686136726,0.09170979789872383,0.08273469975311312,0.09141610569403748,0.06465777524985193,-0.07549053201490259,-0.005383436435588843,-0.020401793356819038,-0.0023502657158438823,-0.03502219659856761,1.9444444444444444,0.00012731835733260298,0.0008828617442564368
0.11521758288840205,0.12462002872296535,0.10985357774642186,0.11801609778346643,0.08656511771855481,-0.10952816634684857,-0.06494945441109785,-0.04883467399209209,-0.06070400793850172,-0.07348948267942752,1.7755102040816326,0.0002126976732740208,0.0005308198913725495
0.11070585969819495,0.11204278183781774,0.09267161184789661,0.09390269451621604,0.08337313651037313,-0.10055563268640344,-0.0650659150628678,-0.046152092211081415,-0.08075297342761478,-0.10553695744735372,2.139130434782609,0.00015407739656403828,0.0006107987507009093
0.1027196760191696,0.06824899311830844,0.07396880053537316,0.08265634331563516,0.06674143767881485,-0.12649117658005984,-0.0865049517178751,-0.04592195547676873,-0.06029934992905939,-0.0660747593459002,1.2242424242424241,0.00021676824144162892,0.000975955259653024
0.12644497419495085,0.10189884603178317,0.09684151401202402,0.11131977273105675,0.0862292548488364,-0.23214026843859362,-0.1717917457562989,-0.14235842808319032,-0.1516832589802575,-0.15699782028209272,1.8415841584158417,0.0002318296863502696,0.0012820740715558823
0.0989475159987498,0.11252000678921258,0.10223054458197678,0.11034484126531205,0.0878829006741252,-0.07341282613164775,-0.04149494346749661,-0.026433498329084825,-0.03072679231527135,-0.03985005545132264,2.3366336633663365,9.705711826197483e-05,0.00034007708536260706
0.09649830249815501,0.10436493647444996,0.09941144142825496,0.10982197413065947,0.08109689362983026,-0.1452051339613671,-0.09762374482844983,-0.04304220921381779,-0.08802845631762916,-0.10379491241777554,1.7545454545454546,0.00011748721112019692,0.001337888105678038
0.10841182863761054,0.0960499341031071,0.08831001286065197,0.10296084219616715,0.08215994463247445,-0.08261754412041189,-0.014171865132438916,-0.010678299817853247,0.003398238011693784,-0.032410774356281515,1.6,0.00011307602094530853,0.0011192903207636173
0.10106814581195925,0.10776598185599347,0.10516772935803097,0.11973604835731197,0.07804617973828423,-0.12153360990347162,-0.07003640773953404,-0.029197205021599424,-0.053322321053594315,-0.07622589304565984,1.437125748502994,0.0002329664331991078,0.0011593672931102645
0.1039817464951536,0.09226127765425418,0.09274293682625358,0.08370805724298311,0.08425532317931238,-0.028072980147512236,0.014171183463886978,0.024544465372315725,0.01704774674411292,-0.02461139311057619,1.763157894736842,6.776437509395973e-05,0.0006214489249362851
0.08826028040186583,0.10107048577785273,0.08354711187516041,0.09122998862712722,0.08327550483890007,-0.053327002224142744,0.04178375226428337,0.01626798899200645,0.017565154755215192,-0.013789234407257829,0.5166666666666667,5.31461007661163e-05,0.0013346309976186063
0.08378437586010022,0.08353379809095468,0.09166276400064098,0.10329841622168764,0.07807744965195532,-0.03320907215434554,-0.023438856459137593,-0.006200049743896023,-0.022195214600401834,-0.04527047256138114,0.9885057471264368,9.590184225329483e-05,0.00020909400879300251
0.11371787140962004,0.08176098851362076,0.09445522911341747,0.10928992354814158,0.07683165503929244,-0.21611169048805404,-0.13885021644699413,-0.10427409388022275,-0.13494472310663302,-0.15846785202033375,1.5307262569832403,0.0002649986743397271,0.0017207236680529194
0.11581908912385551,0.10682035286092101,0.09208778998529579,0.10485029437341999,0.08344905503453055,-0.21795228038765055,-0.13430169427373345,-0.09448700926801655,-0.12230869551706527,-0.16965951667553242,1.5677419354838709,0.0001637477392410029,0.002268362460501582
0.08979702120827629,0.11020108547844547,0.10200052379925233,0.1074483490228064,0.08552479589844351,-0.11982985393624132,-0.07864273867236707,-0.05593015133015474,-0.03727502172286853,-0.09136107875872285,2.2242990654205608,0.00011802946126761725,0.0010161446893767324
0.11723436288869582,0.11340485615272747,0.10255718710519192,0.09857878337747544,0.0946404142907166,-0.06436351595292514,-0.028869285667827527,0.018915440272243254,0.00037070640240254065,-0.013212627311889252,1.326086956521739,9.361020730716355e-05,0.0009973136421149347
0.08857980775877541,0.10020832215890739,0.08393464608430733,0.0863813068251147,0.0757655289772688,-0.04637009661093336,0.006005142347753125,0.025043165232169866,-0.002309247688339562,-0.02522115494802157,1.1398963730569949,7.823617040638703e-05,0.0007718962337071545
0.09341604386691496,0.09884301820535564,0.09186167038190457,0.10800909515087567,0.07612391657676068,-0.10489670604650318,-0.039361762373652125,-3.836813615131874e-05,-0.03918797529370015,-0.03137220945343475,1.5913043478260869,0.0001358918768206966,0.0014599684404031387
0.12608878488004052,0.09248538176516141,0.09280800437337076,0.09299852096971646,0.08557642239184089,-0.15603244730749175,-0.07464385590468058,-0.08173876834911029,-0.10910863498425702,-0.12536837033907464,1.4722222222222223,0.0002564268435352961,0.0011006974615208136
0.07851853624038571,0.08117427593725175,0.09083628106488423,0.09640553048500439,0.06568417804609533,-0.08770656225851141,-0.014123309965462042,0.001099383636284303,-0.024150620823842117,-0.03448703781151702,2.0583941605839415,0.00014080900080873612,0.0011465211463237374
0.09136376332050687,0.0973290349236276,0.09676183917307105,0.10442515008304162,0.08187211177848369,-0.06063878912068124,-0.02705105539459455,-0.004397655565124066,-0.01029729505852966,-0.012251206020943334,1.251937984496124,7.020389243048005e-05,0.0005140013751395207
0.12109511325350282,0.09046900120615706,0.09320459709628877,0.10928762132743182,0.07872411262883111,-0.17587597437402905,-0.11860100073641543,-0.09216987080102262,-0.1302486607272368,-0.1404090051091688,1.7552447552447552,0.0002776300354405285,0.0009408497313335255
0.10638166634029267,0.10001392802711534,0.09162054598809978,0.08856331345078315,0.07914801405061926,-0.15198516181751529,-0.08640420227622318,-0.08486740543014067,-0.09216622994931377,-0.09486934614349862,1.4057971014492754,0.00011040573354117477,0.0007957008174746038
0.11077185442042324,0.09362869020785414,0.10724880645136906,0.12346126392292059,0.08388812964238095,-0.13489841260994037,-0.09711723769214671,-0.047331223952517085,-0.07187178265641601,-0.1099197816106874,1.2663934426229508,0.0002367511106891415,0.0011469409943956363
0.10255475415126075,0.10182498084046782,0.0940931007469136,0.09818080069829777,0.07809721026156759,-0.021898442235744747,0.028816811085320426,0.054005203324334894,0.03484821329886621,0.004517105877280265,2.083743842364532,0.00010007162964110293,0.0008624355573917937
0.11717001567195146,0.10571239189336455,0.10210730118683128,0.09513513030968762,0.09049387786625389,-0.0647955898104234,-0.0008041406137550275,-0.010238003647687849,-0.033665910601998694,-0.02909443505548889,1.197674418604651,0.00010584086572402451,0.0006104814916560919
0.09935988549643837,0.11681621236843227,0.09763822686658442,0.1080590562122953,0.08342562458121246,-0.12683045683623412,-0.0830828940156199,-0.05820027146918211,-0.07842615317572182,-0.10210496959608721,1.789855072463768,0.0001557037832441838,0.0006739171291649852
0.09424454799575405,0.09334919706053225,0.08890886525220111,0.10593301477906394,0.07931064810076685,-0.11824294951486383,-0.01422027062643283,-0.04443687106832147,-0.07449068627697979,-0.05887334326168245,1.1818181818181819,9.273802522224513e-05,0.0014801036702722166
0.08995236491565865,0.08589538410620255,0.0836809778536624,0.10509065823220683,0.07407860941230052,-0.10607699842055146,-0.02853092906777412,0.0013430478625885917,-0.03136036339477858,-0.042503223525668835,1.3768115942028984,0.0001281129400440718,0.0015694258391290023
0.1059684676819441,0.11245642213824524,0.10100650212801475,0.11197253969523183,0.086798856049342,-0.10094541947734544,-0.058673657637946346,-0.029713373013600164,-0.04049867885347822,-0.06869622641246849,2.3146067415730336,0.00011078542947312554,0.0007627646195751375
0.11061757962789585,0.09640596401520381,0.08211102043943343,0.08395511268963277,0.08248867128597312,-0.11046583883376286,-0.05765057973434724,-0.01942850108061654,-0.05804280805900167,-0.10936017345994634,1.2325581395348837,0.0001537735228543511,0.001508692536272228
0.11773134916494078,0.09691190901726185,0.08158750182959183,0.08051723215922042,0.08715350678211346,-0.1760728969960174,-0.11331564323551395,-0.07328348263635412,-0.0911264725839121,-0.09974521528971526,1.9572649572649572,0.00023673685329267998,0.0015458957310606626
0.10305486878680502,0.09375448555460178,0.09332606286428881,0.10049160825111449,0.07517950190496281,-0.02377703192989594,0.006982732840374235,0.025016804408427542,0.021970121603266172,0.006439133104278682,1.34,0.00011883505025744249,0.00037392945449866944
0.10119266869980743,0.10779462691984978,0.10523514809367401,0.11982497909596022,0.0779717979288,-0.12201664409150581,-0.06996618362337242,-0.0291009675934385,-0.053640656878953155,-0.0765840120932789,1.4457831325301205,0.000234741148056133,0.0011722745411811434
0.1045170632380796,0.11641802697926425,0.09823939835652501,0.11555439229631706,0.09359253795876625,-0.1723239357578245,-0.11024077699037883,-0.07144530251026217,-0.08585154203278958,-0.09899556535952866,1.685897435897436,0.00010390733123906483,0.001512552125314082
0.0846638236789259,0.09444095860465514,0.08678992776109555,0.0972427873145917,0.06928791633291133,-0.06569869230620284,-0.01451624901029862,0.02459339708344505,0.004596876446423426,-0.03401368739243157,1.6477987421383649,0.0001195441539938809,0.0012159081672399271
0.09062216280229475,0.10443792907056203,0.0961964678289149,0.11132311082241059,0.07423052033488911,-0.09026701513023654,-0.02811455553502558,-0.016886301141868003,-0.0399681265379551,-0.0497910513017828,2.414814814814815,0.00020170784330677478,0.0007932186834610497
0.08759752030446155,0.08824855453307563,0.08391833734451083,0.08749348095884057,0.06940961893742668,-0.05652303081813924,-0.020457239278005305,0.002727789982494902,-0.012856548541439415,-0.02162299444950575,1.4143646408839778,6.346539259051925e-05,0.0004722766624031492
0.11167388969873762,0.09343327375933377,0.08590831508450213,0.09289256424266178,0.0887816384108194,-0.11384137170241984,-0.09445343574014214,-0.0222376569165937,-0.06855916437582078,-0.10710344153444304,1.4341317365269461,0.000101293438782871,0.0013871105013856869
0.09343233276563485,0.10428963782421635,0.1030462225523419,0.11307217747570024,0.08200637454441208,-0.041570798736283464,-0.001619933801703956,0.017601573558383085,0.0047823929510337655,0.012845206601908911,1.4534883720930232,0.0001405042983113793,0.0005539410535271573
0.11588628905188195,0.10705771088163536,0.09199043014315468,0.09865628812407069,0.08541045993934047,-0.12021275568028301,-0.07775062911717748,-0.06648795128623217,-0.08870644078680089,-0.09270009240967007,1.4025157232704402,0.00014519984594647917,0.00040530161815469334
0.11478923630329917,0.11369723602175885,0.11237106608163794,0.11414708490466195,0.0927350016951189,-0.14904364233417905,-0.09232841407456667,-0.07655287442306402,-0.09241423131051033,-0.11439134038621154,1.8770053475935828,8.912122839616924e-05,0.0007890586988735737
0.11497890366718087,0.10424693083184004,0.09994731794686497,0.10594856157612349,0.07776411854638617,-0.11173783445162598,-0.06947702906219282,-0.02691449664830764,-0.04824506813581342,-0.08221072279326903,2.0588235294117645,0.0001926402387203447,0.001048749994702294
0.12235206874059285,0.133963512563224,0.10190226374302605,0.10013063187085157,0.09608322321393929,-0.24629214757185575,-0.18258275793350334,-0.12181598087331429,-0.15172244805531424,-0.21571617045361594,1.7395833333333333,0.0002698874947994951,0.002449057134082131
0.10127716003209497,0.10235220905112502,0.09339468151796435,0.09323323807662162,0.0729924022792783,-0.09848233382110866,-0.05384256751904287,-0.03490860093415206,-0.030571842076716222,-0.06901567313032829,1.5783132530120483,0.00013896915400973733,0.0007652360057159228
0.09535993791729784,0.11142024943866786,0.08532924857207576,0.083967545259875,0.0776133233751872,-0.039189776538989515,0.0026101633072989306,0.03873093317209531,-0.018076573079003424,-0.06968883947192689,0.7962466487935657,0.00017411713445978554,0.0016900197481419577
0.10380885072635114,0.10767622335174927,0.10137998812366122,0.10261741087143457,0.09006758338243474,-0.10430911801675864,-0.08049604269218556,-0.009146256674849985,-0.056206704537390205,-0.0632098217020817,1.9202898550724639,4.366980755641615e-05,0.0012396101445315063
0.09316502308857161,0.0912873730630312,0.09528407598276677,0.103600529587054,0.0808578301494162,-0.030242758168321338,-0.011194161650452544,0.02034206615435355,-0.015064387699646393,-0.027245366609297494,1.0804597701149425,6.696279595080884e-05,0.0004047375620253014
0.10297148850368192,0.10457059816270206,0.10518227626099436,0.10597865183611217,0.08174173442829934,-0.044784901413274014,0.004263559192862958,0.022890169303852903,0.007933340719321861,-0.03270799853740805,1.5902777777777777,0.00010641126945828814,0.0008302313373949112
0.1073086367606142,0.1066221903287107,0.10287897287172816,0.10758059601145707,0.0861679356346285,-0.09444608842374388,-0.02891182361463528,-0.006867145769034851,-0.01517602712746159,-0.027301002841429018,1.1711711711711712,8.301345701896393e-05,0.001203392296336221
0.11511529296516453,0.1045866838129188,0.09032353437014119,0.09034850278074888,0.07669132884308383,-0.07464460003892603,-0.018349541756754472,-0.011282831156335119,-0.047726199082434084,-0.04472746409686275,1.5206185567010309,0.00021859739653752618,0.0006433929403556462
0.10499581005656229,0.10983989142089413,0.09657460927074352,0.11201380276397607,0.0866111489170847,-0.13290836280661894,-0.1055769277286067,-0.06205530031278514,-0.05915399200712313,-0.10311674530857655,1.6168831168831168,0.00010924159367792154,0.0009888434268845838
0.09861123846025807,0.09930543799522772,0.10958806925520843,0.11178948828554183,0.08344790757642175,-0.022280335763079258,-0.005876330599629657,0.021745102944056013,0.021458590791471138,-0.006037678462069658,1.4303030303030304,0.0001264505191470295,0.0003711212828718286
0.12587242686954125,0.11983557327925523,0.10759965677279015,0.11921033620055355,0.08639983782285579,-0.1602746846204681,-0.13220594611190664,-0.11324871745708799,-0.09307028667603032,-0.11970298090016643,2.8205128205128207,0.0002450816225077441,0.0006183608699404241
0.13942160469290704,0.10599903013757993,0.09125427158067474,0.09213024716260235,0.09291754848518678,-0.11295665241693283,-0.1022991395658266,-0.07626298358867638,-0.07282313845134664,-0.08409127604338805,2.1485943775100402,0.0004210645042432588,0.00029911223922995516
0.10348424430056885,0.0921764538065673,0.09477436176658122,0.10138358908132383,0.075627016736907,-0.08977816827927433,-0.05885054066892905,-0.022197403260451814,-0.05896459369615051,-0.0583598480473874,1.438423645320197,0.00012116370594357009,0.0005731942933472994
0.1191408374199463,0.10736124922992331,0.09596945709510867,0.09613935246680501,0.08580487686466345,-0.13709929562141993,-0.10738668910480977,-0.09472045736371879,-0.08799902183478048,-0.128886707958886,1.4071428571428573,0.00016232780832510748,0.0004519983765711941
0.10484800303255551,0.11350885373192816,0.1073802854552192,0.12354744651208947,0.08434747369198553,-0.18319748141366518,-0.1093705394969617,-0.10046915408297298,-0.0867673750674276,-0.13828218483496804,1.5302013422818792,0.00020843039211055958,0.0014653951690650556
0.1191458674438307,0.10615559654401985,0.09214541754053852,0.0988470681889852,0.09612093138574349,-0.18438309624262775,-0.13358377945715574,-0.12219557327900026,-0.1449907820765279,-0.13744379671287588,1.2242424242424241,0.00011292516127900372,0.0005643354192973682
0.11476328506794597,0.12519636407783305,0.09012933679006552,0.09820966767398366,0.08516746791357402,-0.17441920418921122,-0.1182142778382267,-0.10754362279754755,-0.10798821259174746,-0.14172932392816837,1.955,0.0002842958382749836,0.000809587857341237
0.15757385804751323,0.11499756248281556,0.10824322785006371,0.11749898879150011,0.09658378868903132,-0.19519182004547686,-0.18712792648312904,-0.12603146007423016,-0.1564172343672412,-0.18514716421943103,2.721311475409836,0.0005311019094323881,0.0008187882119118093
0.09459181123550008,0.10441835121421209,0.09748237188322295,0.10634553731860402,0.08574677678164701,-0.13143395024620455,-0.0791909199497528,-0.04892885899489192,-0.05088325059451002,-0.08673683680185532,1.4595375722543353,6.811696585357638e-05,0.0011257735638291137
0.10229776215257709,0.10458255803857953,0.09934445752297176,0.10718410402295303,0.08596652576668741,-0.11935886948961982,-0.05289334812918101,-0.009737572694410779,-0.041542193132430606,-0.06529070027615572,0.8503649635036497,6.879525288458565e-05,0.0016109967876210974
0.09559751571714742,0.1058912429554538,0.12289016081134638,0.1356024498155631,0.08845894297838623,-0.06751852528467443,-0.050608307811319746,0.005375092633949589,-0.0219221725542797,-0.03147245589133692,1.2295081967213115,0.0003773714331800102,0.0007747544115144197
0.09838408464580213,0.10050945612772832,0.08865689557471415,0.09234129279135243,0.08835436925373112,-0.07861700569568365,-0.0254065972631819,0.008347110153789309,-0.031336215788116725,-0.07899340414820856,1.3481012658227849,3.1037801029486436e-05,0.0014075039096112978
0.0872340161800979,0.09082007594398804,0.08986502255790405,0.08506228304220126,0.07521536885074374,-0.04653471456638388,0.0005733907937823078,0.010696708544619956,-0.007233599361080924,-0.04121183396336108,1.475177304964539,3.9057894843265014e-05,0.000657373445769052
0.14044275804318637,0.11668917697728387,0.10440637809828782,0.10559654372803971,0.10326023028967993,-0.21797928477592757,-0.17256487735497758,-0.1506311700498061,-0.1622035031322472,-0.18445434613213185,2.4174757281553396,0.0002461045547287595,0.000666796374740022
0.10024094144852798,0.11591650486976783,0.1057461772454532,0.13690399796960573,0.0958789684521357,-0.0933859621130412,-0.027219903899778703,0.0493543548859404,-0.014019133503006051,-0.031236985134645637,1.5555555555555556,0.00026679376882451347,0.0025887983050265667
0.10140989511527836,0.09806879195180551,0.09882589634802705,0.09967039990476939,0.08192646203837164,-0.06431670845132612,-0.022530712908937166,-0.002200631089615609,-0.019371784270557958,-0.036921589445883925,1.5567765567765568,6.326672977070101e-05,0.000540689637103461
0.08228926461033109,0.0928140369941675,0.10018898548747585,0.10475618971010818,0.07009501090630635,-0.05352391397077192,0.0076900534065477985,0.017059684516682855,-0.00618157665085791,-0.034596468626754535,1.342281879194631,0.00019628481938857578,0.0008706510892586771
0.08785415917691976,0.1036182608533358,0.09387280013757493,0.10476551716789567,0.07973981920588018,-0.0826802323578352,-0.04018963447139086,-0.0020899214496500292,-0.018176455187744987,-0.04150082423991962,2.4014084507042255,0.00011238578264356034,0.0009225319737215493
0.12018747895581733,0.10279916152550274,0.10009002112431287,0.10309076730944494,0.08801323684117845,-0.11750211010660677,-0.07612779816487901,-0.0251927616405212,-0.042272980030531655,-0.05839039185684754,0.7701612903225806,0.0001320986982422319,0.0012547598232359807
0.10980796107837444,0.09680209688821509,0.08588615762999635,0.08760824399274689,0.07854604393609954,-0.14513649237701054,-0.08838561563727226,-0.06843221630966102,-0.08994196052143928,-0.12267843756538746,1.515923566878981,0.00014437372681689738,0.000935428254308599
0.09715896596460033,0.11730349464371415,0.09077150454303208,0.09653505997233044,0.07651992134787401,-0.055671876777478604,-0.0008724573794817825,-0.006394702531639224,-0.01852059877720155,-0.019547985755883686,2.2388059701492535,0.0002154233658792387,0.00045640992086989153
0.1292950518023779,0.1155474951538249,0.11096949853533845,0.09765654676755844,0.10082982870964953,-0.07596476831340228,-0.0467292679799202,-0.007328832365441265,-0.018264949844251272,-0.06078573451433108,2.6363636363636362,0.0001591928121447761,0.0008235365234222927
0.11727258545109154,0.11177708058342276,0.10906627439468494,0.11606883928807332,0.08602837686169529,-0.16783096429222033,-0.1209963939367938,-0.07979132407728817,-0.10453544811005626,-0.08096920716358239,1.1136363636363635,0.0001623083558523089,0.0013117882722734752
0.12318075928130245,0.11861259750363246,0.11033475023438379,0.1167378004951651,0.0926647417193042,-0.12376806753984419,-0.10277766455119644,-0.07676150180468877,-0.07620286254311114,-0.1008477433807528,1.440251572327044,0.00014183481738279632,0.0004006309454955436
0.08778564929543814,0.09011684900166039,0.08205550703471384,0.08496672448024584,0.06711111530093256,-0.11129468947457728,-0.06981700790841928,-0.03064992767208495,-0.04606795546742699,-0.06938379086642392,0.9414225941422594,8.225286629386471e-05,0.0009307473594082766
0.08948945599720312,0.10411911198370528,0.09955513112104832,0.10256896642766086,0.07846733872050594,-0.08177290337428074,-0.01351893171841583,0.004737742299437985,-0.01581448645003411,-0.06601410458779809,1.5118483412322274,0.000116190915308409,0.0013892043731019057
0.09915166270998613,0.09671856608270801,0.09031101383260562,0.09462615517578513,0.0729619599891766,-0.09877591974589331,-0.017474339860744294,-0.031033425031069102,-0.01986311481360303,-0.04400303560037749,1.3005181347150259,0.00010946082441494973,0.0011097670620126149
0.08504994493204969,0.10049762028937675,0.0856664239071529,0.09423025302889984,0.0704795541765594,-0.05405685906321282,-0.007356418249101731,0.024338329796105798,0.021186100650450342,-0.01643026848266519,1.3194444444444444,0.00012819947564336037,0.0010196286845755786
0.08942925043612462,0.10129406117625495,0.09144598706420067,0.103770089409897,0.07460948455113013,-0.060095703054068514,-0.019523818127610778,0.009713765978463547,-0.0032900045401960645,-0.019567926865297906,1.7002881844380404,0.00013355000921526404,0.0006899344575898837
0.08937167937539248,0.09569681982530912,0.09775243959927807,0.10430005768098641,0.07638313912111426,-0.08785129672519981,-0.03154561386997646,0.0029152225624130474,-0.016468886007869114,-0.032143783995149014,1.2608695652173914,0.00011159676921809736,0.0011436730645346972
0.11580512547213695,0.10790126576966588,0.10837022440959149,0.10412595849443287,0.09196373723098553,-0.03558697720710855,0.01363463231419415,0.024273235704438047,0.005450843165823807,0.004353596834574922,2.0040650406504064,7.630737052378105e-05,0.0005151967209506138
0.1048238166835112,0.10306900607706594,0.1112249008174456,0.11664899326392028,0.09446815815682898,-0.09519880451260902,-0.051586554379189346,-0.004879606424689218,-0.033931768574900094,-0.03462704051641719,0.8246445497630331,7.091178042508165e-05,0.0010996225557172762
0.1226244964547012,0.08643161477323388,0.0871746508036539,0.08468642211667021,0.10462496373755675,-0.1144343822953388,-0.05920679526644761,0.0048371354002251805,-0.081316994692886,-0.11775721271879358,1.089820359281437,0.0002686371397775817,0.0025091009518216564
0.10579720554645904,0.10597060729370367,0.09549340782325419,0.11149705105916083,0.08093731884167751,-0.05876888744801563,-0.027337437607155332,-0.0006436689754696734,-0.01930164225975858,-0.03479384177495332,2.3684210526315788,0.0001462786449077324,0.0004543017544113166
0.10711733940707677,0.0949885622501701,0.08245744198814868,0.09190033234261069,0.0840451582292642,-0.11294580068083762,-0.085655213471762,-0.04844358460445767,-0.06491197711854704,-0.07516963115875211,1.0766283524904214,9.794088181717131e-05,0.0005827621407694989
0.09777449162316976,0.0984902845450313,0.09283963789306822,0.11090955166644181,0.08100313050714375,-0.09685242365885124,-0.08627202683177441,-0.01355679417438804,-0.03732141058758812,-0.060611251820073084,1.710144927536232,0.00011658303870318019,0.0011785454844652592
0.1357424381314629,0.11205503071696064,0.09588996993281752,0.11017546808001603,0.1010605208195026,-0.2480026963361562,-0.2175762525826271,-0.1624403267514113,-0.15120324745113392,-0.16661140704232674,1.6846153846153846,0.00023527156743418916,0.0017332602849088954
0.10063863635499122,0.10097751423360536,0.09991981425587414,0.10219278453353596,0.08639699745288858,-0.04377032184107509,0.004885569343123737,0.02640320577370837,0.007191942163773729,-0.007050875826464583,1.6881720430107527,4.2929906850524485e-05,0.0006769551319444455
0.10770381263253832,0.08583966889624153,0.07030291941407794,0.08048842427394984,0.10220574871388735,-0.13872126212119423,-0.046082708010498644,-0.06595593103905055,-0.09902287173006882,-0.16560821337982234,1.4608695652173913,0.0002389412922355958,0.0024558562744918305
0.1008164449844241,0.0994674547511185,0.0925733246638882,0.10027930714324104,0.08202221731074616,-0.09719460428921842,-0.07139804778542432,-0.05667159588247991,-0.058967309176103204,-0.0699557275915119,1.5405405405405406,6.399170614987426e-05,0.0002593407381415197
0.10315165414480242,0.0990844080379458,0.09844054964225689,0.10365131083673242,0.0762610833014268,-0.04066990958586416,-0.0026826855892202054,0.018805141892431217,-0.0062540828709778205,-0.022294403360604727,1.9155844155844155,0.00012867850421407922,0.0004967974811174933
0.12472500811457131,0.12030983858328086,0.08726257209463302,0.09159037100832654,0.09291430219685655,-0.05831855509825555,-0.05231577326414013,-0.00042803213310631765,-0.02794936192820804,-0.0815461239035181,1.7625899280575539,0.0003126311383061018,0.0009599904132652536
0.09108139784135703,0.09656449660535738,0.0912184452385069,0.09242044919800094,0.08452090005250278,-0.052303921658662364,-0.006247707731011115,0.023004718195234423,-0.0241887245388345,-0.08252058709533251,1.055944055944056,1.8721137880841943e-05,0.001662831558672836
0.10815997088705875,0.1053738307016581,0.10186536582874736,0.11303042719068315,0.0836485446935615,-0.07628312952178452,-0.03248197116284362,-0.025355117989816975,-0.009663925820143738,-0.020507321903136012,2.295238095238095,0.00012673215114366036,0.0006581702090529573
0.09271878243473823,0.10237513469752729,0.09110909844772136,0.09894573903228,0.07343441802805914,-0.1251546621577073,-0.08060128737865942,-0.018050723518733994,-0.05462010630034032,-0.08817494161721405,1.7355371900826446,0.00012536910461603617,0.0015912243959734906
0.12968312832056833,0.09120646375102943,0.10088825979126885,0.11452504684339863,0.08706467437828563,-0.20029487974733076,-0.12313020231967191,-0.09229637629929048,-0.13088005233195693,-0.1416152218958994,1.7802197802197801,0.00030707358312110234,0.0015634279051971141
0.12241999547563616,0.11133870902094613,0.09633533668322161,0.0993406351140271,0.08819837384741515,-0.011821333711230512,0.0032401449585723516,0.035657752978946945,0.029458503789924255,-0.0008678344649653418,1.5769230769230769,0.00018054513176401517,0.0004176265553805421
0.11508887363209382,0.10664201224627261,0.10152129135635382,0.11336306972250526,0.08533824352003902,-0.06251637476218004,-0.044568926713285086,-0.02490490429441249,-0.028709923511705777,-0.0417289331994891,2.3051948051948052,0.00014281308705374848,0.00022124977657889843
0.09639573777798938,0.10767649879669172,0.09476169013426933,0.10761425922830689,0.08268087455327079,-0.07852004121694661,-0.029906225842889274,-8.089542949230473e-05,-0.021987830205232217,-0.031305751380576965,2.35195530726257,0.00010841320371542854,0.000821851087732601
0.09870865902139242,0.10185881495419112,0.10443357167883821,0.11253630099395763,0.086373576778774,-0.07910938340059051,-0.041207349810274865,0.01102088851476112,0.004155875036151177,-0.03796419487405088,1.781021897810219,9.113962509820272e-05,0.0013601478031046849
0.13661449673667128,0.12070858976807276,0.10149355616443828,0.1033594388944771,0.09139242372055585,-0.18856444260522823,-0.20468493988862235,-0.13752752695030546,-0.16040510692584495,-0.17162312409635308,1.393103448275862,0.0003207892547233866,0.000666011817686829
0.08617225106093558,0.09440831025337644,0.09999893649791669,0.1039987710618862,0.08029379388518469,-0.04712839129962555,-0.02987462000348523,0.010544839320971337,0.0014148806301760898,-0.020225050620149832,1.9878787878787878,9.500099264074359e-05,0.0005454220885997468
0.10447829816061113,0.1054805853135368,0.09320495737128741,0.09327509194347573,0.07582320505263038,-0.04301790115938857,-0.00712398537610273,0.027310767595092378,0.00025156004669019236,-0.027122852552588967,2.007751937984496,0.00014303214424796063,0.0007222038716905394
0.11339050857190698,0.13350341107637878,0.10507194232986355,0.11744281748663778,0.09505033108888213,-0.1380955307964039,-0.10563377828371419,-0.09636344928654525,-0.09784108101811932,-0.09704247032935139,1.9615384615384615,0.00020631679211370797,0.0003162432225451556
0.10914838004836633,0.1022482845317485,0.09638954671425841,0.10480804205926121,0.08057501360121663,-0.14945025261698253,-0.09675610962116617,-0.07535447688696037,-0.08195677373300002,-0.09400018444886077,1.5146198830409356,0.00012322464900582365,0.0008558939132291604
0.10097310288671933,0.09331739278640605,0.09127671926026167,0.10705639181209664,0.07764397172068913,-0.13644722576572615,-0.07636107296237629,-0.03517779677406629,-0.06457461042100135,-0.06531832434182377,1.3571428571428572,0.00012362027076043579,0.0013910469430128156
0.12425793648426331,0.1029162276121194,0.10870654253914055,0.10778923616301599,0.08554054710517262,-0.1610206620521952,-0.10707358571239879,-0.0635511804120169,-0.10069544878540536,-0.1217268821005445,1.117283950617284,0.00019296329572102556,0.0012474874505727165
0.11366873111529087,0.09700786718277976,0.10108585147485238,0.09873587523681118,0.09356027689683231,-0.04354497763496836,0.007407485539661427,0.010143528717823985,-0.022190462931436616,-0.010770768850801924,3.3168316831683167,5.918493442465698e-05,0.0004918025483960514
0.09499691211662493,0.10528892561167029,0.09743631466586683,0.1061918374235096,0.08576963945442595,-0.13003117576699086,-0.07894682370690825,-0.04945715831474255,-0.05013077479668412,-0.08822962988493578,1.4714285714285715,6.978315398102654e-05,0.0010987341613638982
0.1209910847179374,0.13143597684176195,0.09125843768867295,0.10267193837445616,0.09666207651801245,-0.10644762599006015,-0.028171039917376205,-0.02697715028687092,-0.042061327169902255,-0.09840790468398405,1.3766233766233766,0.0002883516144349813,0.001514270875915175
0.0990093030555727,0.10490410278781756,0.09787858262065913,0.11987853201589235,0.0851506542972182,-0.07608988787076944,-0.03499005643531131,-0.009990567762365753,-0.05565686360742758,-0.08033721723741347,1.2679738562091503,0.00015897138353150402,0.0008622751209698172
0.10782735464409694,0.10165161625008186,0.10437141475146655,0.10571038764570545,0.08354588146898882,-0.05528102576245032,-0.005845592346366452,0.006750288963476305,-0.023684939526931504,-0.014895304200756047,2.0881226053639845,9.613021670703563e-05,0.0005475976799716934
0.09872563050511972,0.10791618317471904,0.08578495801109143,0.10181978338388059,0.08110717802143766,-0.08188606844197158,-0.030820492064612303,0.0016599370622567867,-0.03562080981302083,-0.06278074326367714,2.1605839416058394,0.00012628000795783108,0.0010236356034793463
0.09464291871751197,0.09628022251863373,0.08684867740189449,0.09199829156159678,0.07903948441145278,-0.03991049294225594,-0.005184365415236401,0.04005506838610509,-0.028628866876192805,-0.035392547431255195,0.9069767441860465,4.8692845338063465e-05,0.001085622010016983
0.13013337637032668,0.12151095472110646,0.09571904632934514,0.09300873142358415,0.08809547293547662,-0.014584090390080516,0.012737976803457222,0.021945953887205293,0.016949303940522947,-0.0012014374689964355,2.5,0.00035439576681968313,0.00022207184436677868
0.11323316930128144,0.1094525495234083,0.09152861241624898,0.0957639454967826,0.07937271294130954,-0.056080363206720475,-0.030760955392265966,0.033850448521254045,-0.010028416768188676,-0.035307485915947026,2.382608695652174,0.0001892451787089052,0.001162663308840303
0.11141327249709713,0.12577625387157437,0.1021543394742073,0.11341114216810541,0.09943072987532968,-0.13067217972628822,-0.12453783584145484,-0.09472640163824383,-0.07215659640770927,-0.10503025612989066,1.5793650793650793,0.00010870794657378508,0.0005560307711609614
0.09201230465917522,0.10345876760557178,0.10041969786635636,0.10602161750668365,0.08603627433792609,-0.11871086743644518,-0.05344246044185327,0.017306604789358374,-0.030915743473593847,-0.032949113743061614,1.3355704697986577,6.953526465838668e-05,0.0024305903534878586
0.09884991711124533,0.10487360661985963,0.09080930666298584,0.09220426488065676,0.07606559478782397,-0.03899715095766418,0.01922322037492625,0.012843280091180987,-0.014121068391602059,-0.05162473537213148,1.7258883248730965,0.00011661121043664,0.0009658510755092486
0.11530003655289915,0.09025927351503209,0.08516666293098474,0.08635818813073926,0.08089041293099825,-0.09085678754905267,-0.04977499801168582,-0.01535025632883291,-0.06474551175526813,-0.10068154221986052,1.462809917355372,0.00018676220588134757,0.0011590323738665561
0.09939419662294956,0.0920758952894813,0.07906795116748021,0.08134101420724787,0.08073751180940394,-0.011204015055516168,-0.013393451500267084,0.044378775181939945,-0.0020643964793272828,-0.022829768730460963,1.047945205479452,7.810123789130624e-05,0.0006986554989311609
0.09563108668362878,0.10111875516615189,0.10709724983180882,0.10724256562100486,0.08242771821168335,-0.06004137568489688,-0.02210206907117285,0.015064205921274408,-0.029068789851825972,-0.023562393214166352,1.990521327014218,0.00010588623296021421,0.0007136156116240196
0.10317772766097351,0.11752384917829832,0.10706924037180975,0.1276855804758125,0.08653387021196958,-0.056946950091811874,-0.0469096444787681,0.036583548690289645,-0.036779447392930736,-0.03273134736793092,2.6444444444444444,0.00024058722516314752,0.0013659827358998074
0.09347926805497217,0.10156031277946082,0.09011971103716407,0.08565728352596509,0.06988454542114121,-0.0891656320996717,-0.03511235757320157,-0.0008018365638206756,-0.061922393091998734,-0.05308090538094523,0.6428571428571429,0.0001379893342430121,0.001077003618047403
0.11072258863117747,0.10584186774601347,0.09722966803652684,0.10113278938326623,0.09541954382212618,-0.10750363426522183,-0.020877767828061437,-0.026585635265553666,-0.02766890314584439,-0.051218569405833206,0.5963718820861678,3.940750460866606e-05,0.0012877580660907372
0.12333153670158965,0.09523611610143624,0.08100318751966244,0.09119764983130199,0.08202867071724114,-0.15049484344969796,-0.07725894640529903,-0.06292813213827739,-0.10305246257291231,-0.11333348521783357,1.4180064308681672,0.00029509630810458016,0.0011545791298800084
0.1088638509823486,0.09605510235993427,0.09658562737707724,0.0931823906782413,0.08288320135884149,-0.0887141077397593,-0.0465845794682657,-0.013915487845558645,-0.05741750654988271,-0.09454694796622046,0.8217391304347826,8.615829364674417e-05,0.0010820347011286926
0.09018074389070278,0.10173547247828062,0.08685152085770695,0.09948956584465242,0.07348137974913944,-0.13913724493895738,-0.0686860830558469,-0.06468089682035093,-0.0658732263774951,-0.1037954884720819,2.5342465753424657,0.0001274947437185122,0.0010674932536079058
0.11102998904140973,0.12428700455021814,0.0977616426231174,0.12555382295228015,0.08925179877748289,-0.07228241458719212,-0.04372985602574532,-0.02548841798781109,-0.017184884682234496,-0.04238372287351665,2.888888888888889,0.00025661768930988424,0.0004481587682238079
0.12884808515206095,0.08387158798232919,0.09770445807466518,0.11311095629796565,0.07973366442165038,-0.2335702735277036,-0.18125177018941932,-0.12799134124435835,-0.14241332748124055,-0.18366049109635404,1.489051094890511,0.00041952294721762093,0.001702199411344014
0.1118658244332954,0.10389898108931774,0.10186227391078265,0.0973560135370113,0.0963204213483469,-0.030137780382709468,0.016266504960283958,0.04486035793368675,0.002413745968994109,0.0010106648171665687,2.236842105263158,3.8610995853685666e-05,0.0007388316531867539
0.12296323957998744,0.10333016126346041,0.10703529434689225,0.11344732770091738,0.08604555352038536,-0.1666617960386598,-0.10329884010463128,-0.07583928246030762,-0.10153154160585236,-0.12730840810035507,1.880952380952381,0.00018700043395379883,0.0011680726133933893
0.12189921371831461,0.09034572876594947,0.09009734656963904,0.10519957666253019,0.07586551097044787,-0.16634396404819454,-0.08483130730913248,-0.08316017229125985,-0.09784116293736124,-0.13067156491199688,1.3219512195121952,0.00030632229700194093,0.00126765438508125
0.10176780140197107,0.10015781847867482,0.10394749473949456,0.10713110373293581,0.08098037565096007,-0.07251418980553266,-0.058942933409494795,-0.016743430772417682,-0.03049772589686452,-0.02648680987856039,1.131578947368421,0.00010602361803914698,0.0005560994415808938
0.14173931211685495,0.10488578437166447,0.0977138466743427,0.10520989150508013,0.08954069571171168,-0.18869685807357653,-0.11753933398130086,-0.10622120335692609,-0.13684455916373997,-0.15701404890687548,1.748062015503876,0.00040055232514309613,0.0010770822234936115
0.1250129406336536,0.10082321714061039,0.10363952053009318,0.11365772359056354,0.09452220083402145,-0.155945407849427,-0.14322670859183775,-0.08915665340679334,-0.11965367564736282,-0.1416307079586075,1.2771084337349397,0.00014313045232382287,0.0006896447086894181
0.10614967802255358,0.11070577559240943,0.0982434526822931,0.10931744047190839,0.08027445161231739,-0.08098571129522954,-0.034554350792161403,-0.0008246812666024207,-0.01348903869723203,-0.03703257497372558,1.6158940397350994,0.0001567572168866683,0.000934130808450412
0.11996623309792431,0.10464625972421322,0.0980592614642852,0.10123650408566826,0.08411112056844856,-0.13725090909041504,-0.09034731886958124,-0.059596899009731925,-0.09897705562858619,-0.1157953960668602,1.6458333333333333,0.00016628200095884034,0.0008407454324082424
0.09707970667549466,0.10488564710536748,0.09914173844263424,0.10287225371488178,0.08068477149890159,-0.06952294794038619,-0.012742751615061658,0.01949765636259261,-0.0033075616216245124,0.003461618681476273,1.4885844748858448,9.185607707424377e-05,0.001153699282140638
0.11608238214754399,0.08894982108124584,0.1034839075695222,0.11157403598809705,0.07603684439992849,-0.19272850183120513,-0.10129454252724193,-0.09693700557206256,-0.11555273156211883,-0.11600041781442513,1.6013071895424837,0.00027451954438548936,0.00152640921386744
0.11419732544486433,0.09682471137048079,0.08701462731635878,0.09445060165688997,0.08456871349645853,-0.18926898743143486,-0.16992304589320997,-0.1201071377050179,-0.11614142361394407,-0.16694351487824216,1.9795918367346939,0.00013597530480312654,0.0010588442513324177
0.10939513230280377,0.0942031044439445,0.10681379479975951,0.11809359823635399,0.08565807268528736,-0.15568760207398408,-0.1024905866554562,-0.060108899766370336,-0.10097124113516905,-0.09815795687624616,1.4491525423728813,0.0001653118478415187,0.0011605707373900697
0.11533064226048277,0.11055596107890968,0.09034641767695993,0.08885613896431185,0.08131977861400809,-0.01664446594887507,0.030677066444653126,0.04274288020555468,0.03365473864410186,-0.00016689998503113858,2.5401069518716577,0.0002189603694684471,0.000637062596263873
0.09852521275882041,0.10112485785416479,0.10258524718714042,0.11418964816004891,0.07605171565778364,-0.09545278415856726,-0.05638863319341279,-0.008399847896349824,-0.05657768174743725,-0.05106951918983924,1.3425414364640884,0.0001934175448908877,0.0009544383002163488
0.10908484903514541,0.10666637453906991,0.09042685488344648,0.10409660267632524,0.08828242318181326,-0.058544192665983784,-0.021171539263464313,0.0360349447181593,0.002774569205273063,-0.006606059098651191,1.751937984496124,9.307187732395515e-05,0.0011935071916231571
0.11811415647307229,0.10908322551633164,0.09051428164526276,0.09658153387222615,0.09737110015736214,-0.0875430945266382,-0.038619888562660624,0.0011829232204325002,-0.02023187688115837,-0.021165637447318964,0.6893617021276596,0.00012299809006654334,0.001119425527691214
0.11463349400351755,0.10167160509842721,0.09575157317439648,0.09015958898013406,0.10319332603017252,-0.1665250934706136,-0.1493529952291874,-0.07948685075345559,-0.08381613260099936,-0.12757028266686396,1.5357142857142858,8.404020852527093e-05,0.0015062407986843542
0.0764362789773022,0.09855896494930494,0.08691281151900802,0.10086474187169736,0.06723896143484039,-0.07090263580512726,-0.03066821166435598,-0.0034926175707757985,-0.005031778045338511,-0.05531539594945481,1.2053571428571428,0.00020574066914226107,0.0008982243166113953
0.10022916657394126,0.10408782236275096,0.09574489445004566,0.10291734955616232,0.08419503525030175,-0.10031199750154139,-0.05953741013063927,-0.027830068394405532,-0.035817424206737544,-0.021106627522698453,1.6515151515151516,6.506917303133337e-05,0.001035978299674895
0.09923920005464523,0.10636100330387666,0.10483161422250643,0.12407489265180655,0.08429975793558304,-0.12248977578253213,-0.07577171585610817,-0.014279337837493244,-0.041716097481239486,-0.059713248721387606,0.9782608695652174,0.00020493677091681527,0.0016348620507218165
0.13629553387467028,0.12616402555073677,0.09898447784646494,0.10005823633704553,0.09355470908807238,-0.15747563693950614,-0.08847862435055638,-0.060018112925852046,-0.10059670289919223,-0.10743243048481255,1.8416666666666666,0.00035956104879556627,0.0012627827166786976
0.10490722267868084,0.09794054472315769,0.08710988008950185,0.09174233861652639,0.07697953945404372,-0.07529234991444567,-0.053492235809967724,-0.02030195410092575,-0.04630998089107324,-0.07580100304537535,2.107142857142857,0.00011278290886919336,0.0005308284004540257
0.09868734806732518,0.09762599124218826,0.09951335119391135,0.10461445019165062,0.07680545281947833,-0.09584203204494499,-0.028075472098944704,-0.014072699577163953,-0.02773832428531406,-0.033157368483566374,1.0803571428571428,0.0001158331169703175,0.0010324184669658213
0.11125576475812682,0.12047021662139985,0.09363779847963041,0.09284356824829901,0.08600778900725628,-0.030612426193461995,0.006479673225440349,0.027497095099249615,0.01692976778431959,-0.0075097943651906696,1.954954954954955,0.00020741065617654118,0.0005113808363190098
0.10458982397440815,0.09989598262510392,0.08997715723337044,0.09017407902265334,0.07249712534528861,-0.05364213829864399,-0.027589437337699415,0.006288282177663552,-0.04100943737554282,-0.029815872620493223,1.2392857142857143,0.000151748902753424,0.0004998154024900038
0.10045301698748167,0.10030682169278017,0.09743798689270582,0.10837856596457926,0.0777217312594148,-0.08380750042622587,-0.024434697872398842,-0.008959459513826913,-0.027553034993483216,-0.0291049580587428,1.9078014184397163,0.00013101877781618442,0.000815464045945733
0.10823489781324123,0.0852623575505418,0.08409771405488645,0.07733086887974744,0.08025606775270376,-0.07473701506382315,-0.02344844535688254,0.006186895359047689,-0.037109296203983295,-0.07833342277848235,1.5042735042735043,0.000150332412735658,0.0012701441020652772
0.10784561313629909,0.08854201037114437,0.10508156333564231,0.11710181185685214,0.09764032697904994,-0.08277495810890831,-0.024919792909883644,-0.015024617799219491,-0.047335882304356675,-0.05279113228056631,0.9009433962264151,0.00011603501681312557,0.0006984790476145658
0.10653521664820205,0.10001412838747858,0.09319041659922177,0.10389577975915573,0.0769877262954988,-0.1513386282501475,-0.10884639041308505,-0.09742951817438493,-0.08301853739465442,-0.13455939951636164,1.9765625,0.00013968249307975893,0.0007681153240559602
0.08340007819563824,0.08500843631408762,0.09003710609956757,0.09719387404254017,0.06895575269316724,-0.12396205560822877,-0.07169774642483644,-0.04500622292455296,-0.07516234260401397,-0.0714232449750718,3.1444444444444444,0.00010850198241889192,0.0008226533902472756
0.09447437842738857,0.10191650928708644,0.09273485703410503,0.09730723812664481,0.08360868502906663,-0.08008018032707771,-0.04880927655767924,-0.009432236068176055,-0.02367788777545434,-0.05445583161928274,1.9037037037037037,4.5853411129419635e-05,0.000759909674120452
0.0965418300295667,0.11614184127224625,0.09713739473081186,0.1031667323041764,0.0797864986235299,-0.07368931920725405,-0.0239901127869742,-0.001703989001133204,-0.0193783644636934,-0.048981797689852974,1.7076271186440677,0.00017222104065733987,0.0007889251079917043
0.10502179044379334,0.09162130225378325,0.10654981952137683,0.11683471893464531,0.07226285020116047,-0.17885641124452817,-0.13105761419183612,-0.08799419953802579,-0.10542223294611816,-0.1336600244006225,1.635135135135135,0.00029479774899248676,0.0011840419104612735
0.09751082538943406,0.09142486470660796,0.09633635960822924,0.09099386208062514,0.07793246881169863,-0.09675311152926487,-0.06389549369003462,-0.016510523763275428,-0.039610628885315954,-0.03724122042187765,1.7526881720430108,6.041999535916526e-05,0.0009419977750703389
0.12102674494361908,0.1000027365953387,0.10567487843201996,0.09754768587758786,0.09946198145198193,-0.05502438944292456,-0.02185412893175683,0.019464483442750626,0.003533172803821132,-0.027341998839828092,2.1621621621621623,9.204013649548514e-05,0.0008311975206202564
0.09269472281859396,0.09824855785829067,0.07799178549573653,0.0806106127397271,0.07938287750338803,0.016269842503659267,0.04871710933304778,0.05520117246529815,0.04153784628394212,0.010854246636049855,1.4488636363636365,8.289504741937523e-05,0.0003929137567679643
0.09741728520289908,0.10295664457741427,0.09722140468798503,0.10719559134089299,0.06706652801232801,-0.0635555146854766,-0.014744357783399924,-0.019717470284510284,-0.02807010316499398,-0.033503655282280886,1.7122302158273381,0.00025028057140364887,0.0003655099650701574
0.10409957598953976,0.11214297045540164,0.09346083549989352,0.09853774030462265,0.08485846674228734,-0.1576735105461739,-0.08052617033408753,-0.07691354785186387,-0.0728355439618091,-0.09797100569225609,1.5634920634920635,0.00010722500638219874,0.0012352055237444123
0.12647634111053266,0.10143532327884326,0.09766026812325927,0.10885173517633737,0.08706465753506047,-0.19329940428129683,-0.14704315445834434,-0.10985115544126971,-0.13933312226325317,-0.16170246762535778,1.3832335329341316,0.00021546445322540527,0.0009364847143869165
0.11580316787826374,0.1263554341593155,0.10550690323289431,0.1112997886042278,0.09021116362520998,-0.09999489682264318,-0.03353739999456798,-0.016844493102540128,-0.0344849683555937,-0.057916542141587604,2.3801652892561984,0.00017862918838889864,0.0010406879505764856
0.09714336175714555,0.0996876437395119,0.09339689101019505,0.10601389566274314,0.07361526878796112,-0.08434055510615222,-0.04569050217327447,-0.0017642069701780158,-0.030971988705882223,-0.02735353138054482,1.5797101449275361,0.00015061515604146425,0.0009205902216919224
0.11130884060285803,0.11738969188811244,0.11152503458944048,0.11243309966869208,0.0916915764398535,-0.088609856579565,-0.043821961873162306,-0.022411066081190045,-0.03711508959830617,-0.036200925532087064,1.98,9.834405416729904e-05,0.0006377667736059138
0.09560629849722298,0.102511442109037,0.10057240570910082,0.12362726474414383,0.08298768317322719,-0.053962568976528166,-0.0271319653593535,0.018177919350852893,-0.014218411370138255,-0.016452247098422555,2.096774193548387,0.00021699434019977173,0.0006749158131791177
0.10053891933178725,0.09028388663284267,0.08426676414072554,0.08300416414883367,0.07692214228917334,-0.11776533162770539,-0.07879517111950485,-0.04940345042816434,-0.05609912538026511,-0.11229971491360162,1.2383177570093458,7.977167403215949e-05,0.0009842715387809618
0.10925092705593908,0.12321874774698639,0.10599161809316125,0.10839408319790096,0.09050908930157057,-0.11467233709395556,-0.05564220953050964,-0.03404177789084672,-0.05013512201617046,-0.07986158603720696,1.3542857142857143,0.00013547668736661495,0.0009844140810938396
0.11055551136226056,0.10327485944822995,0.10044934690662406,0.09591303425344765,0.09686406841773446,-0.07192290376184722,-0.002343482376316816,0.030016003851760155,-0.0064705942429620815,-0.023889548425734052,1.3139013452914798,3.473076256764306e-05,0.0013946473773600878
0.08669427640376857,0.0890140852470644,0.097054497862281,0.10713244295393348,0.07597152754716745,-0.040218992474255755,-0.01434351967428001,0.03165205240753276,0.01737876038367897,0.01679030556554252,1.541501976284585,0.00013627511963254816,0.0008459351911517923
0.10780769192820856,0.09504759479269179,0.08735945365567728,0.08404244732500378,0.08332344444000479,-0.10440758668729777,-0.04506491407832791,-0.016319979935525152,-0.047552462644017454,-0.0799708392817357,1.5674740484429066,0.0001045350553213893,0.0011619686387944646
0.11197713958388915,0.09336136536382386,0.08390791286654299,0.08210696165979171,0.07564269300244035,-0.04940267174723177,-0.021166821942346283,0.02988372146313255,0.0017257474421543898,-0.04038582693550287,1.5809523809523809,0.00019950864234734132,0.0010391338799650997
0.09130407125750463,0.0981538723422741,0.08713091551078887,0.09392882209519342,0.07456700648962544,-0.06073363191048185,-0.01203561412690898,-0.00029217721927122815,-0.023380086113743332,-0.040893212040636076,1.3985507246376812,8.129968864038756e-05,0.0005700583741635037
