care.virtue,fairness.virtue,loyalty.virtue,authority.virtue,sanctity.virtue,care.vice,fairness.vice,loyalty.vice,authority.vice,sanctity.vice,moral_nonmoral_ratio,f_var
0.02177934807969468,0.021533649519829036,0.03400704980905518,0.022966691320070023,0.019688848446722716,0.11280259572413477,0.08214676400220906,0.06390653841940827,0.08042624366029492,0.06222122109562705,2.4177215189873418,0.0010791145268847836
0.01960525299861714,0.0297667903387635,0.03589182149416496,0.029406906831703626,0.02793248249444619,0.0929076667538275,0.056935655191437985,0.05383010176988861,0.06744170310572538,0.03990516037596373,1.6699029126213591,0.000504244110632866
0.020196198958870246,0.028297426620269028,0.03017755349031295,0.03187721361075684,0.025163444837895416,0.09360072269778635,0.07563505789855018,0.0631623044029176,0.06383812067460203,0.06339357781590325,0.7914110429447853,0.0006441804915244526
0.02339136366963543,0.037494673679910044,0.040412061564456356,0.03463074079206676,0.028298702804686788,0.06647708251040478,0.04744266201014497,0.0454620900184025,0.05811383641746973,0.04157568225863133,1.051948051948052,0.00016784623216848244
0.021150590014353654,0.03350925201676468,0.04339224424692294,0.0468726354610247,0.022971922679523984,0.07206118117316178,0.05500830134709275,0.05076824610823786,0.04685105011644728,0.047824735818953766,1.46448087431694,0.0002289016419842716
0.020643022628782797,0.029470991763224697,0.040921605456171746,0.035412644254439574,0.027062417955850696,0.0861510394061593,0.07950210751136867,0.06575324540093727,0.07091889784817416,0.05838906194878711,1.2119205298013245,0.0005575323767767829
0.04728417336578926,0.045035322807663,0.0453510306907968,0.03886118232905419,0.03931749041655869,0.07300232126041953,0.06667642324557099,0.048625765952408764,0.057233781909410746,0.04697812428784331,2.098159509202454,0.0001283761438343318
0.030739262292894982,0.03792934128414097,0.0352370571109685,0.02309016982290382,0.02234368027613621,0.08778996730207005,0.0638571428908726,0.05069990828328379,0.07120946405102502,0.06103256680116046,1.2263157894736842,0.0004877726632647016
0.04735360212726231,0.07069427397811004,0.04748830839995845,0.03953803526657673,0.032265591587751025,0.06981985605130589,0.06057644567291145,0.05744812360819289,0.05061249681736376,0.0573469368968709,2.1515151515151514,0.00015224352525096025
0.0415330258064213,0.022251494495542146,0.03492271407607597,0.03240341726830388,0.01556236917142234,0.07134188081010186,0.0630426307419825,0.048177556958968595,0.05195052481272278,0.06516984845364926,1.5633802816901408,0.0003488496114569422
0.028147960850359498,0.042231845776507244,0.05285043475357435,0.04122475102580469,0.028482831549016645,0.07669212882279382,0.07125973651773052,0.05188891170447084,0.07276708351869635,0.054019494223790064,1.5416666666666667,0.00030557836391010445
0.01725836244763615,0.030296577849378625,0.03811928209661616,0.029595279335870816,0.019333096663430412,0.09449628332876076,0.07498487427230886,0.05166464665683939,0.057193243874745815,0.06769240162776924,1.532934131736527,0.0006547107513630175
0.03278882276434625,0.039359207633188495,0.039685557436258435,0.03255923641290291,0.024041588296123868,0.05099440049322077,0.054371150560402724,0.04571704895889518,0.05321936064447155,0.04471889849506627,1.3738317757009346,9.879874891904393e-05
0.027759459033708953,0.04279830034744956,0.04236335597661609,0.04434364910642026,0.030262935281606118,0.07000757524823896,0.05131365503939035,0.04736639309973785,0.05582551980522919,0.04724585735818838,2.5445544554455446,0.000145677761003133
0.028789030422261507,0.022206814198889327,0.03560133049364025,0.029747207832284003,0.019793784223044324,0.09327102969146561,0.08664383008388976,0.06087252981505788,0.06564432530802028,0.06846370539130754,1.3568773234200744,0.0007399025197068462
0.025457282954649794,0.025571689588091764,0.04014887308523302,0.030412455686689946,0.02149701468567537,0.0693545226507394,0.06410105696878965,0.05781455228385101,0.08235656262791097,0.05429718628011573,1.6119402985074627,0.0004564562823508102
0.0461215126529171,0.05068176323188007,0.05813389978235995,0.033981312800934325,0.031172180782444794,0.07384389549599148,0.04525339852226673,0.024812763688337902,0.036771973038411745,0.05418837589844378,1.55,0.00021198711994198924
0.021143372721991908,0.02762667720048809,0.029620657216721615,0.026701110090874915,0.012920083137644329,0.08980557350308824,0.05972129282902766,0.05243275475480453,0.05802910282419083,0.05559971804243341,0.7724137931034483,0.0005562426689948334
0.012167286956455997,0.015814078506138786,0.022056263047746553,0.015458929360813379,0.008892078326015766,0.10606339735711141,0.06835733479302158,0.07097094150749107,0.08966858202376914,0.06847843475543046,1.4137931034482758,0.0013388884373557828
0.03065507403028643,0.029123024656603515,0.03617883009312611,0.033374194465899065,0.027849019732586598,0.05660557408335462,0.060392974178726605,0.04747214225187274,0.052109923653078434,0.046615145218113836,2.0970873786407767,0.00014534769418259055
0.014727273366584746,0.019715940934612052,0.022616140408810225,0.0251534966022402,0.0170470161100892,0.10528152389713319,0.07083568407032084,0.06986898499693184,0.07275889876735181,0.06183179508510051,1.791044776119403,0.001012962833559802
0.03931574413986759,0.05872817830221127,0.04085953717285691,0.04242891857336499,0.027798802042201073,0.057751267801744166,0.05760480768349437,0.04973990886269743,0.05263227053016716,0.046885261376989625,2.2388059701492535,9.886402151019569e-05
0.02636447291300808,0.037927922205818754,0.049285361291835264,0.037171050378237445,0.040074426917894326,0.07592767796398084,0.05604623471924862,0.03915000428263941,0.054375607992418556,0.048860099292817476,1.3183673469387756,0.00018819207641292197
0.027825585054650895,0.04146961675836836,0.04514148922636652,0.039907131805629464,0.030253162909176713,0.07041064669454103,0.07422896333366552,0.04680518637956726,0.0565217431279727,0.0562138605590839,2.914285714285714,0.00024025281036169
0.015315121385449463,0.014837706334248137,0.019538320848632305,0.02329986106681178,0.014783624128913686,0.10548199953400983,0.08899531728294731,0.070847278846837,0.0757837363708508,0.0679156137561467,1.4662162162162162,0.0012598526212700453
0.02610138008339436,0.03918392349152624,0.039607262280522505,0.037687187037907396,0.025530546546582693,0.05931224049986346,0.052664962806666465,0.04700311548744724,0.056217630537960285,0.04924872440875702,0.6483516483516484,0.00013707426468270305
0.029223018267073984,0.03474026679879447,0.033348724877617,0.028437933098337555,0.024158220705231142,0.08618520461761803,0.06432373903462828,0.05549638866558076,0.06817354178522352,0.054752449265700436,1.270935960591133,0.0004363736847443517
0.045640714368751806,0.0445866166892013,0.03802350547495853,0.041643605363598624,0.02904121284743189,0.061908399967743444,0.06637993627204933,0.04972303233217001,0.06180015747641066,0.04293591381120359,1.7946428571428572,0.00014073641582181836
0.03844168534092917,0.04178156048391934,0.05330399961853874,0.0369182568923353,0.04139995192404439,0.06482159048558568,0.04878520935327628,0.03817629046358022,0.047662266226956636,0.0407629828189391,1.217081850533808,7.544506798437438e-05
0.027562213427551472,0.03137698512042058,0.04482848616842434,0.038704594027593096,0.033413210190443854,0.06767361411603216,0.061986332067020526,0.042707458183469105,0.051207072064944764,0.05499745346952977,1.0,0.00017866134997554807
0.037698465586059535,0.04428182974269989,0.04707094435158508,0.04047642573212681,0.03188975606617522,0.07198861467627614,0.06590722955992179,0.05251340774745401,0.06309551271649298,0.05347007616681476,1.3837638376383763,0.00017007013450455702
0.03416119241148212,0.04130746481740256,0.05459417220404867,0.04777725512651062,0.035831634334176195,0.06519878375219772,0.05958115105602927,0.05188042384754603,0.05173856844198566,0.047960800564915994,1.6442687747035574,9.742209090209025e-05
0.03320934017882919,0.036049669459784425,0.04372382744039641,0.03807998100244172,0.037196978480586576,0.07030392227632655,0.07502907852702972,0.05886569511966663,0.06668291012345305,0.05337616225645975,1.4782608695652173,0.00024592068164029657
0.0302387434141668,0.03748455197334591,0.04131557722252479,0.05036816986876788,0.025806677959788,0.06735076712645746,0.06252316793055905,0.051319290224553074,0.046604492047208866,0.04149295822805179,1.5647668393782384,0.00017161654419042003
0.031028682348335584,0.04968381508095661,0.04920061423280529,0.04539005387718701,0.03046607750904511,0.06418012957717144,0.049731536242097064,0.040669926083783114,0.05533546998106215,0.04971824212621815,2.1103896103896105,0.00010672623699771298
0.02738966634906053,0.03164445354994321,0.03939224549333276,0.03569030154146349,0.02616532001699535,0.07947184499602193,0.06054319949805735,0.04783377602118723,0.049139570403702704,0.07898427001612604,1.3860759493670887,0.000389158052337172
0.03527726185532179,0.04405597049442198,0.054425202485051456,0.04655714122300217,0.03912619313754258,0.05800425529576376,0.05250551100030272,0.05014092655285709,0.05306944374344342,0.04325313398418256,1.6090225563909775,5.238311933923653e-05
0.038467888626045166,0.048968446155700354,0.04622131345748023,0.05524929908441622,0.06030187792172191,0.07912865639647984,0.08068517878500434,0.05326849010213678,0.060256800397662666,0.04939325952554979,2.191919191919192,0.0001856415731112277
0.02374534785436651,0.04191313573614418,0.04584447185210639,0.03703715467430791,0.030133439168752076,0.068986747560461,0.06604127383946491,0.046909879212628694,0.06364989388008443,0.04879850482224586,2.11,0.00023080467321698434
0.023487035192228476,0.03258191515926335,0.03615207198747748,0.03773048291671965,0.022009977042748603,0.08343904256860624,0.07193426951978664,0.05725501826142026,0.06859282000664778,0.061724234534152524,1.9230769230769231,0.0004738386883928075
0.036226941747137,0.036066623805572094,0.03794240084449581,0.03894552903699767,0.03114920917147434,0.06605089725342288,0.0668149097558657,0.06424039139159093,0.07119291720853684,0.051161907008700686,1.8793103448275863,0.0002444913462236765
0.026867967338894207,0.035075828817250077,0.0392013507182184,0.037442022960355904,0.02797959600579463,0.08680214538413537,0.06983540788177356,0.058014654209021875,0.06973596173523104,0.05736302174568478,2.4682539682539684,0.00041843478370561416
0.030570889957991187,0.02728620940838152,0.03928768414029354,0.02959203912088963,0.021336008709630913,0.09586201788630008,0.07009631702050036,0.061699465874033896,0.06453098343726577,0.06478321514719843,1.4761904761904763,0.0005908312908078197
0.027828412003336685,0.031017115485458466,0.03744409044236289,0.04541951437964286,0.026595932382547347,0.07051185252079291,0.07529779097968943,0.05913477399562244,0.05597671753219999,0.05478160743375569,1.6991150442477876,0.0003061644033685191
0.03131960858949328,0.03573540550827465,0.05109460229987555,0.03876319913960264,0.026772536989280792,0.06579130547092275,0.0624815769200107,0.041810831815557455,0.056865338100183335,0.04720343973229209,1.2693726937269372,0.00017431344587335204
0.020330536084143747,0.035825119384668126,0.0397967275876018,0.034909408319912134,0.01786293882335688,0.07327536359519142,0.051159697164994675,0.05548398065520899,0.05885972051000234,0.0464916308594459,1.278688524590164,0.00029712535223886473
0.019130605470783914,0.01139304581092642,0.02505030679173496,0.02255397029137921,0.015793648230858322,0.08534131757050566,0.07308351081344945,0.05751653753421781,0.07280464328366,0.05156131065430391,1.373015873015873,0.0007686137605913197
0.02919380684616285,0.038957220279701714,0.04247388889766495,0.04402952590493264,0.03215146995540042,0.07852791305500718,0.05640966681001058,0.05306137353516959,0.049413257437510134,0.06085724716434176,0.6552901023890785,0.0002139940973036181
0.03024819941184385,0.04006701842212057,0.04541924866606261,0.04295798067690707,0.027879504915812366,0.06744087527955259,0.05856179021579184,0.05302960462658443,0.05696279767668874,0.05102181384453006,1.0909090909090908,0.00015723599358738233
0.01783065887328524,0.027348303376115737,0.04083030008141302,0.024664974506761094,0.021840465133121684,0.0759573290826752,0.05903999421074118,0.04347322356148584,0.05589939801843734,0.05513711190885931,1.0386740331491713,0.0003686786255317962
0.030819028369932337,0.02622697641359141,0.041066384855701646,0.031006253879224906,0.024456660937834114,0.07780432237191605,0.0696769543665999,0.05479568624226376,0.061005365379691624,0.05809051891563105,0.8217391304347826,0.00037035298892759287
0.026740963717478593,0.029081477098124264,0.037502880604008755,0.0340069017735995,0.021491530749578616,0.07628120919297093,0.07791011756362344,0.05459298656930177,0.06762043834924893,0.06237614147103223,1.8679245283018868,0.00046025708498940803
0.018974053775090146,0.02891980702182453,0.030449614605643674,0.02320509930576921,0.018601451136818728,0.09622792675261115,0.07782678016234344,0.05476918535963976,0.07110641152261166,0.071582857641518,1.2229299363057324,0.0008146092399883897
0.04815354201546207,0.05934353803506979,0.0507576980825576,0.0432523368303312,0.024015989422290322,0.06852302682605584,0.07560005480353649,0.04989760645518554,0.05076655554288244,0.05526823876981541,1.715151515151515,0.00019704181450823203
0.02609355580768732,0.03642480960954044,0.037113667408201385,0.03732811582666327,0.023094162073150112,0.05928134004453871,0.06274322608348677,0.051775202139669636,0.0610670447890193,0.04650842677462107,1.4591194968553458,0.00020551860384400146
0.02500601820599568,0.030101011428087816,0.04693617113877701,0.046285503259077314,0.02229945414318697,0.06389688540386507,0.05371849429604734,0.04201684961112333,0.05204816543639041,0.047123996387589656,1.616,0.0001773716476483183
0.039710072645334125,0.04468360346231786,0.05334234458405507,0.057195023376810226,0.036839701077832604,0.06127331330178831,0.06377277071087556,0.05015097385639243,0.05586699313519069,0.0463383377655736,1.483739837398374,8.072156807614782e-05
0.019868240947616113,0.03062617455739962,0.0383509453890792,0.037259595478527106,0.023631021385925835,0.05810205323762686,0.06043529205580988,0.04381126588459918,0.0585653538617363,0.04357020809509456,1.8650306748466257,0.00020759307845206212
0.022057829885398166,0.02541666276217691,0.031664957793955256,0.02658016441676273,0.022217237613211344,0.08830112296781736,0.0705722471152463,0.06120097289510435,0.07257204604252021,0.06274268623287393,0.9251870324189526,0.0006334861899846222
0.037079658078753894,0.046924114438515414,0.0505255467690663,0.04877079395030333,0.03942677446477304,0.0699097658519909,0.06700735153303637,0.05613421781158297,0.06917094364720247,0.053599518804267346,1.811965811965812,0.0001383483849806126
0.024520759481940074,0.045535762422448146,0.04262222955409981,0.031612843138360845,0.02489083393186092,0.061313001184154885,0.05673603854125155,0.042066231024945264,0.052668592367907,0.050446309413949286,0.9976851851851852,0.00016432535536952284
0.0370777849608434,0.039956526290023865,0.05562715009162961,0.04442421129110787,0.03175345501223701,0.05235545959631566,0.05985165797969439,0.038659628138168256,0.058159753227770845,0.04515999412204963,2.174757281553398,9.422775484693466e-05
0.023651504739940016,0.03555532418264911,0.04861273595064004,0.051055440255018486,0.032290191419627516,0.0705172376408611,0.07241810328661222,0.04795772209022162,0.06511298635057804,0.04886226253431826,2.5454545454545454,0.00026393226993995904
0.029449204684089413,0.04169916372609603,0.03740573346457142,0.044107930209357944,0.030611168254449223,0.0736749039261991,0.08207865438518025,0.06096956651512212,0.059815308583732386,0.058674201065913784,2.7394957983193278,0.0003230866526508337
0.01189044096625051,0.017829939305595396,0.022454245175827555,0.02106300868761244,0.02010072901166181,0.11236237739274993,0.08024432062982786,0.06900239057235479,0.08189113353812619,0.07011181313022885,1.463768115942029,0.0012843233654816516
0.032767671537856945,0.05042973208362447,0.06284223150648915,0.060852305097691635,0.03865778292857462,0.0846811445760945,0.06829309806408673,0.05310128889009532,0.06288232808325382,0.0603566848063403,2.4854368932038833,0.00021869619974862966
0.03301001663979811,0.03051043577752826,0.04360387854145625,0.04176880143388475,0.02912469349995498,0.06110292608568728,0.060397682435571295,0.05432571875208396,0.05919938585208977,0.04705222897855374,1.5384615384615385,0.00015523621782996468
0.03479319935365774,0.045755774383375004,0.050582937744378,0.058225516447535965,0.04147708998941809,0.06520061743674835,0.056958295151355635,0.04775877844364813,0.05323729802424042,0.042368279725010394,1.5467289719626167,8.242172958783504e-05
0.02381802187177197,0.0315863083831191,0.04572100497550654,0.04410829803356082,0.0372356012158629,0.06743468808110521,0.05461067565621048,0.0406598943418732,0.049073831822138404,0.04814389395643468,0.6775510204081633,0.00014726815144437965
0.036556706624355284,0.04707045442540935,0.04551508620636648,0.02862131829446067,0.03126285962239895,0.06958386212817158,0.04924177283849391,0.04545613502446038,0.051744454857676314,0.05098106357827872,1.3557692307692308,0.00013699985938943644
0.027828484012346846,0.028086870143382237,0.03148272453077007,0.026527013135538475,0.018670607808697226,0.08435789571159896,0.07051349579439127,0.05958829656623502,0.07362138805200624,0.05922748363333314,1.9252873563218391,0.000571455476292673
0.026313659392089798,0.03337988944902749,0.0350342541029455,0.03764237932407475,0.023926595266556674,0.09166446916125737,0.08040395323627288,0.06247579679502666,0.07577009445599765,0.06637633181008792,1.8615384615384616,0.0006148018280382584
0.036770777245851954,0.03782444676964762,0.045208530947777624,0.056885092400291215,0.0288886311359467,0.0573636960485814,0.06482620540740452,0.05254593043262606,0.04989152064206327,0.045971779398959606,1.5319148936170213,0.00011992378749562184
0.027469378565942067,0.026864966113174328,0.036358503225504726,0.035634053740955254,0.028977191116766797,0.08145487573879658,0.08233942737915335,0.05773159501115118,0.0660348424205062,0.061936998209104754,1.4678899082568808,0.00048551285623630875
0.027853212387661162,0.03509717379444164,0.035221617769061395,0.03999387938710974,0.03255446525276885,0.06967452738821468,0.0648079739527784,0.05279795146860147,0.052373733701872094,0.047351403073201015,2.144230769230769,0.00019817509379683223
0.021187718666017125,0.022664069108936084,0.03351607867783583,0.021704482905140335,0.01818554697098695,0.08875547497360427,0.0668073640636284,0.06822140486330469,0.08684698975992636,0.05589425530268706,1.2418300653594772,0.0007938394453086631
0.03217693180577482,0.032929807561621616,0.04511641268113149,0.03361603260737178,0.030410688713204605,0.08150603825961626,0.07110075605761594,0.05451905052967506,0.07589059281682667,0.053657471539189254,1.312849162011173,0.000379459924629082
0.042317765957130986,0.04352217006592578,0.048295640613673536,0.03994641677952993,0.037141246972753575,0.06308957500877474,0.05910320558819804,0.03838168685040133,0.04947834356870318,0.05098539487949599,1.4521072796934866,7.597742500673802e-05
0.029689067704280994,0.044025733164980436,0.044587811018113724,0.04896073047127931,0.02351107855263524,0.05120303848516577,0.050039065405267966,0.04399360303712793,0.04073510811259564,0.0464723747163813,1.690721649484536,8.072390310671228e-05
0.046655464289482564,0.02885370936809013,0.03886149206072322,0.03766424214844577,0.032230717044791524,0.06877444868695402,0.07203573528215804,0.05641454428953298,0.05162208305537713,0.047375610817253756,2.1739130434782608,0.00021122034408926557
0.030348034836867235,0.04263850119124748,0.04792633098503995,0.053591479498564513,0.03249040554739109,0.06711562437919044,0.0702774198291187,0.050168491028412136,0.062437261305105636,0.060603695279195305,2.208588957055215,0.00018938671008018293
0.030862807696425007,0.04298667446067724,0.04384620855200924,0.04366643743964544,0.030690934622332806,0.059890065108727526,0.06260325111031922,0.050540728021086806,0.057250804929856076,0.04533928184661009,1.5225806451612902,0.00012144553699161868
0.025419979708746848,0.03395307597204958,0.04953539826599567,0.037087010622099785,0.030652697061829885,0.08139137531241968,0.053610537797500225,0.04747715998119071,0.04665559645332363,0.05769147997423202,0.7344632768361582,0.00026052343359247727
0.03838895893906249,0.039827035022062834,0.0514904219470128,0.051898657892562684,0.03957252360736169,0.06122674070131877,0.04923905055252479,0.05670547630347093,0.04951405645949897,0.04050759080400703,1.5534591194968554,6.31116307656197e-05
0.014505815492559382,0.024639305762380406,0.02457411423698557,0.026834316322653377,0.01567630941650356,0.10451861230020934,0.06951934199064859,0.07569473363555176,0.08977391108671409,0.0639440054223912,1.5810810810810811,0.0011160859480775888
0.028411384879306972,0.04067745664411254,0.03929278583818467,0.028658305974899188,0.022594191254820196,0.08461396727861537,0.06167043437843171,0.04528859550248729,0.06584656907318333,0.06257694054455526,1.4210526315789473,0.0003998326642323289
0.019010647746631908,0.024978342178547143,0.02641814993094074,0.028257542069627765,0.020166288191150267,0.09122463901397714,0.08944741886496835,0.07016621469787339,0.0758437179370026,0.06522391444029954,2.151685393258427,0.000895077223809984
0.03969303629629229,0.040757389835112436,0.05006868537454503,0.04176245738067008,0.030438941409146707,0.07151379455902243,0.06010786389377646,0.05173745020657181,0.05149433613538792,0.05094906371625808,1.8115942028985508,0.0001333498708295253
0.045968428666899895,0.0376903897252991,0.045655912814344154,0.040739032017909974,0.029915240390015044,0.05385261721723673,0.05820800138501965,0.04462916276104802,0.05875935094777685,0.04565879648920161,1.7707006369426752,8.12162065879893e-05
0.03186816292003163,0.03576255504885126,0.04025040898001714,0.040571863830277166,0.02898634342354069,0.07331300523619423,0.06723209721138987,0.05450882263217371,0.06810979860314569,0.048928624966797736,1.9217391304347826,0.0002595457051698544
0.03634073543304026,0.04637807458481949,0.05590531883379137,0.05631364311356599,0.035921673073055514,0.05446667321567476,0.046858732010338446,0.03914963607148018,0.04745966767659604,0.03864576986575956,1.608695652173913,6.382366389599024e-05
0.03310685272758038,0.04040420783887756,0.03788882590100956,0.04254263971326984,0.023152228940462653,0.08750958582122455,0.05541570177009347,0.05546215077482774,0.05657629237326642,0.06416277667833,1.8311688311688312,0.00033434346083365885
0.037308317172349795,0.0393030235378607,0.04979461977398561,0.04061021680398777,0.03018680730661235,0.07477660949416336,0.05892067598977053,0.044059746055460855,0.053776879014258226,0.05265788737034972,1.6097560975609757,0.00016352623959064124
0.027767901774905953,0.05049748168286123,0.041469375528292225,0.036269492390112255,0.04638091754475013,0.059605494638652556,0.06029757793373065,0.04402351826980322,0.06636240468644332,0.04215281347260838,1.2215189873417722,0.00014098581359185404
0.026592093295924612,0.031698769868369704,0.03576171848846605,0.04457697280935719,0.02777522111630487,0.07180392881900764,0.06568486899197862,0.04547575171854873,0.053768440267106386,0.050932363461318284,2.848,0.0002394393542501186
0.033421391999180934,0.04399983483184576,0.04208495986000838,0.03865167712147308,0.025994740386146298,0.07078974473983123,0.05798106450989717,0.059282619116014956,0.06176791300975541,0.055690352767000365,1.1598513011152416,0.00020231068000477144
0.02122087981859579,0.02318313895163617,0.029053500442948552,0.02497107934313179,0.01785988095042423,0.08079511221858533,0.07108692639133386,0.05818122609549043,0.06869138886213941,0.058984440649570126,1.7304347826086957,0.0005915826017321509
0.035942096373152065,0.0454843663292213,0.047780436258092654,0.055869347662370034,0.03672459438806609,0.05886120276959067,0.05267683294768802,0.0463617153893968,0.050654926658378785,0.0433219664702842,2.1052631578947367,5.647652752166626e-05
0.033740526430659355,0.0486179574249021,0.05455611995355053,0.05667133880421574,0.03755871249255737,0.07031010159490596,0.06300270694288232,0.05074268107031423,0.0596936613763203,0.055146741132732394,1.398876404494382,0.00012207398944181458
0.03456450820558557,0.04291285941262839,0.045901936278088994,0.050475331993239864,0.03384617670423278,0.06237555406161731,0.0599974919351165,0.057078714988193675,0.056088031660442475,0.04720696225810222,2.1782945736434107,0.0001006000804830199
0.05376911236972136,0.04801401011368,0.06986017353109449,0.034390248040721806,0.0384827380534415,0.05838504715248968,0.06394483796653205,0.036245792972311,0.061059628784414094,0.05002167447938109,1.539877300613497,0.00014945133189763504
0.020846332585685103,0.02328952448323421,0.02652573876633428,0.024546929135169458,0.022456402514538537,0.10231728399065772,0.07471407896835232,0.0654508106868243,0.07102732258128862,0.061107944644494254,1.8461538461538463,0.0008519028161145945
0.028350058988929377,0.03845682761009654,0.051278551964937615,0.04624655107650787,0.029134948464689066,0.06524689830110732,0.0661526855987713,0.04977289273143593,0.060422938921405336,0.04774203946340639,1.5885714285714285,0.0001811815681828101
0.04319988119295082,0.02573732703727494,0.03719992761052436,0.037895781151397814,0.017516977095796932,0.07889401890575153,0.07107524443736304,0.05049143981989824,0.047476519459756214,0.06169178865779854,2.053763440860215,0.00037107686170986635
0.05177126832190303,0.05744876344021778,0.04936338907621379,0.03566821445450734,0.034678477562726615,0.05656730993321672,0.05032969949305405,0.03747306098483288,0.04654650034210543,0.04533196410058826,2.3852813852813854,6.797809917304928e-05
0.035015177687120286,0.050233927930990775,0.0488184307521758,0.04513487135134037,0.03560086735811298,0.06226033070213159,0.05465785066289084,0.04725230495116171,0.04589008338241127,0.04970628171269911,2.78,6.543013041022305e-05
0.030825133082540066,0.03824038324029608,0.03285471137188429,0.029871031805677274,0.02093317154268147,0.08606442921915003,0.0782116777499897,0.07065620748850286,0.09142682741457044,0.06110045235770929,2.12,0.0006945697905069695
0.03420857612377902,0.03961974082806642,0.041739043699708794,0.0350618549009093,0.029440693202731388,0.06771627348234016,0.050601852870221356,0.05210763762895787,0.0589021404644257,0.048895288011313306,1.0868167202572347,0.00014404313162536957
0.012221591784826945,0.014973698365073531,0.024546634277565198,0.018336364403439175,0.01673573195133238,0.12013051431931797,0.08422503044795497,0.07454296776739358,0.08137608620427549,0.07178391684478694,1.9578059071729959,0.001502933408721734
0.022187397970802977,0.038565307162437674,0.04144628722374231,0.03707427001668957,0.024103951515874217,0.06782025942270815,0.05858035304479578,0.05979158655285037,0.06416689785370938,0.05317357222211494,1.6132075471698113,0.0002670527888231936
0.02990389247741804,0.0331274196338612,0.03087910752153738,0.030214435636779984,0.021299686351849707,0.06167255877658862,0.0698625599875095,0.05656850147450234,0.0660896151515445,0.0492990717075766,1.8832116788321167,0.00031573954517844454
0.027629428064332277,0.023086805761177394,0.027063438851363048,0.02582191604154184,0.017418595807701477,0.09689601269087994,0.08368884788937796,0.06866508454242834,0.08974336979156146,0.07581031811392457,1.4844290657439447,0.0010218788028602361
0.037198077725545696,0.0525286632594468,0.058669808215095175,0.07722173162858444,0.061638434726660724,0.06569801695456924,0.06048397196626276,0.03914167695678466,0.04480483267481233,0.04279938025990156,2.925,0.00016816976350753004
0.031067519533533552,0.04400574686277922,0.057354675313173696,0.04623236373539534,0.03556056278859817,0.05720006146871908,0.059137423709192484,0.04859117035370262,0.05556630888866893,0.04624938253716224,1.6464646464646464,9.081004301595269e-05
0.026453768537812686,0.03404828107678137,0.03585007720538181,0.034013062202259886,0.029359170863461785,0.0952855933689122,0.0720835694826112,0.06927682508343808,0.07517334720795049,0.05946830290188307,1.9591836734693877,0.0005808850484952778
0.03537086374938733,0.04243833174793679,0.052716417139159796,0.04950684099068539,0.038008649673314535,0.04976063181329036,0.05138651956296851,0.04547558341699151,0.052246287249374496,0.03785189138860638,1.3186813186813187,4.366999777773336e-05
0.009337957990854701,0.018591630701269624,0.023812105915451888,0.019401599682298574,0.013321430801385686,0.11410438913497634,0.08214359437990545,0.08026721731612443,0.09453816474788858,0.06799071231726031,2.21875,0.0015464453262771696
0.038388691366055834,0.047151154283142614,0.05866644551517096,0.05180503783565341,0.03558068175106192,0.07164670988062764,0.05866141207758843,0.052273616998384086,0.05732269816058384,0.05577308815753917,2.125,0.0001100641917932823
0.02450194424351259,0.024346846961197863,0.040815362467741874,0.042035629039143096,0.020614896096471543,0.0667485144539378,0.07783449167008648,0.05381241898616558,0.06574286466119356,0.05371907276847059,1.3376623376623376,0.00039577922119446543
0.033825275594589935,0.03725861354573265,0.04371974301815886,0.04024446767501278,0.028892046640665928,0.06518364257237272,0.056443715207299565,0.05209033953789554,0.05224584511183637,0.04744579699079924,1.2246376811594204,0.0001233574996491906
0.022761571266238685,0.0402057669278691,0.03585228767038637,0.03338848694085184,0.02883380698110485,0.07511855340363228,0.056837032330324756,0.05459411481496388,0.05140475832647235,0.06094753732514148,3.445945945945946,0.0002691258242721989
0.04886057016976921,0.04289135246712215,0.04304194708130521,0.03485695095469684,0.02686803533308044,0.08284098461813848,0.08007650318154627,0.06643695054514714,0.06516919395369747,0.060972878114960966,2.806122448979592,0.00035532152408241025
0.01829708682479228,0.025747637263130767,0.03175294945701341,0.029544976682429648,0.018194301654259566,0.0921385729821994,0.06988088850903615,0.0734388730376523,0.08624666168788017,0.05502621633336185,1.800865800865801,0.0008239536727672815
0.034183860519255066,0.0316708350035682,0.04614416070476337,0.028329912871016195,0.025486724997116735,0.08411858683176898,0.06983067517699111,0.052552203226327726,0.062022537986415806,0.05523882885480369,1.6111111111111112,0.00037738248747822874
0.013295585031394502,0.015605359916997547,0.029456809613547123,0.022276428398225988,0.012822399628693101,0.11505945241117188,0.08228734355759383,0.06998352364068042,0.09020255147613697,0.06866489377306059,1.2403100775193798,0.001411504288238427
0.02976170563476834,0.032578361772546915,0.03657284068998523,0.043577479084131586,0.036791300851806805,0.07326313279860248,0.06873191808243302,0.05930284169718507,0.054384673249457165,0.04617858582113347,2.0240963855421685,0.00023177549279792528
0.03864595003256857,0.035156697443241784,0.04919409459601445,0.03992186327183687,0.029695262799306336,0.05548635267577442,0.04987361513999749,0.04227955161360106,0.041813857327047135,0.050273702615209935,1.0317460317460319,6.253035849327684e-05
0.04661304166919909,0.05198670064275135,0.05250937543949006,0.05046444591929428,0.036222248316927885,0.05830918422437061,0.05519432407060962,0.04159633918101892,0.05028349574490995,0.042050333895823085,2.1403508771929824,4.6651489411803996e-05
0.02295419382355585,0.03810826054386678,0.031495696363506374,0.03162946053310309,0.0200575268200983,0.07394188285569395,0.067428208601538,0.05174621309933851,0.05738125821825445,0.05912607262955944,1.0809523809523809,0.00036158793455930935
0.027848334406831175,0.03440836729665,0.03240751836958925,0.021804354491452283,0.017983948476634936,0.07773866948161844,0.06149428348944362,0.051827348058661134,0.0620101356901483,0.06037653580117303,0.9491525423728814,0.00041651931403885613
0.026869144260836773,0.041872591373704374,0.04804941915068814,0.051910593604419755,0.02841106012937717,0.06516672811554132,0.0691354039842411,0.04463205682854881,0.05681188441726766,0.04534467257065378,1.980263157894737,0.00019113357740432538
0.0273831767733548,0.03547234434477726,0.031195367025096593,0.026420961397989665,0.02382902658734636,0.08635591930816039,0.07662547771992406,0.06531675518220761,0.07915962483273029,0.06946739545078293,1.694736842105263,0.0006407288019624371
0.027075685087506032,0.03488391282416864,0.054003372785719685,0.03406254863285073,0.035893310205597835,0.06468210117325153,0.06834285392191371,0.04707273132857701,0.08129774337896153,0.04615567475013643,2.323232323232323,0.00030818944892334603
0.02721217920972692,0.03757460254139802,0.04406826427687755,0.03837365860128672,0.031160907171742747,0.06784817865669346,0.05503893597946717,0.041043710855250846,0.044950650625928436,0.049885468315737494,1.6028708133971292,0.0001392985196174632
0.03339001408608827,0.030900191480680465,0.042178799208442794,0.02971965438052574,0.029136438168065402,0.06886620938234446,0.08019961650653991,0.05276227943366548,0.08173404004323155,0.050103861537776906,1.371900826446281,0.00042566503433375533
0.026564331366274268,0.04277789110459028,0.04448852859357567,0.04050619227577172,0.033112249397914004,0.08785243108627806,0.0586254544037326,0.06268819116174393,0.06900133249146878,0.046916057383475915,1.2965116279069768,0.0003366826694701616
0.019332109675962085,0.03395586909647651,0.037110950298718304,0.032534828906831695,0.027777048802262762,0.0749192690830545,0.06172673214551557,0.05021697547886646,0.06644283108316715,0.04812733746642887,1.4651162790697674,0.000329593302218598
0.030791769119523266,0.03392476724112677,0.03937828359094895,0.03783355372240854,0.023428366344492923,0.07685621578733562,0.08347723770323508,0.061994464715735775,0.07752926192413602,0.0596225582326492,2.594059405940594,0.0004854313343435891
0.024705112253781955,0.026019203168045985,0.029260860146109662,0.028941280272832094,0.017327333828489666,0.09235167605940606,0.08239908393898379,0.0682345427688087,0.07811451368135922,0.07196108801597212,2.176470588235294,0.0008408075396134379
0.02904262265481982,0.03657652656374513,0.04872483825567448,0.04307697437923859,0.03233295267646756,0.06135094875276018,0.06501785227294757,0.05064198309199793,0.06507704862130974,0.04706838007003568,1.641025641025641,0.00016970064122906676
0.019478255633282825,0.02840258605198215,0.024185395505506177,0.029230074140158133,0.018977837546688376,0.1095218213277271,0.08438348135438616,0.06536103428357716,0.07121113151721485,0.06773040697251746,1.3770491803278688,0.0010165929605472097
0.0349027712967557,0.045911375336584986,0.04025394371996996,0.04496148790165635,0.03547463705843751,0.07028256330512803,0.06168282757559921,0.057780287330989714,0.05941811253038613,0.04884688979061014,1.265625,0.00014160135904951165
0.035682077277597,0.04710921974215502,0.04451955158033306,0.04238020996510983,0.029510740175704216,0.053127081850393165,0.05389266731155635,0.04688612675941644,0.061440271999003704,0.045243285853356484,1.7777777777777777,8.308057396205635e-05
0.027111189775660953,0.03489097246719781,0.040999082559998255,0.04040151834945391,0.025332001547553728,0.07145362613108645,0.067042487069978,0.057037139392364315,0.06040317246004901,0.05910558489692186,1.3806818181818181,0.00027765355543159806
0.023800564290105315,0.03258949461188684,0.0370287177352012,0.039521050138184764,0.02542723408624798,0.08109952830491178,0.06709673106785433,0.0653826515361865,0.06707589043415865,0.06230665430491985,1.24,0.0004233764032005369
0.032104344389898815,0.029226045166379118,0.03560095634878298,0.03031260077487675,0.026732427690242394,0.08356943283287302,0.08181486403940794,0.05759607267300361,0.07067614920670606,0.05972860164289923,2.1415929203539825,0.0005112933496333798
0.02983576242755346,0.038793652870621934,0.0429154095114533,0.04978866733083337,0.03449543609074065,0.05529342806286346,0.06858029859044663,0.05658569821007051,0.055511521255530466,0.04275533906068763,1.917857142857143,0.00013972709314063577
0.03458028477489316,0.0354651943892131,0.0445077154281887,0.040267000337762815,0.024306433251021747,0.05799373959564167,0.06624182369394378,0.04627119974086091,0.05481159815434675,0.041397036188309026,1.8783068783068784,0.00015328206009236064
0.04681871540520327,0.04799083600559081,0.03922305751924728,0.03977428450219833,0.046415093364244084,0.07761098423477794,0.06623465416725918,0.06961111117775469,0.08225003890208084,0.058216843151265754,1.9042553191489362,0.0002462296654654529
0.03706405488383664,0.03921422022580138,0.04560662879963062,0.025418243489778985,0.027654119153286975,0.06152153935064085,0.044713045396843884,0.03353161877982332,0.0521265777658818,0.04595842340607015,0.7608695652173914,0.00012212225773791535
0.026239417394849404,0.034139525937277905,0.035161771578313884,0.03659779268053349,0.016615560179165045,0.07247724808672668,0.07291621892210763,0.051463410785496655,0.06306069634443527,0.05862014274137091,2.05,0.00038898446513573433
0.018970957494560157,0.02589321221029517,0.02988148987955397,0.024612284305709737,0.02380845467283217,0.10734312229885727,0.0797244387029146,0.08212490492646836,0.08613595641485963,0.06500509068674765,1.2823529411764707,0.0010916386233337367
0.029114964771833583,0.03755474059003787,0.03322270791431006,0.03045518500183941,0.02288261034179689,0.08788920942568436,0.07356274977464114,0.06567613378270605,0.07277538967055677,0.06346676127690594,1.7421383647798743,0.0005443278214272312
0.04399839189055626,0.04166666655617738,0.050766387800102744,0.04212502131157903,0.03892860078020065,0.07319843660354854,0.053946697982689036,0.05213323706093869,0.05321684492337419,0.05067591133712648,1.1071428571428572,9.552208229906577e-05
0.030674998288229692,0.042844911388114464,0.03832960074970732,0.04115297699972213,0.034212217269481406,0.06826956937175999,0.080693225135816,0.05667450791395964,0.07509945812359059,0.04858468467262243,1.8768115942028984,0.00031260165363542223
0.026320671602786207,0.03261614554306036,0.03430547266723102,0.027658581438646038,0.023139342113111576,0.0917854529025117,0.0633166090684516,0.06486486169885887,0.07099653150467085,0.061558207891572805,1.025531914893617,0.0005608273114413628
0.03151613261345969,0.037295973545010706,0.043510895060582935,0.03772318983151008,0.03293123851545853,0.07612640933691922,0.07332093378327142,0.06279157545989372,0.07045412771917735,0.06016651639803164,1.75,0.00031469675675432186
0.023308451887668585,0.03392290596984873,0.037907712107003444,0.044258773682515275,0.0313575763373613,0.06324941846105825,0.06702501840308667,0.06376638865924038,0.0729963055981176,0.04625255110037859,1.2962962962962963,0.0002966629027972936
0.026503821637846082,0.02221899711240151,0.03620666691849691,0.03640658139934417,0.01786085080155217,0.08323334294345627,0.08515318972631782,0.06106782340878388,0.07852293282079455,0.06208918367260627,2.2222222222222223,0.0006828488957198945
0.019840115336040135,0.031456205175793485,0.040578597764912794,0.03613121151717328,0.02223623538369523,0.06056536106396097,0.05337663089036858,0.038786712281411714,0.05232450056615157,0.0437820288981937,1.0535714285714286,0.00017552482042992455
0.013602649736040952,0.018324162031560055,0.03006007000076688,0.02062006903925293,0.015746608340924163,0.11060706224139806,0.08055882900763753,0.06520405245825224,0.0829842366935491,0.06597007421769799,1.6747967479674797,0.0012157859503767938
0.03274090221413534,0.0398389833530597,0.037894171928145676,0.04750725393453862,0.026917793106173274,0.07087918487548826,0.06784772299976934,0.050248673109339066,0.055616102329783375,0.0638985743610933,2.5632183908045976,0.00022906224268133863
0.016531517933546836,0.021101906363601916,0.03374399871851846,0.029391656228693813,0.017474121467509623,0.09157069965560374,0.07470568784610729,0.052710957318497585,0.05599810323055697,0.07560935805608204,1.3888888888888888,0.0007380762382794599
0.030121866543533674,0.036505285033141405,0.04127858891947552,0.046546342512881624,0.03088789234294335,0.060670913463069145,0.07341489276260436,0.048477530810961525,0.0662281328053269,0.049583703335724795,0.9451219512195121,0.00021466226780996137
0.028374524675531577,0.03470708246741595,0.037975690952081094,0.03693107719195036,0.02909808432125645,0.07271281367112857,0.06109943126427916,0.06012993703236199,0.07774600295331076,0.04862151269165991,2.608695652173913,0.00032792727394950766
0.06280405502150586,0.057240546850255786,0.047876400147704334,0.040416025756955264,0.039719266486861464,0.05826047615608915,0.04344025084024768,0.0333961340024213,0.03673201779707392,0.03719783983163011,2.710526315789474,0.00010679189819628722
0.016791386735172522,0.023319915509401722,0.03448761211604567,0.022761898593868533,0.01929694567675453,0.09449631281410728,0.06572327458779963,0.06498969452061577,0.08358563314338116,0.06070900868385352,1.329192546583851,0.0008239140745625853
0.03797320663652595,0.04390442894314775,0.05384558365227329,0.038410979242238213,0.036702210658028804,0.058395193197739524,0.053827781141017765,0.04475371477750455,0.05225208665154488,0.05176487747984123,2.1465968586387434,6.1023521825566016e-05
0.03149657946218765,0.03557610119758507,0.046424029272104025,0.03874169370119541,0.027688985453661445,0.07346549333864921,0.07070164564747025,0.045262481349137906,0.05290232017053959,0.05942468356577878,1.4455445544554455,0.00025034177823428984
0.027162471235138125,0.03963959429778107,0.0498109959441668,0.04647637024670808,0.039646216601792926,0.07208279331821,0.06548684206527712,0.049537148938455566,0.056588535398338025,0.04740120495679375,0.9036697247706422,0.00016917864895649832
0.033163808541514746,0.025379754367993307,0.03485771819827774,0.025353124484558145,0.02247993377663498,0.08145635974996611,0.06756472628743831,0.054119984683555285,0.06069745949595361,0.055533760519491,2.0497512437810945,0.0004209550990706499
0.02808241545725065,0.03470633851110691,0.031296323225976204,0.03293828851772119,0.02374210708248587,0.0796593996720541,0.07695620604790272,0.06428448554027147,0.06996862731943507,0.05962162285908791,1.4047619047619047,0.0004829122905605278
0.02181484873697168,0.03487247332922963,0.04553212390858784,0.04032158755122602,0.027888969648204837,0.06521909466841984,0.0725451384580746,0.043815138176935116,0.06777424316522637,0.05087393431088509,1.218543046357616,0.0002927246938157399
0.03673187074220076,0.04081978879974059,0.038951756934901216,0.03421944220155086,0.03269534504846928,0.05950219540700912,0.04923072405467662,0.037539471828555965,0.043029739003336745,0.03524284348598661,2.324561403508772,6.625434406044664e-05
0.032715960165703384,0.036117630521856785,0.04296859036328594,0.03682220169783596,0.025282455211586313,0.06457346980207956,0.0477298744976402,0.041581073175708735,0.047787023991490415,0.053177131178447065,1.1037037037037036,0.0001245933799493053
0.024519676489772206,0.026962156464105658,0.04123427319838052,0.04012153409122978,0.027451206157474962,0.06960122359469709,0.07343370348648016,0.049057518308520356,0.062244392943567754,0.06117836028169471,1.523076923076923,0.0003348256056021498
0.030769587421000152,0.04600160336916861,0.043388237131279934,0.044919170793344065,0.03157199826997245,0.07259911973598772,0.06178273003801706,0.056676783665883385,0.06848113055334003,0.050069101775872725,1.31496062992126,0.00020296540881076897
0.029293200882462553,0.03174377317250584,0.04347987944825544,0.04827343512268756,0.032330953755135144,0.061949102793054676,0.05863053410655301,0.04854451096359898,0.05425836915025675,0.044938383484272634,1.1009174311926606,0.0001295694921797343
0.029638634776741283,0.028977901407801442,0.036088497199366555,0.037973260217513995,0.032847734136401456,0.08885670162648994,0.07991669107200544,0.06024954892979325,0.06433134745398625,0.06608137435517161,1.532846715328467,0.0004889423183128297
0.025609607841611457,0.035019129743855244,0.04011057876550803,0.030001164666033586,0.021935295955022322,0.07538231728637762,0.06926824206708018,0.045985973146443176,0.05852475262086941,0.06759562619350178,0.6679841897233202,0.00038057559912035394
0.025892528374347037,0.03353610107854053,0.03599123395437019,0.03640899698453589,0.03028740139612963,0.07040916498964404,0.05978180340815232,0.053040163075977295,0.05314498535880956,0.044766929661070376,1.8571428571428572,0.00020650702467912678
0.03323961984860288,0.03118753206511462,0.034377717043423836,0.03571257185022616,0.025434594532456195,0.08093227280812199,0.08118312358704165,0.06636789676106473,0.07077226063778234,0.0649579449018827,2.2214285714285715,0.000497821681398422
0.012501206428628104,0.01749565428049753,0.021746862752029722,0.021048230093050825,0.011365285857870198,0.08798372684074747,0.06894113752187851,0.08213866948630892,0.09327484533600729,0.05678621609788107,1.0509803921568628,0.0011415090106270912
0.049492055109998524,0.04995232848984265,0.04300216373135379,0.037019305173529665,0.03157721729911533,0.08430344550355717,0.06337663176944035,0.05270595499864358,0.05618079336602045,0.056462492383613394,1.532934131736527,0.00021579202509952665
0.02574049339842065,0.049629466578396966,0.04190971146605942,0.03358870915313443,0.023111181747999095,0.06665246507028945,0.05844154378062936,0.04806459494925571,0.05611045762852007,0.05512899209243503,1.2078313253012047,0.0002099071946239682
0.04068528884446603,0.03761374283458628,0.048482086018308175,0.04484892400936025,0.03356036663841836,0.05493138748263833,0.054326449263970226,0.045452065032329916,0.056239937104111626,0.04199521080843318,1.5142857142857142,5.89724820168134e-05
0.03635385815995378,0.03904350743685146,0.046112540618479955,0.038170409822768175,0.032395135191559524,0.06835240759269949,0.06941140710149711,0.050738975512665624,0.05571920679092719,0.05138687249713695,1.7122641509433962,0.0001672077273876367
0.025532445439960944,0.03197003815797551,0.035664867476282745,0.025080673983602347,0.027825305828922113,0.09223719766921012,0.06491186159690869,0.05336694869095844,0.07023819666257602,0.05595761584111618,1.5,0.0005194500179232986
0.03780541180372441,0.043901912333901005,0.046224815291883936,0.03185208344168385,0.02456304221038306,0.0610246701544897,0.05677646878750076,0.04377695672785067,0.054691026653316564,0.04680328123511549,1.2142857142857142,0.00012649757079764495
0.022879562911231065,0.034628020464264574,0.03225755727410006,0.03274095435735915,0.027462392946011115,0.08778498954013178,0.06364963741782889,0.06070989462223391,0.06321873009793949,0.056413127252399796,1.5521472392638036,0.0004448540490980555
0.025524809119570935,0.02517848164705691,0.03624514149340107,0.040933022912862535,0.027361315013967907,0.07153779579602353,0.0824326459875784,0.06356371106431563,0.07646699537705047,0.052017006547230425,1.553903345724907,0.0004892441781976814
0.022116899301255776,0.03389356049574338,0.04469120775720745,0.03013158182345976,0.01887652426451668,0.06924151642603527,0.07227754296282682,0.044670359531744246,0.06355145014394856,0.05676225211451529,1.6031128404669261,0.00037345127720871026
0.0337729825889255,0.028637678775788992,0.03850130622515329,0.02933299566750344,0.028035550382973975,0.09521481639687758,0.07159372388203786,0.05698054221764265,0.0576466859570905,0.05623321487500137,1.158102766798419,0.0004907252838449905
0.03038261766747791,0.03114355379765564,0.046591937550607795,0.04761213422471518,0.022847579732783233,0.06806955405035034,0.06028365447767165,0.04171020356200143,0.0524109151840486,0.05561133815196266,1.5704225352112675,0.0002050505926706714
0.02043248230620401,0.04151443705680134,0.047878478045376635,0.041536596653581455,0.02799293727232724,0.08302250474570223,0.06437649781030497,0.04689500255731338,0.05504962486512147,0.058555696616808706,1.344155844155844,0.00032177194693523844
0.036273692247768226,0.045736977877147075,0.05456800291118608,0.05029654842780014,0.041513954987769004,0.06316456110049316,0.04610044053284036,0.04550413885507294,0.0540248908178489,0.04227508709662933,1.5142857142857142,6.021725494646468e-05
0.03449212586907486,0.03556006969974771,0.05044144547633867,0.03895950561259999,0.03330931476488942,0.05952497942642652,0.059675109172175146,0.04749354532979205,0.06017642483232063,0.040906294649512606,1.382716049382716,0.00011898044251691298
0.022695962100717577,0.028758244995689068,0.030814321230137276,0.026787380946273465,0.0238202926614064,0.08878892105461095,0.08259969581176581,0.06838164041802086,0.08490375211464307,0.05847846615554956,1.6285714285714286,0.0007731872654091054
0.0369531871812437,0.040701783888987826,0.039790077751040355,0.03753872271857208,0.032127165528950744,0.08356637924828104,0.061577942598059855,0.04693390638094803,0.049679003624720094,0.06248654030604877,1.0276008492569002,0.0002504816029305776
0.03185975854620066,0.032216164876935106,0.04435143455113815,0.02972960101199007,0.024329259649101556,0.08076750674683662,0.06214992617200154,0.057706095002482055,0.07764240132338876,0.057481045563619465,2.0961538461538463,0.0004133906377010479
0.015616414152176041,0.02377514819144629,0.030689910458831002,0.027320290992837788,0.01672055212334946,0.10620833870390653,0.08724194236865668,0.07278285345570076,0.08164687343786255,0.0675382006236877,1.223809523809524,0.0011279990090400233
0.021109723806749574,0.01948065838947063,0.030112045521798993,0.024729214329404926,0.02115924722919668,0.0872106076850281,0.08359402458671142,0.07066987831044692,0.08364923726238555,0.056803557991262466,1.7195767195767195,0.0008611980344093189
0.02147728970835265,0.01879678294828398,0.036267872318689574,0.024470939143660324,0.01818928070176307,0.08847012204340134,0.07128324282269075,0.0578257105759811,0.07945950690224918,0.059713283083711245,2.0277777777777777,0.0007264411008949606
0.036516419865518124,0.04670978458009609,0.040365708237121746,0.035180932093220534,0.02347395007834232,0.07145026929058187,0.057956230410044836,0.04491072521334751,0.04577860796700755,0.0438332490012938,1.8114285714285714,0.00016934998261061327
0.0367398651745861,0.03845317560383204,0.05423142142427314,0.05204318508457166,0.03200003131780671,0.05199619066689115,0.05639597146344611,0.039371171100843066,0.045244572905090145,0.041529201859207034,1.570921985815603,7.079136140028904e-05
0.047184209987718155,0.042881063785743294,0.0429491719682491,0.03780509611167223,0.03519336493638472,0.07575566024906691,0.07280218415596805,0.048288819905600903,0.05121201750190229,0.04967772115629306,2.5853658536585367,0.00018474034634186878
0.03316811962087455,0.039773933129415164,0.043017903060937786,0.041732839750465475,0.030267577729572913,0.05733948438557007,0.06294170633589481,0.04710204455845203,0.051549386217202606,0.044807747655112355,1.4365079365079365,0.00010224232659323698
0.034955237753457435,0.04345215980628768,0.047873193915623544,0.04649694406282716,0.033028842153394244,0.05808065535581378,0.05401052413722484,0.047701626812236275,0.05110311679982725,0.03970039203442522,1.9146341463414633,6.421378575078184e-05
0.008515154639726057,0.016700402376498266,0.023341150618612028,0.018184296293160235,0.01148181976456159,0.1163810437176798,0.07174839842095944,0.07229642932108206,0.09587268333328913,0.06827856570203468,1.4090909090909092,0.0015389589654192662
0.012665724773676851,0.022248958290596754,0.02391198222800427,0.018273017692320568,0.016646133519393373,0.1149238689705652,0.0906972335237678,0.0669772550123559,0.0854857403266011,0.06524612968954595,1.8660714285714286,0.0013984176427653736
0.025403735260308157,0.03660612147211455,0.045624929643342055,0.0419693195824785,0.029352278832922768,0.05531053217180901,0.047085994109591425,0.043656339190052386,0.05279160012008712,0.040938131804341076,1.538888888888889,8.898267541414197e-05
0.049360596066137526,0.04813096501887663,0.04883140137098505,0.040637042777899916,0.03536293058514906,0.0548497784807579,0.058737418211522355,0.0424210175918708,0.05485570804368388,0.03769221528508097,2.061224489795918,6.163743914883021e-05
0.03745695057065362,0.036083000342706055,0.04611973474626213,0.033242420376175585,0.027703548768334817,0.07245422483124868,0.0551954752955753,0.04490523889748182,0.04693282920652695,0.04971649257549595,1.706896551724138,0.00016208231803405097
0.027246143311366416,0.034265305566588106,0.0427763981658439,0.04336768316207289,0.02715309099252132,0.06736127151406807,0.06933189259717981,0.05935650260878422,0.06617876337443442,0.054642959055069974,1.6827956989247312,0.00026917056619855744
0.04477225230888379,0.04269535200968169,0.04381841486123558,0.04246701907131778,0.0364883902498589,0.06439077642947565,0.06827666032021493,0.05145730681636314,0.06062371456580254,0.04511290369730675,1.925,0.0001153565654941287
0.032647107617149757,0.03180940924899061,0.038302481562342956,0.028406746486054155,0.025137183429507572,0.07283307309146651,0.06462565713649521,0.04762088321080388,0.05328152078060525,0.058671719111066084,1.1720430107526882,0.000273601342512124
0.026338859653698723,0.034106687005366676,0.03427668516020343,0.041957135950905784,0.02931314375959152,0.08890413186460482,0.0784380626791928,0.06771659029914692,0.06937215421637724,0.05791496654214194,2.5125,0.0005051173551017456
0.02767565671513226,0.01915520159622501,0.032426624376322044,0.02275871369119767,0.024971661809092254,0.08149552507169892,0.05786650276413277,0.04847840585199848,0.0620343091309859,0.04452314615513085,1.1366459627329193,0.0004155636086931265
0.01879135109775706,0.024364685624100785,0.03271959564707167,0.03658896909742665,0.019146067834183884,0.09329648743425555,0.08352671367300339,0.06855804381535419,0.07150803039245074,0.06379850465034277,2.564245810055866,0.0007824976249600149
0.031150617937099393,0.040067617207006294,0.04556984994036573,0.05009436685620961,0.03741846088165972,0.06994132482833659,0.05400699856813062,0.052467605217211166,0.04448958664005538,0.0428615534332657,1.2327044025157232,0.00011455999295306077
0.02135042089712064,0.021945413565554687,0.033039640834875456,0.025641321717271338,0.02113553925901166,0.0915443769597827,0.06522619147155223,0.06171373782188873,0.06503573124504705,0.0611829780416534,1.027027027027027,0.0006293939065411634
0.02199331622642844,0.03216364363268614,0.039509693304791184,0.042664116224217695,0.022870535524809072,0.0841421962784108,0.07468617507211263,0.05846987226624883,0.07076758062971669,0.05380972952362627,2.0141843971631204,0.00047721172632226357
0.022452546844813678,0.03155488056002999,0.03811352092482906,0.03153476067799389,0.02259929227235726,0.06414860545763393,0.057647075131471305,0.04419206624339259,0.056588885468529915,0.053228668073547106,0.8246153846153846,0.00023010086432263444
0.01919576541071735,0.025683131314388607,0.030334144377268835,0.024672089845675566,0.020142746940278202,0.11320348436380877,0.07572650055791615,0.07110568300318969,0.08443728181625929,0.0622177273070882,1.2108108108108109,0.0010917455205670453
0.04169559418187384,0.048741491873785854,0.04880564105720833,0.04576981823346776,0.03366270245354618,0.06081373198348523,0.05509509646753985,0.05074524867266662,0.05500164308770793,0.04434090348929482,2.0,5.9308230939164055e-05
0.040870559024854175,0.041735272307641236,0.04907405642583459,0.0389397799470784,0.02796113648924652,0.06986893825418704,0.09219147120395914,0.05476367039360318,0.07257595835592995,0.06596413260299062,2.45,0.000381295406473207
0.04033836900490793,0.048145120854554004,0.046437522448426256,0.03628918823368692,0.034318650517526486,0.06626068375422672,0.05870213157528784,0.04397166507654917,0.056701409173576196,0.0470539314339821,2.172794117647059,0.00010288814996171658
0.024279236883503474,0.027217611404240515,0.042491633414693156,0.030560638228521456,0.021732927994407215,0.07290607034324771,0.06394281496938677,0.05364514305683639,0.06013395705575485,0.055778427799933965,1.7526881720430108,0.0003398347731573146
0.043077177649007814,0.04339034154737056,0.051169759122748154,0.027106437271675308,0.027530634205428603,0.08356707378062785,0.05428235418367458,0.04476231705171748,0.05914249967269564,0.06311866391868211,1.9775280898876404,0.00028326223957837114
0.02150941067197774,0.027613410316747366,0.02882325621089602,0.03115921114718193,0.01999918375119839,0.09761324841866117,0.09042094485088951,0.07370834264090072,0.08022338949580825,0.0652448102908448,1.6150234741784038,0.0009436988506330742
0.03221268005996889,0.03981005003427031,0.045383524485333594,0.054603991938729085,0.030370246758905192,0.0765835667127158,0.06066663803576315,0.06441260252289938,0.06160270248479003,0.04494084678333724,1.6067415730337078,0.00022502839179592402
0.015342901677083376,0.01966929008933835,0.02743072375425855,0.017373174499638634,0.019182577567813174,0.09861555497069054,0.07180759618577848,0.08155808064676011,0.10075727603788968,0.055420564212589445,1.2363636363636363,0.001231130897756602
0.028381327377728065,0.019527909614691082,0.03514798638711946,0.02397595003796508,0.01979441236704519,0.09761576774656806,0.08343231826594606,0.06173247379857285,0.068315382918888,0.06589758388492091,1.5333333333333334,0.0008128316473829657
0.010918079466813144,0.016021143120482105,0.02439687209844522,0.020702683373765466,0.015954402737022984,0.15590224422021706,0.08185666826168299,0.07454031387943806,0.0793475111386761,0.07588324144613048,1.8115942028985508,0.0021566901066846942
0.03470433827453187,0.0365869428767651,0.03919153463752592,0.03183588733864247,0.03450406101392492,0.09490426707588243,0.0785773880662031,0.0676264962226074,0.07792764579783892,0.05887152634485065,2.5760869565217392,0.0005337358017582664
0.03538397447880312,0.04020368763792761,0.041307474900796955,0.03635196305453829,0.029410854538356637,0.06448932361763074,0.053209546692171206,0.03649816732355532,0.04563027169211026,0.04136634709683673,1.404494382022472,0.00010129507800350795
0.023911697136889273,0.032740301937019274,0.03666272505299661,0.029420210766897766,0.024276561632791356,0.090326069407718,0.07608326848199315,0.06135817342831713,0.06798340678357177,0.061940398768989206,1.719387755102041,0.0005712115446615206
0.04319018587466505,0.048441906681207875,0.03868079958543823,0.050886028256768155,0.036703435454741286,0.06970999074765336,0.05370709506159433,0.03895578919470947,0.03590267734546694,0.04800219813888142,2.0952380952380953,0.00010590325750263164
0.048390751655071125,0.04257859282604051,0.05414161461013312,0.048135639722276274,0.032806445673598486,0.05032925993027768,0.05659765166200098,0.03678860116151588,0.044265498612905,0.05298436010069515,1.6666666666666667,5.8344998606095305e-05
0.030583361290349415,0.0344276050005508,0.0383931910111946,0.045691795436089366,0.02392624545863098,0.06388457823837816,0.07283782777612542,0.057426825543593324,0.05964185855232912,0.05394900826665305,1.954732510288066,0.0002548534966130405
0.02473201507583993,0.03637706263922241,0.04626772287710381,0.043273600785139074,0.03014786191002247,0.07205989530392382,0.06094967490362537,0.050120094977946394,0.06758435000196718,0.047564346209370764,2.5906040268456376,0.00023947211168491095
0.036781347102580346,0.03607599601738218,0.04009401849108441,0.04615112281972862,0.03088041104001664,0.06203825278940094,0.06814929384397436,0.052995133739436776,0.0676281917104504,0.0480479115249619,2.1822660098522166,0.00018139020908040975
0.02788588085731232,0.03150935161015859,0.03494613318097062,0.03278770589747978,0.024123438446353285,0.08484127525515302,0.07859655831606195,0.06493065155784386,0.07805373145009052,0.061799238649376136,1.45,0.0005740365632619751
0.03438444573031901,0.037622536172265054,0.047930714085596696,0.04904644901136908,0.03457729500016252,0.04663527243517491,0.06758049764145498,0.04318830391229786,0.04492078672066911,0.04238395357748743,2.1176470588235294,9.145539812679581e-05
0.023246209471357887,0.0364616236294439,0.039890173862564236,0.039039424771567355,0.029247029773790942,0.07909417390142436,0.068825194467555,0.059147199856177536,0.06589550453229337,0.057021096501841034,1.6703296703296704,0.0003486799818894594
0.023539280302616178,0.040477478177775056,0.03966739851805772,0.029772573482646142,0.024644583171527904,0.08564810425764176,0.0692708083664632,0.061879724352575646,0.06264308938235857,0.0664847892991195,1.2,0.0004625455108475817
0.02594326768591032,0.03478846003689293,0.04024493680757202,0.04177867519092769,0.02722133599903233,0.09572986527263173,0.06377601086061307,0.07124637982153956,0.0825635338462776,0.05505189713474444,1.2548076923076923,0.0005736689317697244
0.029137480833349726,0.036546326153262615,0.04958992299712607,0.04645217919785182,0.031382724681138584,0.047155283945927655,0.05403376691565973,0.0425069014473939,0.05127988458550463,0.0393189537977562,1.9337016574585635,7.164566317925538e-05
0.02622213761762907,0.03668218613526323,0.038625184604501005,0.031737679933754925,0.032476513626897525,0.08684240384913283,0.061754291404536,0.058723258199216526,0.0640547234553714,0.05108182777242736,1.3969072164948453,0.0003632361834981282
0.020773696362814405,0.02620978964614368,0.03888737284876854,0.030781890561977474,0.026867872983356106,0.09602169840711969,0.0752785987263495,0.06007969629164332,0.07614369296055738,0.057447792535637414,1.1243523316062176,0.0006709364130907617
0.025070392129874504,0.028618396345833668,0.03753062806157008,0.038213870720056976,0.02436406849544913,0.08663264753555425,0.07705573902125125,0.05769712139214501,0.06671909422688743,0.06482496704626146,1.9367816091954022,0.0005175832835927411
0.027411063493720328,0.0355013174802196,0.04753807934628945,0.04276722083566744,0.026839041057176483,0.0703416420491526,0.06709496682890069,0.05172308367151303,0.06478377730149963,0.05729025367365542,0.9795221843003413,0.0002542652844498335
0.0213851199824197,0.01998823882133054,0.03083680392406976,0.025459557060570414,0.018995017741555348,0.08982661949521019,0.08102105378613501,0.05687004946153251,0.07445177469319986,0.06053516500336613,1.462882096069869,0.0007680297017084133
0.062384084615455755,0.07910905125945839,0.04551423798795848,0.03810177204429116,0.022264284194575188,0.052641639700790055,0.04854304521089524,0.0439944327125689,0.04162461820712899,0.05126056532928775,2.126126126126126,0.00022526223684442756
0.017700511594093946,0.02282658312683978,0.02598119519131418,0.024788137186688715,0.01643232537311259,0.11079906403472252,0.0722075178110719,0.06479834928457288,0.07254656444878634,0.06518382796224771,1.7178217821782178,0.0010293368262075673
0.03166715490809139,0.028589142625490786,0.03513678448506959,0.028503865057189076,0.02681744201560357,0.08208356401165472,0.0757057847845794,0.06144163005555297,0.0712454944133196,0.05619299416844583,1.5806451612903225,0.00048056012763066796
0.015118720662668266,0.020061528355227072,0.024289297973352206,0.020646152195387003,0.015557321320064934,0.1366250080910531,0.08480695145440711,0.07787145426117933,0.09613163617868892,0.0743225308616156,1.3121951219512196,0.0018450925878408058
0.02461750850814778,0.02806205497515138,0.0385059952624454,0.04064218498980078,0.023581483303651982,0.09134126980756069,0.08352428324472072,0.059073657453451694,0.06477746801642331,0.0679918286872569,1.1116751269035532,0.0006057369596632951
0.03383965021924748,0.037044145145824194,0.040868749942543484,0.032382279263133695,0.03140051763007203,0.08398987384330471,0.07163768331303762,0.061640853044622156,0.06841514122155189,0.06410308082029578,1.3945945945945946,0.0003779577816165187
0.03651735649523397,0.049971477537834486,0.03059206230487133,0.02670520012718536,0.02338283948414655,0.09468446165038907,0.07761614672097032,0.080835366670572,0.09142598565276688,0.06465821334009945,3.1030927835051547,0.000763021097071757
0.023280723021848637,0.026900440712999046,0.03157912080674772,0.03347133201515299,0.02359871663136294,0.08370307595073428,0.08323464696036979,0.07179636754233722,0.06726788029111166,0.06528724175534201,1.302325581395349,0.0006438024972787686
0.05299022539626694,0.05272001497851784,0.03607307263011476,0.039127274890768005,0.04419800714354605,0.06460955703894374,0.04839624140265201,0.04262417614548005,0.04384780650036653,0.04481727403651413,1.5454545454545454,6.707655052872716e-05
0.017872220182686017,0.025772236541254323,0.03285365202626718,0.03480008085450818,0.018982953851788414,0.08619976255750174,0.05893294210971563,0.04116007457775833,0.040680027240591776,0.06355685439397539,1.5073529411764706,0.00046868806317331725
0.037742486370393215,0.046404543994018076,0.04107632362997403,0.03299037341254413,0.02500679416311301,0.06859679083554825,0.0666091136488797,0.05150597691820611,0.060016260951880125,0.05513387634423803,1.5185185185185186,0.0002094660044699078
0.025206924081201402,0.0394476202212083,0.041235376294258004,0.031013653333858103,0.026078412255694714,0.06739503772603565,0.04573936555645493,0.04453285048486399,0.05386785899235643,0.0438745074432882,0.6331236897274634,0.0001636345277551433
0.0250136352881037,0.027465788143536184,0.03836957818547955,0.02965810142193794,0.023895042786168483,0.08839027304162554,0.07875808497278992,0.05484984638184312,0.06482073226719914,0.060628105170758825,1.480349344978166,0.0005569962379670617
0.022207174805285054,0.035914592471829654,0.042814592312086855,0.03864075053176989,0.02913294095718633,0.06732410639123668,0.04977006782549264,0.0372369316956553,0.03977545689339613,0.038032135881749085,1.3941605839416058,0.0001460760085942248
0.027935972012726566,0.03550105910672116,0.04314615202263996,0.036217966260785446,0.03082516088981698,0.0698000437853102,0.0682563186555437,0.045266923204489475,0.060129499920083235,0.04769160147094917,1.9275362318840579,0.00022591075283044548
0.03811718389809917,0.04215484014167079,0.040656989104891905,0.03582824214966164,0.03510637642579407,0.06756455975776333,0.06416283670312786,0.04997341202248759,0.054133556195035654,0.046552706955752296,2.1956521739130435,0.0001316073718109772
0.03113598563569187,0.04291325655938165,0.039769769087784936,0.03748660577471103,0.021935232950077006,0.0641692074529628,0.06341551807783025,0.046532002821126996,0.062029082889941606,0.05579092624187911,1.6213592233009708,0.00021163221887171988
0.019541391302895426,0.022747998813464315,0.027560299860264245,0.03200473787085544,0.01945152921856499,0.07575415423274791,0.08474739130076919,0.06056748727802997,0.0712099786162596,0.06560941500745168,1.443609022556391,0.0006737262436431744
0.03227246895492656,0.04177407082294452,0.044257048347818545,0.03486075090266597,0.028859298204588088,0.06392494791751906,0.05063206830183005,0.04998758468310483,0.05816550697609338,0.04949102224924711,0.7114093959731543,0.00012697112292070636
0.026657045368098042,0.026810466324987996,0.038040617031762744,0.030772665417001636,0.03218471437545062,0.09973080187139265,0.06725021790189478,0.04970646380317872,0.05208845727117364,0.05597112407111686,1.1464968152866242,0.0005200403047897575
0.02295419382355585,0.03810826054386678,0.031495696363506374,0.03162946053310309,0.0200575268200983,0.07394188285569395,0.067428208601538,0.05174621309933851,0.05738125821825445,0.05912607262955944,1.0809523809523809,0.00036158793455930935
0.05914351919783181,0.0506671556543957,0.05225590342767576,0.04441422182531016,0.04298291426667167,0.05987371101341694,0.045877710739285746,0.033527435732467206,0.046104898965703814,0.04836018536901407,0.6582278481012658,6.056332053072237e-05
0.03635300020444867,0.04285526159195379,0.031208784801706888,0.03428722893534165,0.023922452781443934,0.06132336337785132,0.060367587626151444,0.05152831251660688,0.056802523692247545,0.05379630521686973,1.685897435897436,0.0001766561363819393
0.02848003328314701,0.03556477828465791,0.04052930680102398,0.03718796215872548,0.030316854339495485,0.06484343190660634,0.07483676601671901,0.061125959398893266,0.06686145612605418,0.05268609679191921,1.4834123222748816,0.00028439220911264507
0.04155272441810862,0.05656691780302215,0.060488854334521565,0.06136691776798598,0.04056858229228802,0.06602977016173896,0.05286107583963955,0.0462313009120462,0.05681793971870862,0.04704097460618703,2.6610169491525424,7.667388970375341e-05
0.021497183737336684,0.03806785065587842,0.03702957486219213,0.04480164468300183,0.031746468462856545,0.07945225702598982,0.07313009217403153,0.05799171207871756,0.06309235832831983,0.05004457709706833,1.1589403973509933,0.00034666210643661226
0.023615135084671387,0.04113335646663452,0.04551520647419244,0.03658064947106497,0.029852586235100176,0.06835507882586248,0.0656086842234726,0.04614284551903222,0.06291708075364226,0.04834218259531666,2.0673076923076925,0.000227100840574807
0.024546824988315365,0.02732456740477278,0.038927525100054775,0.02656674446040678,0.02486947171150971,0.07968049178411664,0.06331973039598905,0.0601558516294742,0.07732008326919884,0.05230183622509847,1.2028985507246377,0.0004795599032614859
0.02715309788384411,0.02908455585562364,0.03340734335149999,0.0230181830419526,0.037666232959786404,0.07164084831270569,0.06709036551354917,0.05287792210761016,0.06407568552850469,0.05624476916553433,0.8493150684931506,0.00033091848669181974
0.03307359774284438,0.03899213673840427,0.04708861409026692,0.048225152211606365,0.030574632840157576,0.06334200324468994,0.05892918993266607,0.049439184811662644,0.05758060074919008,0.0473412702822233,1.4759036144578312,0.000117183382518568
0.033982374062822514,0.03963168894412819,0.050367360711747744,0.042785713852280784,0.027584306779040085,0.061462418438467864,0.05935925820147157,0.045298910959554385,0.05918529467453992,0.049765232420025736,1.6331658291457287,0.00012785779434939382
0.03320768043610473,0.036765275974856335,0.03818426550177167,0.04522466931829712,0.022206988780806645,0.06315882099000372,0.07761441495454045,0.057062656337579225,0.05737733170636349,0.05477331221362469,1.9470198675496688,0.00027044455804064093
0.030878737453244556,0.042928508978604105,0.048360889588746375,0.03601451093159649,0.02588805106849036,0.07067651863189557,0.05392684629036743,0.046359233646045404,0.056841267468267155,0.04939139517494098,1.3421052631578947,0.00017206997872208304
0.03474736199545343,0.034624631220096236,0.041961434981901406,0.03495811454201489,0.02750910169457118,0.07717959061067393,0.05907121791881707,0.051422926965756996,0.05628238527626053,0.05188413205229453,1.5478927203065134,0.0002266283279272888
0.02889430163595666,0.034533128060229464,0.039289611720043235,0.038764281928329765,0.029024770293586605,0.06504763453626028,0.05707403014031483,0.052628875337564184,0.05350053806190666,0.045913628975205435,0.7341772151898734,0.00015242144758986968
0.05059915867105401,0.05025448656526422,0.046211052516677426,0.03632546129529713,0.0355273006904845,0.05585244498929146,0.049668273027858874,0.044249953418567904,0.050074911831174025,0.03646459373064236,2.0419161676646707,5.126805398991796e-05
0.037394905429907976,0.04869801192208273,0.04814856884803846,0.033611311435903235,0.0318627121050292,0.06394958616239031,0.0454670090986009,0.04313684968623337,0.05976638829103998,0.046393059813847115,0.6319218241042345,0.00010659734284336567
0.03205743147714699,0.039242128081782825,0.03716991630107485,0.02793632423240012,0.02407538591931201,0.07556858978502225,0.058727501578818654,0.05926286739013075,0.07154004926583386,0.051484904195256594,1.6838709677419355,0.00033227449948188117
0.03110622140132396,0.0344426927344128,0.0427715971620334,0.03710749072877725,0.028176302121383296,0.07782966846221702,0.0791560816487019,0.060629405121938484,0.07596625893666477,0.05673702515112269,2.1641791044776117,0.00041041124596674937
0.033081438660579096,0.03812117585292305,0.049368935854499155,0.05057202068316135,0.030328032952351983,0.06055822830263969,0.05533424450528784,0.04714842574056575,0.053907725234683485,0.04076840407954646,1.427710843373494,9.967262733307453e-05
0.02255248819433552,0.027958219235856615,0.03408617020834639,0.027245065600712236,0.018693286359204482,0.0748483539245832,0.081990995452944,0.0610403086640932,0.06647558754570744,0.06337030706196004,2.239130434782609,0.0005728952195562761
0.03191321971257453,0.04419804043252999,0.04572447875040478,0.04722186150880223,0.02910758856456918,0.06636245343940089,0.06297836377133778,0.04697138369189149,0.05551769890969447,0.04622397792102328,1.2661064425770308,0.00013964174862606988
0.028536005562843123,0.04025789385895113,0.040279866082731014,0.044792075129362716,0.03324804375251851,0.04923711606943629,0.0641902843341829,0.04935905685658712,0.0656624366247522,0.04548510679971839,2.9134615384615383,0.00014157440417638615
0.027426020984863003,0.02782926781869481,0.04173363429060087,0.031806740213879456,0.02963277151283377,0.07606378114746454,0.07201446561375717,0.05711825742138786,0.06425923234802026,0.05701267839824321,1.2107843137254901,0.00036217746859660535
0.03963879191293477,0.042755876536157,0.05192030098168845,0.04619993807964476,0.041374390276461885,0.06754237713382841,0.058837233245914895,0.03740014600582671,0.0499644750080947,0.043503397263283373,2.3640552995391704,8.840327336554353e-05
0.021917394933619435,0.03257148585476953,0.030922899679158428,0.03380663569917563,0.02024924320322795,0.07744882801928579,0.07933837036502094,0.060941907803717825,0.06851705937270335,0.06413304649005083,1.1485943775100402,0.0005410970574706795
0.01564348114047909,0.023022995996168225,0.02468291468201088,0.016100382950285465,0.014168573914937425,0.12568342478165176,0.07070143380442445,0.07529546041397289,0.09268206574935225,0.07367415195026387,1.7195121951219512,0.0015622856188553063
0.03142316174068919,0.03763464643696043,0.043481544890853194,0.038353522057457706,0.027703971018386918,0.04449096839135287,0.05381009465017099,0.04171928836727428,0.04952590669443713,0.03797255660050704,1.144736842105263,6.112646481339726e-05
0.027100969460855263,0.031533979184864724,0.034676762330001894,0.03876591291550162,0.028012445611626687,0.06734059141083842,0.07343540955998076,0.05488911414496735,0.05632930352223046,0.053887716447343255,1.5751633986928104,0.00028033574474552354
0.01827792239953412,0.018097271915076853,0.025235670878848062,0.0185819247354565,0.015973865955858188,0.09518012629386975,0.08600018717150479,0.075073978867842,0.09265554589758125,0.06436840054370503,1.7619047619047619,0.0011961341273067322
0.03310470528367785,0.04400013933233521,0.052780280884228405,0.042206338616641165,0.032549478849589975,0.05594552493629174,0.048640363036973576,0.039667482700468625,0.05509579903423204,0.042181972375601395,1.7105263157894737,7.063824374320923e-05
0.0303059949826673,0.03841764973476346,0.04683413375047397,0.04480397474060961,0.0286142820719079,0.062744174609048,0.06058961895761976,0.04476036020617002,0.04987962520782618,0.04947855218179349,1.3944954128440368,0.00012542450048133973
0.028594416545124225,0.035069886609365206,0.056607134412632425,0.03908908740454793,0.02735871515822157,0.06083324885888048,0.06777938792289856,0.05173743693142239,0.06493735701824263,0.05415037451238287,1.896551724137931,0.00022378993487184032
0.026302587001312445,0.033510015329878566,0.03382310890937746,0.03242464722694729,0.026167884955254236,0.08291177478539226,0.07787724217219613,0.06536459442657021,0.0743247660618935,0.05783217104365828,1.5339805825242718,0.0005233742623869412
0.0388876840557554,0.036499435044199065,0.04581766555247347,0.04356932789886185,0.029364025499468482,0.052691843946136435,0.061942466698987154,0.04577593687032191,0.052661782662907955,0.04616438319258622,1.5029940119760479,8.472808557730908e-05
0.02263926891041929,0.02551579577404923,0.036894589650499306,0.02457615823397149,0.015473192202571746,0.08271747527069051,0.06602215899637146,0.0649239969609866,0.08624832271095534,0.05733576242368899,2.1623931623931623,0.0006938631962328469
0.020605144240303398,0.026015291676516596,0.029501433428184322,0.02583946142228344,0.018082131059538365,0.0745010337883363,0.06352145040513316,0.06883604959780046,0.0838633199211128,0.0562862681563721,1.5591397849462365,0.000630845091553768
0.017859042571997812,0.020187010000554884,0.027699725388389686,0.026407580130279662,0.02485346955514728,0.08348577306443364,0.06824570863706798,0.054298748916820835,0.05004339194542722,0.08528863125547388,1.9107142857142858,0.0006836406886841401
0.042476045949981237,0.04545425531670131,0.04720496758694273,0.04597917775347121,0.03901730155780342,0.07149374393549986,0.05288944789021088,0.04253818418296671,0.040603510057703164,0.05522018037876146,2.059055118110236,9.267835038533275e-05
0.038503861865614684,0.04567850145512596,0.04553723530156299,0.041065720802380024,0.02898184232348044,0.043356366607664704,0.04701474778726107,0.04738976135710698,0.05257033852319875,0.04163546618562933,1.853846153846154,4.030503162528022e-05
0.042372136638010156,0.036699804106944615,0.03884020960759208,0.03552918098148122,0.03483608230391839,0.07870435804895076,0.06809529379095353,0.061018599928831595,0.06287059893428953,0.07057314280520459,2.961038961038961,0.0002859341857729364
0.027544453488134082,0.037340693176309905,0.045028674612805464,0.050135525817353,0.03471502420673186,0.06309817971407401,0.05825579745824259,0.05478878024009976,0.060356954930072565,0.04628103522019377,1.2696078431372548,0.00013957783469019809
0.039145070740540314,0.05126217212242809,0.051500153566948405,0.05568157453680712,0.03707326521872274,0.056194088018665024,0.06074520576678894,0.04467736069404283,0.04909992088568276,0.04706660120894704,2.552941176470588,5.632424936874425e-05
0.021911344097099227,0.023798696575914633,0.03377641044835141,0.03162111551975816,0.016197342622408177,0.07623409102154,0.05822743506042478,0.06101271617606877,0.07371700076930504,0.050146208770528354,1.3227091633466135,0.0004860111851308919
0.027687402867413047,0.037732135486484346,0.03849425262336375,0.04196799730647859,0.02459506839854259,0.048861913602424686,0.053077859442804125,0.043975441864744044,0.04835599667020649,0.03997754611041099,1.9444444444444444,8.146150705991969e-05
0.032069175843305875,0.033360634130671946,0.03701562742191017,0.04028703813055788,0.025588043927051086,0.08303346451636053,0.09080372098559243,0.07255174208558603,0.07646830526621709,0.05966647634297528,1.7755102040816326,0.0005841661106081027
0.028730230422150994,0.032266384970667236,0.03538470254593633,0.027971432287887055,0.020187490165673797,0.0812981225009763,0.07964734795761386,0.0568287856731049,0.0654665546950058,0.061483578174140914,2.139130434782609,0.0005132518608918674
0.024268022629965948,0.016813033943573946,0.02503131990730904,0.023293248161725955,0.021119504640961604,0.07786840540923333,0.0491675736456044,0.04627145693486612,0.058655881575408554,0.04399082349832787,1.2242424242424241,0.0003942066484406397
0.009440844257164892,0.01790522335610707,0.022259302910144916,0.01907949183076937,0.016696219086826315,0.11677073569020933,0.08372480547137508,0.07458221110187917,0.0914357091279737,0.06860990750322604,1.8415841584158417,0.0015256742085768048
0.02584447473010427,0.0353431976714647,0.049288291716237415,0.049611643570532785,0.0359905873874323,0.07278916807341652,0.07622839287941202,0.052942252865739364,0.06063903573621061,0.0513306558581362,2.3366336633663365,0.000257345354739132
0.020274573189389702,0.02206489551880416,0.036694958853508576,0.02906686843153706,0.017628265153118973,0.0762237293087654,0.08199967300490615,0.06271648257474646,0.08075510569912255,0.06269032598856425,1.7545454545454546,0.0006997379679986283
0.02822460753304484,0.044777491219887305,0.033246678189886796,0.034140490109871885,0.029998480923509093,0.08002256137094056,0.051064053711416105,0.054707440564871125,0.0679973148329713,0.05148907437158359,1.6,0.00029169603599375944
0.025283896938438792,0.02493069990002066,0.04651167896696296,0.03535763213439403,0.024747210046222646,0.07512406494043257,0.07975340452734027,0.057217425698766956,0.08437841622291795,0.05293370187047654,1.437125748502994,0.0005398657681306746
0.03869480096617451,0.044952408240643144,0.04747998681744479,0.0389570500515604,0.040115938872153,0.06470839886834284,0.04664801467558121,0.044112240968974016,0.04369419972548444,0.04396782829412112,1.763157894736842,5.554061233535463e-05
0.022001297862667166,0.05753019044014997,0.03886981492727019,0.034563103799577936,0.03732601520866536,0.06484263382836508,0.04267975245808051,0.04405694955334936,0.05666688482754937,0.044764756915845444,0.5166666666666667,0.0001581146014300271
0.024548143360288467,0.029071242333883095,0.03880420997341595,0.041711170040453764,0.02843002388902303,0.05790131930643825,0.05281430155259912,0.05280664372822179,0.061441897344024596,0.048482946415573956,0.9885057471264368,0.00017190259162943962
0.009339239785107752,0.013098980555911723,0.021833678126756392,0.01645530684380699,0.008281453909178638,0.10437863162451233,0.06758115533237163,0.07237418683418745,0.09202294233975603,0.06682893966519149,1.5307262569832403,0.0013791745669227405
0.01788008184611807,0.022268342398059127,0.02533481301807125,0.02169828064660551,0.013636868142532326,0.09676326927623405,0.08415052496652553,0.06596452695535755,0.08239260087207627,0.06882708777690641,1.5677419354838709,0.0010604355929655603
0.026651063248451404,0.03334566880861494,0.030159313462458065,0.037500979461929755,0.023821254296335793,0.06244698620939648,0.07685541666983059,0.07148029674058659,0.06891696614076732,0.06082484552653179,2.2242990654205608,0.0004293246721343869
0.048617949761524164,0.0471159082038935,0.052469181796848965,0.04469357664952458,0.043515179631808884,0.0686164131271717,0.06582750289722505,0.05008800530834306,0.05364762060298065,0.05042331565097776,1.326086956521739,7.050393380831939e-05
0.03245712247559169,0.047777177562512506,0.04455198770854871,0.034773740643665126,0.025940250210231514,0.05578598494648345,0.05207790546016461,0.03914342392599785,0.05160756618144966,0.04982527876703729,1.1398963730569949,9.721929356099397e-05
0.020750689838120458,0.02955673911686136,0.04650524856217133,0.04855833664241518,0.02779838870995862,0.07218777324602572,0.06847948848794383,0.04535642181973341,0.05797376476489529,0.047628756514292936,1.5913043478260869,0.0002868080751560376
0.01954143131561372,0.02123106805902307,0.02991714947432237,0.023731318936858065,0.022576921506559558,0.10649119902714024,0.07047568506957415,0.06260922337851577,0.06848843733899317,0.061538868186177986,1.4722222222222223,0.0008696980689388658
0.022287869375297698,0.03596708852654886,0.04462570981231704,0.03982598000635931,0.025875628706816776,0.05608144788193334,0.0447743518766738,0.045671233416608545,0.056212123882192905,0.03853557730279314,2.0583941605839415,0.00012441566706680555
0.0347867087040084,0.03841981809900188,0.042426124361265284,0.04376845641249219,0.03292636030085691,0.0561909008429835,0.058842546738980386,0.05393647003442502,0.06042834558309741,0.048687113348220665,1.251937984496124,0.0001009108347820755
0.015477287791887055,0.021807319978755128,0.021356620260995905,0.017539431317587367,0.011718000419320956,0.10556739427496993,0.06823784465878284,0.07175742993199696,0.09120810112526125,0.0659583940303179,1.7552447552447552,0.0012404469211307679
0.020204166469504008,0.031151250102385283,0.03142715693828689,0.02356400194044622,0.021289681181246686,0.08563782036700714,0.0685405129762765,0.059431908262558966,0.06385110881574248,0.054516586372661296,1.4057971014492754,0.0005403421282207643
0.022815445052599248,0.022957673133355533,0.04185959107662256,0.034531364663457506,0.02476416038501047,0.08711126241733166,0.06889846223242282,0.06355785205566189,0.08762268790844406,0.0581858483048229,1.2663934426229508,0.0006442475661012515
0.04767053308845883,0.05579773998913512,0.05357073573261301,0.048332614768546577,0.039009817862508164,0.054518950888287586,0.0421341453398475,0.040029002874801795,0.04934793655788584,0.03795295068485469,2.083743842364532,4.472707189071881e-05
0.03692354223270629,0.05271780931204154,0.038708246230930485,0.03778250729329126,0.037274742412594576,0.07930547269241921,0.05252020977685315,0.06171859347224733,0.05642680892246793,0.05265814594054402,1.197674418604651,0.00018492189508387334
0.025234909484749414,0.030015049881097478,0.0375387119301319,0.03775188329687071,0.018865270066655327,0.07382508097495188,0.08639998554153545,0.06009951493645258,0.07025592502939997,0.06432220257361888,1.789855072463768,0.0005439494091729944
0.023417792195685024,0.033971309660619675,0.0294761650441051,0.033897996223742365,0.029710691000196028,0.07004834868682033,0.05878813461324459,0.05852741887685129,0.06993312563192768,0.04959995710057089,1.1818181818181819,0.0003137045986653202
0.031121761739804393,0.03906779958175915,0.038857054149668425,0.04152400026362416,0.02490637559668202,0.05843628650724833,0.045370912541455595,0.04477693122279099,0.06356665796858263,0.04837233447710828,1.3768115942028984,0.0001331759418598368
0.027552142797444543,0.038199055297248645,0.04569386573262308,0.03697970278134139,0.025994184108996943,0.07793659901356875,0.07268152930730931,0.055312636395391655,0.07440367418880539,0.06045793130234226,2.3146067415730336,0.00037915748574328476
0.0291202578786323,0.03564320221316121,0.04384310739823277,0.033787084250451016,0.018536171761267727,0.08100447909643471,0.05968031142713945,0.03826791304120068,0.050058331203552145,0.06311175957211636,1.2325581395348837,0.0003418848572256374
0.016982801741347562,0.02783893161173445,0.02412603095633782,0.028704597814487164,0.025740982554485536,0.10074854742359324,0.06890819203846814,0.05707136823181584,0.04950079257745872,0.059698149134144694,1.9572649572649572,0.0006893848888961515
0.040740276367857244,0.048550372765739855,0.0466078451897795,0.051584519289227554,0.03660847502877991,0.062224135612073045,0.04468944474974728,0.046718217674509344,0.04707414840153087,0.038327008870970874,1.34,5.3159389709782034e-05
0.025283896938438792,0.02495934496387699,0.046579097702606,0.03544656287304228,0.024672828236738435,0.07524858782828076,0.07975340452734027,0.057217425698766956,0.08437841622291795,0.05293370187047654,1.4457831325301205,0.0005404477979701245
0.024484763505359705,0.036919344496463856,0.039299167193473476,0.0519843392811978,0.028279213015194638,0.0799372426984995,0.07946347617382986,0.05866863963670711,0.06357005301511932,0.06442778322352921,1.685897435897436,0.00039678583640835943
0.03203523476666763,0.0352609386893272,0.041791508067633924,0.043760427769623876,0.02732529832908999,0.052213587957069464,0.05839507932401987,0.043763313267515466,0.05348235954496785,0.04141736173337429,1.6477987421383649,9.585436166093439e-05
0.030828274897229432,0.03522198502344822,0.04026244700761856,0.04055310467582203,0.024947570481238638,0.05970984722937847,0.06814661802607114,0.05593402082129633,0.0696406046197234,0.04837091312873031,2.414814814814815,0.00024169097047871605
0.029843997273296036,0.032664469541903815,0.04285197009172047,0.03781513408096185,0.02975568120513344,0.05762331469783229,0.05478702021384396,0.04079697070106624,0.049230190205421125,0.0387439680086876,1.4143646408839778,9.683748231478946e-05
0.031605204743259244,0.032354612858711836,0.04188285295641047,0.036038397083107535,0.027877063018214628,0.07755516504971968,0.05955922445363948,0.04335633306647826,0.056225947987594185,0.059333430317524465,1.4341317365269461,0.0002559557773132513
0.03800950824332031,0.04548835357744732,0.04674071789922727,0.05460541204986797,0.03778825353372901,0.05500377690326695,0.0581116830678062,0.05568772687533689,0.05846676542583226,0.04360273639529845,1.4534883720930232,6.407403003976763e-05
0.023128544456281066,0.027673227310122544,0.031470494410027916,0.025110907905107692,0.021119439405562636,0.09223872782097883,0.07898880960685974,0.0600715052398532,0.07349069357344193,0.06339097829063157,1.4025157232704402,0.0007192648384157424
0.023460097694642273,0.030992480264000276,0.03653005236278998,0.032821437585161935,0.021692575072864515,0.0912308971311051,0.08245057642784127,0.07581557619341044,0.08102528037869255,0.07032008569158012,1.8770053475935828,0.0007693020948714945
0.02102083523052634,0.045378141515111575,0.05119221857499187,0.04766804298033255,0.03478300321036164,0.09338695189166699,0.05826454105925459,0.04875509937187307,0.05745397228406954,0.04141235041593529,2.0588235294117645,0.00035345694495950717
0.013432147823774932,0.019461213662230026,0.03222405177129833,0.01619381144037357,0.010573341411373144,0.10891992091681796,0.11383696290631677,0.06967821197172773,0.08308138843732153,0.0848018960646403,1.7395833333333333,0.0016944568690254634
0.025543809037513094,0.028861296321045362,0.03993230082807863,0.03230198785064289,0.021683758096291302,0.07565438284506884,0.07277388128004465,0.052535402385284535,0.0603717800100199,0.05003641046599443,1.5783132530120483,0.0003766321151237137
0.031139810818217005,0.05725105732156915,0.0470555812246744,0.03730148929246822,0.024015147394960933,0.06382483135146128,0.053069953531764545,0.0378409393161071,0.04595093566926354,0.05240749516866511,0.7962466487935657,0.0001525081744881432
0.026190995504241695,0.03657989856915477,0.04843554703533364,0.041433723108486545,0.02975757019724492,0.07761785522210948,0.07085763786742352,0.052728807665146975,0.06086348644295071,0.05980911608606851,1.9202898550724639,0.0002944658459739827
0.04032945456232582,0.03626705478257205,0.04996074814731803,0.04622485060035139,0.038051723397407186,0.0527682375270538,0.055020318280459175,0.04517956705339013,0.05732453332385491,0.042687903442316426,1.0804597701149425,5.237854053009922e-05
0.040247032618696624,0.049587645368035574,0.05372352035745568,0.056388984507983984,0.03315067893875387,0.06272445588498543,0.054336017649914824,0.051036161171886335,0.04927014448224475,0.04788361155066049,1.5902777777777777,6.893324166470456e-05
0.03649435194302704,0.04732481960813374,0.04615661862265363,0.05423444059463221,0.03606539479835406,0.07063945964276205,0.058998225421431724,0.05615514368186396,0.05235841206735544,0.04956907683032463,1.1711711711711712,0.00010673664995047467
0.03877297160831469,0.04606604572590013,0.04693408264775012,0.03399855612736299,0.02719945514658285,0.07611633265628491,0.05833231416988121,0.04063221691859643,0.055641587365746766,0.04924946074222371,1.5206185567010309,0.00019169572573372558
0.02690752855647186,0.023333924417770303,0.03774303748736172,0.03768593631960872,0.02473385178880148,0.07768165017567033,0.0853822773260273,0.05721819419551808,0.0737456851392945,0.060378479364405276,1.6168831168831168,0.0005471252488996916
0.038872308338233935,0.045162466233440814,0.05757696909558412,0.058087296223641886,0.03658459093110525,0.058938553474189956,0.053085339236714574,0.051480186988970805,0.05300389184760031,0.046239144012712625,1.4303030303030304,6.274408274473391e-05
0.027409379617103987,0.03333077662959907,0.03372137041100597,0.03670918925861206,0.023148485853859223,0.09833129494677201,0.08618817348016215,0.0738782863617842,0.08193545063981726,0.061128743352316814,2.8205128205128207,0.0007776756857315215
0.032324818630733505,0.032051028258854905,0.03948819847933168,0.033496323467293455,0.029561381173344402,0.10690875757975252,0.07339762412400558,0.05108858545253044,0.058205055574851755,0.06236427178725648,2.1485943775100402,0.0006007727201199397
0.031424649285278404,0.031739681489843984,0.0454892808496366,0.035696536065992275,0.02336937273048038,0.07185778483916531,0.06040506252473967,0.0489849676031326,0.06531983356358086,0.05181520377839977,1.438423645320197,0.00025808384327855255
0.028943632586158872,0.02774841746976409,0.029878699314854738,0.02824024761670086,0.024145915574348944,0.09019720483378757,0.07961283176015935,0.06546843593965798,0.06777376800733922,0.06022725915232848,1.4071428571428573,0.0006263668752215765
0.02560964306182238,0.03382226789734419,0.030435425548642685,0.029827531050669393,0.023566857881191148,0.07793052030082462,0.07968658583458404,0.07694485990657647,0.0936265970590312,0.060375868439017315,1.5302013422818792,0.0007380112905537439
0.017664937043026154,0.0286731438748401,0.026113592319985692,0.02688972962425883,0.02320836249692935,0.10148093040080457,0.07622680118939765,0.06456943944935647,0.07151729456032596,0.07264457295250144,1.2242424242424241,0.0008712131831840784
0.017163931912756048,0.02922434287243644,0.02855422177098017,0.024417985368138106,0.014914892394683339,0.09744105910719221,0.09597202120539652,0.06121381107721873,0.0733149191886954,0.06943940284999364,1.955,0.001028097729623031
0.026339363699741457,0.022746964684587527,0.03928782649025205,0.025827029109274494,0.025829392217417063,0.1307931942637146,0.09182030519926067,0.06846958713517122,0.090799694739587,0.0700004038617151,2.721311475409836,0.0013803640238702374
0.020921489094031562,0.031184397791189818,0.037724581276340145,0.03988394721220244,0.022213462799940055,0.07357013355118096,0.07246184259849435,0.05944229477158496,0.06627663382559197,0.062354889186651656,1.4595375722543353,0.00041911194716946667
0.02748628986834781,0.04185284911222394,0.04766101776754914,0.04965030435195655,0.028928339525315306,0.07460585112573277,0.06206334344182886,0.05159402630764005,0.05662261090970381,0.0567806755117583,0.8503649635036497,0.00020727133320777396
0.029845924595691742,0.03781121793516657,0.05202355760690056,0.05185336472804149,0.041426797755485446,0.06549015321295905,0.065684305503166,0.07086660320444593,0.08227860440692264,0.0468887760472736,1.2295081967213115,0.00026818170978711796
0.025085258148709835,0.037975571576526236,0.04042763050703914,0.031031078556197786,0.026826534611889403,0.07208382041119428,0.06105070668433366,0.047368831071616956,0.060552629803942624,0.06027418219100615,1.3481012658227849,0.0002720153116768247
0.032802623178692245,0.038914666273914635,0.046885558979883106,0.03597349181962609,0.026687433740031595,0.053899512858359,0.051790940805604646,0.04289361192966928,0.04817370106183205,0.04832325980413468,1.475177304964539,7.79005797705063e-05
0.015796992649321183,0.014246191979053137,0.021350553676991766,0.021104775575146333,0.011721996231471436,0.12464576539386522,0.10244298499823083,0.08299885897084172,0.08400812080704252,0.09080360424173413,2.4174757281553396,0.0019248915123214402
0.034553652642662525,0.0473535717779317,0.06557039055009242,0.05768250921220881,0.039068247028723975,0.06568728880586545,0.0677692822981853,0.03983565064093907,0.07922148875739693,0.056250497333775885,1.5555555555555556,0.0002159832957544573
0.034103411037042425,0.03828911488593567,0.04544285355064798,0.04439821158159636,0.031539684733221746,0.0667656738424217,0.058948397527952855,0.05296304017265611,0.05505644058207036,0.04950825652789049,1.5567765567765568,0.0001250774712509705
0.029766540472109186,0.04026916474488312,0.047471913392582256,0.05040307931817071,0.0260008463993387,0.05193364367845186,0.05211229056497691,0.05237224450868668,0.05435311039193752,0.04347815450071378,1.342281879194631,9.924212476878806e-05
0.029143074671060035,0.03945410258852545,0.039958730317661485,0.046653705921786436,0.03517120616616806,0.0580230304390516,0.06371888693291022,0.05280383236750224,0.05791302205301265,0.04434521149262824,2.4014084507042255,0.00012505470902560845
0.033565094407181244,0.04444813275000105,0.04862482064298403,0.047098140266255174,0.03839874237866116,0.08543247498176318,0.05835102877550163,0.0514652004813289,0.055331879287041544,0.048375462987883734,0.7701612903225806,0.00019910492178001692
0.02331536705711054,0.030439338443069553,0.029514691473546927,0.017200351680096315,0.014599051216088323,0.08641020812572928,0.065946736773319,0.05554900142395015,0.06899517668876659,0.06293247465266186,1.515923566878981,0.0006420956039466171
0.03931574413986759,0.05872817830221127,0.04085953717285691,0.04242891857336499,0.027798802042201073,0.057751267801744166,0.05760480768349437,0.04973990886269743,0.05263227053016716,0.046885261376989625,2.2388059701492535,9.886402151019569e-05
0.03882932337789637,0.041483906963930936,0.05176411082692845,0.04454743218240967,0.03587902029339379,0.09014708734179715,0.07370687559600736,0.05866893387586231,0.05248078941321304,0.0645888140887442,2.6363636363636362,0.00029178810253029867
0.018786177456917446,0.025168619221311524,0.03417177459219332,0.033642917091594324,0.024328993522179813,0.0974355216898316,0.08634756847449025,0.0748944998024917,0.0815233389409546,0.06087592719036741,1.1136363636363635,0.0008814227034201408
0.03192585907677189,0.034236776425190435,0.03573673422783768,0.03336905192980939,0.029868848564554983,0.09093143263215474,0.08259172664198385,0.07330894671997219,0.08322788365480495,0.06254382513188558,1.440251572327044,0.0006299325068091234
0.021777361440480997,0.035237459842138316,0.03495560070583801,0.03477299141339384,0.021235924598741584,0.06580824824315282,0.05360803371580897,0.046542172124082896,0.04995346715991946,0.04523885913252612,0.9414225941422594,0.00019686999732705128
0.02740979163027476,0.040487920138218794,0.05136766733272762,0.04197672049430986,0.026723423575056793,0.061673637905610555,0.06276460895245112,0.04719090992118919,0.060293693910661035,0.05085011394765527,1.5118483412322274,0.00017077766496848584
0.021532742948264884,0.0389815845252072,0.0377507869126436,0.03537444839825283,0.02560244376028989,0.0763429135922455,0.05732843176011358,0.052234861714118806,0.059152105183906845,0.04685831800637861,1.3005181347150259,0.0002776348744020612
0.028279668374514396,0.04376297404267087,0.05024810924163211,0.0503863779743584,0.027028141682157444,0.05648088988821684,0.05673464624670592,0.035013456365925684,0.04351463089150232,0.04272761658697639,1.3194444444444444,0.00011246874553067851
0.031658830326607476,0.03716203406595217,0.044146399135151206,0.04835604114677424,0.030024177139984752,0.05709262969193867,0.0629817720635457,0.04693872743336905,0.055045752839991774,0.043983347316394555,1.7002881844380404,0.00011616798537320764
0.026986086759630525,0.03944916879467032,0.05019219097610321,0.04812155981193309,0.028558960678640263,0.06222285451219712,0.055738303856622234,0.04671617100005274,0.05600608407594987,0.0477523393620142,1.2608695652173914,0.00013245827192643906
0.04197781340169955,0.049816719391195585,0.04977546731178095,0.04872922374921772,0.040146114068853926,0.07332365951735782,0.05768518272484719,0.058332704523384786,0.05507140392329109,0.05164675271500239,2.0040650406504064,8.820241410067178e-05
0.030054065078145082,0.037305184676098065,0.05136347174912192,0.052560749550981174,0.0420162021014542,0.0742397258812438,0.06576382140096795,0.05909224295431008,0.06408824371293918,0.05095954717959879,0.8246445497630331,0.0001859970619337254
0.030950698346737606,0.027213278957653325,0.046345739273923006,0.03038137917585646,0.02165474501533728,0.09156606270611063,0.05875071832668646,0.039483867345029525,0.05334947676785636,0.08292859368059449,1.089820359281437,0.0005626700337326936
0.03235363526965893,0.03919038646667888,0.043290252427236546,0.05442612901700237,0.030521757798434294,0.07314070583600463,0.06567591791351149,0.05179171338974801,0.05668511957302268,0.049229060247093316,2.3684210526315788,0.00018895685777212974
0.031223676867738775,0.032308238932972876,0.0388650647651934,0.034657827460198916,0.027336068092621464,0.07439766174148814,0.062004784873319896,0.042253071519536514,0.05684033677484931,0.0556408666599702,1.0766283524904214,0.00024653081741806646
0.025831566150688847,0.02649909001854919,0.037309771745250735,0.04457190020593946,0.02847330121342257,0.07162905227725176,0.07155285437452423,0.05500020513086835,0.06623554813193382,0.0512503529291882,1.710144927536232,0.00032955047735682666
0.011605922407282285,0.015510801490492592,0.016013760697202818,0.017092777290637295,0.019497287846310402,0.12357842338526634,0.09654422922646813,0.0793390080537721,0.09195953692649889,0.08087251098258934,1.6846153846153846,0.0018573409608456308
0.03894437381888117,0.05005933384146351,0.0537473112216784,0.05402627443013762,0.03967898548117914,0.061580522772688884,0.050665079487012786,0.04607599656826242,0.04776180556883974,0.04647267108942598,1.6881720430107527,4.603714752115213e-05
0.02712631651082614,0.021421196644745427,0.027341597205292317,0.017516914648672173,0.011531361687669195,0.08057749612171225,0.06441847225149612,0.04287689127329088,0.057393167779330234,0.09055037908971027,1.4608695652173913,0.0007699931937414151
0.029922132957462072,0.03126311096988601,0.03740615672861381,0.037892908840204687,0.02409002870228822,0.07042786813946549,0.06742716481347909,0.053933950636833816,0.06215706680435502,0.05695186608666573,1.5405405405405406,0.00028688047118725164
0.047088762921862044,0.04541484266622758,0.048591067843011856,0.04789190920985198,0.037282485594767434,0.05571502362200443,0.0522926516255294,0.04952920126154773,0.055087275814385515,0.03778611322930824,1.9155844155844155,3.960852603140947e-05
0.042842956367818014,0.05095864461169666,0.04252156663832321,0.04576586451654006,0.033780092062147965,0.081516295054466,0.06922750813361267,0.044655971442704376,0.045532622296247875,0.058335443445946863,1.7625899280575539,0.00020523771455049247
0.028951696026673954,0.042268488991005666,0.04184002909675516,0.046800855777539466,0.02507227403037473,0.06094552055965629,0.051778992645863796,0.04898654670125519,0.04393829147863902,0.057937372267842575,1.055944055944056,0.00012886030008547105
0.03274831397292393,0.039574237466275336,0.042158377092003,0.0538208239099095,0.037616889627588794,0.0753362136851647,0.06564778673806479,0.05970698873674432,0.05899555968308799,0.04517118505813289,2.295238095238095,0.00018993060741660157
0.01821173637764386,0.02849463344632581,0.039474823523245765,0.04094038996178177,0.02073925708620747,0.074384675269699,0.07335549448978178,0.05036084597247519,0.058005349070498216,0.05213089696607384,1.7355371900826446,0.00039312575971727295
0.016564086968911266,0.01876365071409011,0.03023308738533785,0.019528937713068444,0.016285904032718165,0.11292219358614043,0.07211702428522467,0.06997984615870939,0.09460573617898163,0.06971086534247736,1.7802197802197801,0.0013035977755852758
0.051763151749090304,0.052576104956430204,0.050367909513561286,0.05102074983272935,0.03547653192199044,0.06982863155827207,0.05790235320426517,0.044961654728034976,0.04763727453074504,0.051013030783328105,1.5769230769230769,7.708057429517583e-05
0.040616114817535964,0.03733956692872888,0.04897037771619693,0.04239218576047873,0.02809104903499714,0.07391144978390339,0.06910243768366453,0.05217458341735537,0.0696167977363578,0.056886508305230475,2.3051948051948052,0.0002360479984333742
0.03031033130970376,0.038937284177953224,0.047130325505737834,0.04388088500796425,0.032160934406269985,0.06608540646828545,0.06727275447036972,0.04734281425906678,0.06323597931541887,0.049454754409547344,2.35195530726257,0.00017705373122003118
0.03055154802870919,0.040218600726376244,0.04856257724060362,0.05483801052328726,0.03283415811160391,0.06737647086778087,0.05997051173844025,0.05559777039451878,0.05732098107696751,0.053343451077194626,1.781021897810219,0.0001434980345279239
0.02619313277558511,0.016808628689441985,0.035241488513595716,0.02671110864234949,0.019247470880333763,0.11042136396108622,0.10372315768400563,0.06617926625305569,0.07562044425753349,0.07164990333527163,1.393103448275862,0.0012255410062347618
0.027259712378704327,0.03818500789013096,0.05002525070461839,0.05235152465758814,0.03677907892146418,0.058817921356747745,0.05563796464599232,0.049596181232583414,0.05116096364990605,0.04326044894874656,1.9878787878787878,9.524000785083263e-05
0.04570899771156511,0.04429976237565992,0.048407734318374286,0.04471128646029369,0.03220609523258671,0.05866351952134735,0.059872380466595924,0.044407683491640974,0.048126852851107474,0.042225906327999795,2.007751937984496,6.304084700386954e-05
0.026015300021121013,0.03340040931388833,0.03170172641158803,0.03044271457225153,0.02208369273469667,0.08701210034454057,0.09997731046032862,0.07292458311970153,0.0868162793849745,0.07261649829816308,1.9615384615384615,0.0009123081109367202
0.017851695381485733,0.025116099846903796,0.03239573196598192,0.028011857205155862,0.019477949134169302,0.09129668466688062,0.07539062147869573,0.0633805964879994,0.07653442188047803,0.059623309443382844,1.5146198830409356,0.0007435114624781743
0.02046841970222356,0.038582439085785444,0.031316025047702034,0.03528417324207443,0.027871381542709874,0.07992328316037133,0.05473495370062065,0.05931300393339223,0.07012891417218352,0.048088522743999176,1.3571428571428572,0.0003726228938623135
0.024392585951975684,0.0331062439962784,0.03841408344004223,0.02826211060952663,0.024392323513577,0.09966653921469187,0.06980998361584105,0.07000167689496922,0.07952712555348938,0.060750382201974165,1.117283950617284,0.0007077923336028275
0.046136292077893104,0.04292788857013445,0.05503280859995086,0.039132302415356035,0.03764098491172729,0.06601398155477026,0.05342345331387105,0.04495520492673433,0.059218512986357434,0.055522417908001984,3.3168316831683167,8.557999344901044e-05
0.021393700930595533,0.031221324516345506,0.03726597348831872,0.039481129486055824,0.021938835860884836,0.07350496800526199,0.0733104827139916,0.059860971474974496,0.06652934304073757,0.06267526083334127,1.4714285714285715,0.0004268602406036026
0.028750044758441347,0.04316749572751116,0.037278877836731325,0.03280496058582109,0.01899984382365481,0.09219892405653117,0.08814099513770829,0.053765151618665574,0.06909333189628285,0.07673849055599291,1.3766233766233766,0.0006753688954684516
0.029460452997308262,0.035711029636512556,0.047983880371704785,0.03313204860303954,0.02729446254616475,0.06943430252103658,0.06900448879123458,0.049452132218755517,0.08629166230915356,0.05683024424370753,1.2679738562091503,0.00039233003839612144
0.03640606616021178,0.04009419614630955,0.04787484296111335,0.04272491708999984,0.031406944494741754,0.07127062092216373,0.06095652949805295,0.056316362091795066,0.062411957418949074,0.05157864753205716,2.0881226053639845,0.00016165405961256736
0.02700949341138844,0.04050119563572653,0.0361327393635136,0.04314407343439501,0.02496387455827183,0.07115525011980091,0.06705680207627755,0.04880263434211122,0.056971979231969436,0.05516351985180322,2.1605839416058394,0.0002461571347724684
0.034940272015716235,0.05011750946803774,0.04927457743006045,0.04180811241066786,0.030391714957828282,0.05914834747164465,0.04347586842458561,0.03750365759369934,0.05005107774600468,0.04715277906120392,0.9069767441860465,7.270285950592289e-05
0.057051513246111324,0.05305740494641895,0.04521863842915477,0.037438911395484255,0.03778986064061541,0.07289145008897474,0.06628839936054935,0.050140767540550114,0.054880741424127744,0.04924603051536446,2.5,0.00012721377223117553
0.04301510901664855,0.039886755942722646,0.051728266415424204,0.04362127784645333,0.030847036618605026,0.07001110779980478,0.06558437354087154,0.03941858655709924,0.05164805101904931,0.04786485584121957,2.382608695652174,0.00014414700966469587
0.026362713542370637,0.01950243190353541,0.04078201779656355,0.038618932944649395,0.024783111939197428,0.08488305476712188,0.1060943531956054,0.0610723141774562,0.07312084068485654,0.0742508974918054,1.5793650793650793,0.0008559065565161913
0.019916945211998605,0.04179477324609159,0.04574638510627002,0.04549838565949393,0.034087095364981085,0.07070866406550637,0.06114500743478057,0.054673312760086475,0.059222471554775724,0.05083252473775698,1.3355704697986577,0.00021085876825519456
0.04306540582392108,0.050666080439012336,0.04242988034704027,0.04229756505702294,0.024308878110687798,0.055621646768476,0.05420752618084736,0.04807771283776147,0.04970386006704164,0.05164041525460642,1.7258883248730965,8.185826664238406e-05
0.031000091009574623,0.02745388944737129,0.04169852046286628,0.034475114278944105,0.0221151933786754,0.08406454064690272,0.06223764284687874,0.043342593190026854,0.05142184961899608,0.05856977527908198,1.462809917355372,0.00035516466595200024
0.036273627914746955,0.03734479624617048,0.03552352961029402,0.029947444035615084,0.026016073484624237,0.06306221203219894,0.054731099043310805,0.042805236994472216,0.051393570171632784,0.05436493208592054,1.047945205479452,0.00014794386345668234
0.03333923573592668,0.036233586934912715,0.05222790962439243,0.04194842044602474,0.034319907515507085,0.061607447631720005,0.06462872723364939,0.05477410211217842,0.06519062550624288,0.04734562248755953,1.990521327014218,0.00015389417151024897
0.043152073396394784,0.03905003417373242,0.055142101137008265,0.05141063617973401,0.033341404807070145,0.058389875373898004,0.07455871061003333,0.05117803237090835,0.07572977999379829,0.05229083023216454,2.6444444444444444,0.00018862796442576594
0.03247364261637611,0.0453945985743643,0.03572820162787587,0.030647311239940165,0.023952481169264597,0.0592531197616718,0.05575057378995614,0.05296321229133593,0.05370162012102324,0.04285948148909818,0.6428571428571429,0.0001471803498717572
0.02869445116588389,0.04892555424439719,0.03633721240544431,0.03763484869814829,0.044320014736760296,0.08065854873614986,0.05559234663002817,0.060505713827102216,0.06157040410543566,0.04976678607857234,0.5963718820861678,0.00022675852392853706
0.027217126212963048,0.03473144997921265,0.03632703916544178,0.026934690533836403,0.025853734065378896,0.09563600042971776,0.05994970922563489,0.0440595188260264,0.06378608214490965,0.05519198835843749,1.4180064308681672,0.0004884717891691351
0.030819028369932337,0.02622697641359141,0.041066384855701646,0.031006253879224906,0.024456660937834114,0.07780432237191605,0.0696769543665999,0.05479568624226376,0.061005365379691624,0.05809051891563105,0.8217391304347826,0.00037035298892759287
0.01772980877634816,0.026243993139310823,0.03356291103574083,0.032569616487717404,0.018560132002570024,0.07224779079356315,0.07530962046145881,0.05302363896875992,0.0665041489411345,0.05397984553208088,2.5342465753424657,0.0004831546663565253
0.03758974529788858,0.041497060298246055,0.04138991025271674,0.051045706939936195,0.028676941146220877,0.0734402437435212,0.08147698343457332,0.05475796152586058,0.07349289706385347,0.059491917732564265,2.888888888888889,0.000308602031162368
0.009011252241403436,0.009705453915793787,0.018202279996928358,0.015341122459353065,0.007933043241301046,0.11979306540365471,0.07391875957494319,0.07939076987809336,0.09705642347446695,0.07090589499150544,1.489051094890511,0.0018048767869482858
0.04070468341452454,0.035515755900014295,0.04989608290598222,0.035726458698597925,0.0334758484287463,0.0709286121097715,0.06809143672151877,0.05102735194235761,0.060357817529631055,0.06203685257118723,2.236842105263158,0.00019838866542691116
0.01740210910298437,0.02355697017365273,0.028967154086447996,0.023343522367274296,0.01906474471740794,0.10528192143592692,0.0788234496831834,0.07728863542053367,0.08988291582417807,0.06635737189580515,1.880952380952381,0.0011413049089437502
0.016037028254057183,0.027402102905098098,0.033289003457031355,0.02541495447857078,0.0207351464137989,0.103986017351927,0.06230299445453727,0.05560596903200473,0.07647228229364336,0.053162501821334064,1.3219512195121952,0.0007940922957252071
0.031436235550758175,0.040288764142214446,0.04088680665916375,0.045734123872719266,0.03443996865661171,0.07033156585121297,0.05950350480801035,0.06306068808033086,0.060043568948373476,0.04496464838829601,1.131578947368421,0.00017490166297712522
0.01802958563995385,0.021636174097349914,0.02746724236195558,0.019605088883373804,0.013311569892876754,0.12360659648154206,0.0829176088988803,0.07024660431238708,0.08531785857579514,0.07587438213554029,1.748062015503876,0.0014764437641408869
0.02419326234864609,0.022028825091455314,0.024230371188384562,0.0279189375631314,0.01817702218426312,0.10021222315385245,0.0787943920491552,0.07901606758070237,0.0851541959383418,0.07531624072131521,1.2771084337349397,0.0010621087203220182
0.037850247607349875,0.044143547203552735,0.050976356961618216,0.04884071585438824,0.027618771875662446,0.06798555377074636,0.06562576048517578,0.04699603587323005,0.060476724617520225,0.052320208302628075,1.6158940397350994,0.00015290460631016398
0.02740117500862858,0.027774486310829977,0.03677807312797766,0.02192770140051005,0.019042112909318638,0.09256505808929576,0.0765946923890584,0.06022269859383705,0.07854746445077838,0.06468465418468564,1.6458333333333333,0.0007307821714860094
0.0329716620385494,0.05219652726292964,0.0491086259867092,0.04808534202765826,0.03647073144316038,0.06370572598309293,0.05238759464727749,0.04991988647466619,0.05410836885094745,0.04318557476765317,1.4885844748858448,7.85846460229657e-05
0.016144650755447083,0.021987181285427013,0.02704872601973553,0.021206053378053803,0.020087683141333683,0.0992636155919307,0.06676353576396228,0.07608188742749565,0.08902939863390386,0.05490602472954202,1.6013071895424837,0.0010123836294004026
0.012922240851416193,0.013855940161253482,0.026027902087912967,0.022425994894243555,0.018684064624925025,0.10115925000524022,0.08229100910068811,0.05994851045469616,0.07092289539960692,0.06573304183696708,1.9795918367346939,0.001041480423205317
0.018744239737634213,0.0266851635784743,0.03324163262753851,0.026740806882051778,0.024227701364622697,0.09017006973667512,0.06738798634955079,0.07327046698682096,0.09027601935847497,0.060311469446429,1.4491525423728813,0.0007978112529575218
0.05335456161546343,0.054380599752582075,0.04614517953729229,0.04027809354755642,0.038385722382058854,0.06197608064501927,0.05416750768412488,0.04374275860750385,0.04819353314561535,0.042764520916903144,2.5401069518716577,5.585316277919348e-05
0.024934594187660062,0.03906377571225757,0.04745025641352179,0.047802197822798466,0.026329653811516453,0.07359061857116045,0.06174409849159028,0.054899834982907354,0.06638745033725038,0.04880054168282328,1.3425414364640884,0.0002555371744433372
0.042199966273220195,0.03942075387600475,0.04796730471982556,0.04933584612851177,0.04061897641638402,0.06638498745781127,0.06617346273250019,0.04235898700996045,0.05444591652058409,0.04766344676542929,1.751937984496124,9.753558245263237e-05
0.042433227871783705,0.04273332298939608,0.04368003747044744,0.047706685433198615,0.05104400113563645,0.0756809286012886,0.06600696699881482,0.04614628840411726,0.04783884740302655,0.04569275734016568,0.6893617021276596,0.00012245835999307096
0.016782063447802358,0.016732808483141074,0.03280821617590778,0.018999835055524623,0.02903765874498545,0.09785143055571524,0.08493879661528614,0.06294335699848876,0.07000886609857392,0.07394577812180958,1.5357142857142858,0.0009506944311340305
0.03211775339172589,0.04565670579533483,0.04474951829853094,0.046612297856508236,0.02902560238394631,0.04351759965965037,0.051248786933230144,0.04149634274509754,0.053658675643643045,0.03654480327871003,1.2053571428571428,6.220413792517119e-05
0.03160216717884393,0.03904045134572799,0.039595617059987986,0.0447214604787877,0.04224566076966829,0.06862699939509745,0.0645903174337229,0.05601027266389703,0.05699405338012612,0.04078451783817292,1.6515151515151516,0.0001510795581186612
0.025325784511185306,0.0373403097080133,0.04970201585438871,0.0629552307909767,0.02775150837440014,0.07352210187628423,0.06886196343713319,0.0543051964326047,0.06089743963860769,0.05625585190036427,0.9782608695652174,0.0002765416142062624
0.02459029249573804,0.03406789795805453,0.03902311181927668,0.03303842881450168,0.026902941912484633,0.11170524137893222,0.09091307640963113,0.05914931043572096,0.06598974203523832,0.06515608271708612,1.8416666666666666,0.0008484734868474989
0.04194638621525932,0.041469498017766095,0.04322912587871882,0.0400894764761632,0.028462174692075418,0.06296083646342153,0.05634312857299642,0.04256856175588962,0.05102592975071901,0.04803016240143854,2.107142857142857,9.127220174678204e-05
0.03015980733204505,0.04078005512056326,0.04418567365028555,0.04275133141162914,0.031401801209644906,0.06806209708801833,0.05623498793003178,0.05520961378919846,0.060106746498687844,0.044469490125498286,1.0803571428571428,0.00015165668517929745
0.0446741347106879,0.05137168372018968,0.05554686056586732,0.04558911574676158,0.03370085702433478,0.06641973617313393,0.06863770340812266,0.03809093791376303,0.046328113912192735,0.05204012731383976,1.954954954954955,0.00012466652024343191
0.03687826697806441,0.04454214299325325,0.04394952464816996,0.030473959453165486,0.024369129949684952,0.06716949579145834,0.05433665672087046,0.04573616019643311,0.05899049645086806,0.046769153146833706,1.2392857142857143,0.00016454958289769306
0.029647940741269224,0.04254406604834333,0.043942449249712884,0.039594677088763755,0.03091217404408717,0.07036950777112139,0.05745556957298227,0.05278381847722944,0.06863518999105722,0.045997148789359586,1.9078014184397163,0.00019864754858160745
0.032857507489724554,0.02885702366100715,0.03689588623102707,0.024022290809969128,0.02669300883764738,0.07510682755295392,0.05497071645418412,0.044281289689906626,0.05278474214960096,0.051932459550635614,1.5042735042735043,0.00025747647222885603
0.02844281763512742,0.03567653071126204,0.050960744141766164,0.02925274902540566,0.04662884343097121,0.07706099097431461,0.051140876226819294,0.05404382504543142,0.08721882028973395,0.050243595240923526,0.9009433962264151,0.00035960853996697215
0.021740955108577573,0.02251749955564691,0.027824120539872526,0.03082135921180524,0.016544114114298077,0.08451193517034157,0.07719349946691757,0.06510279144801857,0.0720332744537307,0.05894712040026006,1.9765625,0.0006894556953851683
0.020732150643070713,0.03101277743328215,0.03701042505981422,0.027310834338626938,0.023457981174166084,0.0622455999321523,0.05336751199824168,0.05220295146940147,0.069389983577691,0.04536186502267061,3.1444444444444444,0.0002846438783389662
0.02783457593996593,0.03757248025867142,0.038560740683054144,0.03935719062499075,0.02531379178030799,0.06628832639966592,0.06380738830208563,0.05347139862498691,0.05772919323735985,0.0577854834105105,1.9037037037037037,0.00022038292936197806
0.027043880173135783,0.042486676960442483,0.04763431695159194,0.04116369430973484,0.023557634246472732,0.06830450887743551,0.07335636365009987,0.049227261374371334,0.06123083722224087,0.055407380470853605,1.7076271186440677,0.00026573809805059803
0.012396676744015504,0.015873648988652515,0.01998334812071174,0.02495008067780276,0.014026805511048209,0.09259231821243678,0.07518152162397114,0.0864790167677559,0.09172258996645188,0.05823604469011225,1.635135135135135,0.0012201558540534422
0.024279236883503474,0.027217611404240515,0.042491633414693156,0.030560638228521456,0.021732927994407215,0.07290607034324771,0.06394281496938677,0.05364514305683639,0.06013395705575485,0.055778427799933965,1.7526881720430108,0.0003398347731573146
0.0440231543750332,0.03875564893662003,0.04847510621013718,0.04200482971572545,0.04540351525773855,0.07686470167969692,0.06113447504610607,0.05693180724603738,0.055234121222103395,0.053639757043916554,2.1621621621621623,0.00012593769342845873
0.04005368250660962,0.046454114483687074,0.041967414062102755,0.03765403411081258,0.03694305496810604,0.051972921212492786,0.05140228651185857,0.034671044295992985,0.04275540725127263,0.04172433959855243,1.4488636363636365,3.4130748500217075e-05
0.03765177767577568,0.047774214533520105,0.0398487794251882,0.035489367394079575,0.02510105465171901,0.059399927648358934,0.05427893115902894,0.057120524422460794,0.07001122776652319,0.0398404271115107,1.7122302158273381,0.00018221284189924347
0.016102599865961065,0.02211157826733559,0.028814323100273175,0.025191283935837184,0.017156672593086897,0.08699057981261409,0.08993377407014343,0.06439270529302141,0.07322485888740088,0.06606527692038358,1.5634920634920635,0.0008919334444270205
0.010595793331498073,0.013704782391269398,0.02174484039106359,0.016243211722593853,0.017819428422848674,0.11570017259865939,0.08730565712935683,0.07561021003567364,0.09180568992363732,0.06877683184938957,1.3832335329341316,0.0015856240530489974
0.035529145084881975,0.05168436023060468,0.04823159157073536,0.04619256523199741,0.0314413708869606,0.08027402279338183,0.0746710739287109,0.05727531166215902,0.06455166781667487,0.05705092850369268,2.3801652892561984,0.00024376491926122703
0.02628434771288345,0.03721493257936123,0.04919520612112505,0.04446930793089577,0.027644775651553516,0.07047645784301308,0.061495071682591634,0.043550001614612886,0.061121157950619384,0.04442562667263303,1.5797101449275361,0.00020980244372632544
0.03680091515697976,0.04600087794013468,0.050822649871306316,0.045462545378253984,0.03143859271614716,0.07413897174767624,0.06996814609635268,0.05927077059712623,0.06687152477964403,0.05969434623325062,1.98,0.00020424620596370518
0.028630998094992914,0.04722915902483171,0.052518384399794935,0.06754807501616615,0.033256032835155214,0.06660900003592976,0.054799375605148845,0.047425020680305255,0.0560791897279778,0.04921716321488923,2.096774193548387,0.00015566055832223256
0.024083954125089846,0.01819530295654073,0.03467146238638066,0.025677459779324608,0.015642425363721586,0.07606730216718573,0.0699740833318857,0.0492153647595355,0.05660069177276275,0.05964776314603037,1.2383177570093458,0.0004903068696735465
0.029826242180631443,0.037264954013690774,0.040891998049851636,0.03706293756846793,0.029627764753529493,0.07928857489844644,0.08527089593462417,0.06505273771794626,0.0705288944801014,0.06001989733640289,1.3542857142857143,0.0004403824036482351
0.030789445339292735,0.0432503100711807,0.04820621486375561,0.03971652636283909,0.03595579814927423,0.0790389790590505,0.05860907131736115,0.05159325539340226,0.055239701144415156,0.05918653941136397,1.3139013452914798,0.00019470257633515977
0.03065173642710233,0.036930967374785136,0.05533445444464359,0.06142007866288932,0.042238465377328845,0.05556241920632862,0.051622723742969834,0.041077940422593356,0.04536605409717302,0.03339100413547285,1.541501976284585,0.00010660505026116453
0.021718126621045466,0.0354763552379681,0.0428704305546315,0.03503039131807476,0.027061763745827572,0.08517588158753586,0.059416255956031595,0.044305064307815466,0.04860076223303328,0.05580498888025837,1.5674740484429066,0.0003341776493967901
0.0380518782010422,0.034273597474936496,0.04720200013658026,0.03514380962043511,0.028642607888814474,0.07281657254825452,0.058316896974944285,0.036422310789734236,0.046421039982105075,0.04506883405901474,1.5809523809523809,0.000172639369432202
0.036111404544513365,0.03107392226709802,0.04328199305211552,0.037420616398007235,0.02780108237359686,0.05381540264142668,0.06603960536774964,0.04290510451698902,0.05628292973413152,0.046636390437272156,1.3985507246376812,0.00014182677333646754
