care.virtue,fairness.virtue,loyalty.virtue,authority.virtue,sanctity.virtue,care.vice,fairness.vice,loyalty.vice,authority.vice,sanctity.vice,moral_nonmoral_ratio,f_var
0.010050724563897424,0.007087091682614356,0.012290073921623283,0.006541779274049121,0.0007853403141361256,0.06714230051289012,0.0201193665232112,0.009072680106266297,0.02476111367777453,0.001609202818382106,2.4177215189873418,0.0003793173308199969
0.005494812410431636,0.006633323039952872,0.007175681066079333,0.006936177650868749,0.0008074935400516796,0.05915480883059693,0.009387694487957362,0.02243540756378594,0.021208027605191186,0.001601619885132567,1.6699029126213591,0.00030378991909120863
0.002962717209445021,0.011010289082126201,0.009599463084905554,0.005252711731545526,0.0019871794871794872,0.05368980218865961,0.023175757400688994,0.015406090851534226,0.01630860512479971,0.014792622607077748,0.7914110429447853,0.00022424838201111276
0.003054540047142981,0.013070441564992801,0.010188359224730832,0.013893946391910526,0.002240882357841422,0.021463013254204973,0.012423423348440253,0.011644249658810309,0.02719827815398972,0.010296309067622836,1.051948051948052,5.60028200579653e-05
0.008475928435119375,0.009680529659507513,0.012314392884157319,0.022428262321881925,0.002606025210282157,0.027272701756412273,0.018367578912215795,0.01614151160725681,0.014550792012779213,0.003487384653723677,1.46448087431694,6.237023888460158e-05
0.005023224518518826,0.011645026224476393,0.014190750695004565,0.010902807338321737,0.005388613675003877,0.030965876989671227,0.03010112780057236,0.020129446091799178,0.020503453908943512,0.008303708220247093,1.2119205298013245,8.88763699522119e-05
0.026118740019746796,0.01453744512147704,0.007596547782399019,0.015187658189383958,0.005654417733249018,0.03449648715826112,0.01683457791065597,0.013725628919802602,0.015513253060857705,0.005463522094433745,2.098159509202454,8.218968779857301e-05
0.01818120743526246,0.013317060181102703,0.00944227232763439,0.0057716420717352414,0.001991239584441759,0.040408040202434346,0.02168431275931291,0.009204731008648352,0.022939961376665815,0.008683717753159296,1.2263157894736842,0.00012497104875861052
0.010261703850018873,0.04905149017471076,0.011088963009833528,0.006138381594356193,0.003088692574534428,0.03113822158876034,0.0250924773854953,0.01369364403824263,0.007009606968569469,0.0031099971032614243,2.1515151515151514,0.00021972528253321572
0.03358583279540831,0.007283879587411539,0.007603388923776636,0.005503111167429834,0.0005005005005005005,0.03799510323392718,0.011988332685856173,0.013477696117263792,0.01440939862287475,0.00776782183971905,1.5633802816901408,0.00014923914147774262
0.00660939606861027,0.01417561199994222,0.01738194638690322,0.019653324723766623,0.0009234234234234233,0.02628331010400004,0.022798659168138048,0.009081972233575876,0.030167342941271706,0.006148803667469901,1.5416666666666667,9.189631863595194e-05
0.007845646725259607,0.007760808031885683,0.006630443752375454,0.012345891266693235,0.0,0.04346582435777057,0.024921737295773783,0.010779731262334682,0.013283628932827496,0.022368872999314428,1.532934131736527,0.0001543832955600451
0.012403101722823752,0.014554042987725033,0.013250624181607648,0.011025786779008022,0.0016113418865102952,0.014755726460531913,0.019113900443442515,0.009753256721556195,0.018254487577028414,0.004061515813516895,1.3738317757009346,3.1373631940255996e-05
0.007642492544103236,0.013827995733582564,0.014460462814134434,0.014781661934304947,0.003422683383772878,0.030438585047058236,0.011911421280381553,0.01094996920983937,0.024713310488786545,0.004436636085775075,2.5445544554455446,7.13454377412287e-05
0.01571830607406427,0.010179157564712452,0.00945841955229495,0.008635192618200692,0.0029418972141952,0.043177463760335884,0.0325315053781231,0.010491790620063855,0.018110849405788988,0.004620298488105256,1.3568773234200744,0.00016399969073661896
0.006078882756017486,0.008925542133681809,0.010807591574204163,0.01556320366225107,0.0007926523195008354,0.017285920013531235,0.013631529774301935,0.014174554138909981,0.047040484287418236,0.005395493032749754,1.6119402985074627,0.0001613587480465809
0.025409608455016268,0.017049203830717778,0.00860032140570879,0.010134762363990872,0.003067729054893239,0.05206682593299409,0.008772161780561784,0.0011576423517644116,0.0046454297442411465,0.012050460227361403,1.55,0.00022609595774292755
0.007457998810585787,0.011843516300626657,0.006569950971759734,0.01121860162138601,0.0,0.05272323416187947,0.010129159823198815,0.015748820431808534,0.009746385656110636,0.00543187667383202,0.7724137931034483,0.0002118988997788278
0.002181683458265566,0.005806149700287358,0.008054729130978811,0.00598200610520988,0.00036403349108117945,0.059322895611251855,0.007627129534662951,0.016265537596400405,0.03226043580663637,0.008293273679675518,1.4137931034482758,0.0003282794608877273
0.009646032813910929,0.010861041770057677,0.010919349170141212,0.011475579960159276,0.0020757623224728484,0.022599920189644122,0.0173792812938478,0.015337531629791236,0.020606610241062466,0.0038388622507430636,2.0970873786407767,4.418188579660476e-05
0.004817930548635445,0.00529331427530328,0.00800147631858682,0.010635681214289308,0.0036427334239834243,0.06971871428074662,0.01436291993865427,0.010215414658657091,0.019794501202681825,0.0037199851957916475,1.791044776119403,0.0003958406767747583
0.009858626189567534,0.03918358807761871,0.004213286256008883,0.010933935148226366,0.00364454317319185,0.01483968424010954,0.032020487953036435,0.010114705580356962,0.014787273726702918,0.0015626484626484628,2.2388059701492535,0.00015105465510475462
0.011754282430870115,0.011858917818101158,0.011013703003580967,0.013671826943304021,0.005936499443227146,0.039820213705478294,0.011950919866129586,0.011084703049263877,0.013376912634807392,0.0056889646406932,1.3183673469387756,9.233766096187644e-05
0.00941195257923278,0.02110656315196149,0.00781479126683918,0.016722963055591594,0.0024312861575930657,0.01969587944823296,0.031339788688159106,0.0049983356444623945,0.017668643647942062,0.013698401608261178,2.914285714285714,7.51512478996796e-05
0.004434725972214076,0.003476060474100872,0.007774773277343564,0.011423291429226236,0.0024865153013628486,0.05690113347119528,0.02310677877260753,0.00836474820183665,0.02559745736627483,0.005866425780223898,1.4662162162162162,0.0002807952960976036
0.007585204217580673,0.011954104557555875,0.012878290077556247,0.013719945176119479,0.004578015096360026,0.011988159518160277,0.02163933699239162,0.008514026237652789,0.026859384915517148,0.004541307986497994,0.6483516483516484,5.088861176764536e-05
0.014801642780700681,0.011368281777129027,0.006225621431833569,0.00865449289758828,0.002045509212146128,0.044494786659388816,0.015439499069579256,0.011202884690671459,0.025525527504506096,0.005232857693059447,1.270935960591133,0.0001540590346817051
0.022732085178614445,0.01817591315468586,0.004908002211888141,0.015175845150303931,0.0008745511653732036,0.02340243794444625,0.016683833755910604,0.00667129490729236,0.030694906465638463,0.00476717873136334,1.7946428571428572,9.573622636874475e-05
0.016371660322039787,0.012445897699575964,0.014521718144647556,0.009116808024443226,0.007936088320575985,0.03252003021869658,0.011530952933695129,0.0089371284687403,0.013578765744713436,0.006431659078245232,1.217081850533808,5.519312398281689e-05
0.01090183274273486,0.00939442989419394,0.009932785488562497,0.012303899949255837,0.010160337478610889,0.02681714065571602,0.01586807015497178,0.01239822683861173,0.016619307519524246,0.011750872311848177,1.0,2.7304564829467314e-05
0.01504781217664883,0.018391985987788247,0.01180990235424576,0.01562639715593663,0.0007589203304743252,0.032310858745831776,0.022705157041868294,0.008082099569823926,0.02265394510044915,0.007068633377479491,1.3837638376383763,8.347578207850268e-05
0.007101049798968056,0.016975321177609495,0.0175202685058954,0.014237074908755505,0.006070763023290309,0.02845787410466087,0.019969696695253357,0.01706224859466444,0.00971117876452224,0.004098973989320771,1.6442687747035574,5.578814959768472e-05
0.00669570736685168,0.012558957163444861,0.012407661827388228,0.011218161916886025,0.010754175353119448,0.023461107563650354,0.026050056671619196,0.010375464150809033,0.02903529809285247,0.008756958004604461,1.4782608695652173,6.276028446717199e-05
0.016334061209245986,0.008758651084429806,0.010379388963358369,0.021416733736478417,0.0012609894876587778,0.025469934985783354,0.018582643254831107,0.017386478660508693,0.014226829557310952,0.004502996912402947,1.5647668393782384,5.747876034174431e-05
0.01283571275144005,0.02280698475766745,0.013353346926190515,0.022819644033096585,0.0008220697708363741,0.02111090632566475,0.01347998261145014,0.006224923944743866,0.01705443366046349,0.004739152225719523,2.1103896103896105,5.943353342967343e-05
0.012064273451389423,0.003562287431168768,0.010192121816719153,0.014092551671496773,0.010399049725667416,0.03541353841555957,0.017587986696761513,0.007421612483970269,0.014770987573315266,0.0305124268022023,1.3860759493670887,0.00010027304902041839
0.007700416209573208,0.01651367249870365,0.018169648861186986,0.010592699783084346,0.008532488445110542,0.014677349814689154,0.011527245384781476,0.023111691474080643,0.014149186103176392,0.005213831534260224,1.6090225563909775,2.9120091555446685e-05
0.016210008151281124,0.02607862292122129,0.006620429317605588,0.011659893373115888,0.03454960105048879,0.022367797254766803,0.017684886014868107,0.012322102709710509,0.017481988327319033,0.009418108880912776,2.191919191919192,7.047093331753186e-05
0.00377012705698159,0.02090228030418871,0.015470179494862298,0.014486358459079224,0.003402899296948217,0.01815007302224439,0.024272466595599167,0.005178590664634392,0.028893572222002974,0.0019883192833745535,2.11,9.249295329946744e-05
0.008145819762256446,0.010390704593325186,0.006539365171654826,0.013517317874179658,0.001580941396779334,0.037779266978691765,0.026428352606487324,0.017087128376070293,0.01943454153734147,0.008373074842922037,1.9230769230769231,0.00011549605747356794
0.013793129308555101,0.01046125945822925,0.011899220666755719,0.010765215500654911,0.0010264221102755972,0.012430705305320035,0.01710320925869289,0.023132645522872024,0.03769646056622584,0.005600059632178571,1.8793103448275863,0.00010242309500181177
0.008544980809011565,0.009322246239604568,0.00992074543319336,0.01780379311032693,0.002594916165562068,0.034687922187227375,0.023346027838370913,0.009335880352145078,0.029246440022575686,0.007508087570222265,2.4682539682539684,0.00011215097500480469
0.013362937288027791,0.00848738138565685,0.013666993681373427,0.006534721869097925,0.0030146426581091554,0.057412522528620696,0.018424448847286695,0.01288972617154125,0.00913240040369425,0.008522222088832743,1.4761904761904763,0.00023926262675449714
0.008500043774192776,0.012810039400527629,0.011610118344115463,0.018222622765019094,0.0021722495456331665,0.02641048301264529,0.03263601867793212,0.013684217247589552,0.014596519875617539,0.004881464105576554,1.6991150442477876,8.633073380561701e-05
0.012547326734152464,0.01275510809279189,0.014122134974766233,0.011564959395896092,0.0026644322345634568,0.02531523862411461,0.020916466250513056,0.010702503242198812,0.013442270851378278,0.006576131017985443,1.2693726937269372,4.1271812170532736e-05
0.0029073464918433624,0.013531274215294192,0.015514239193272985,0.014452391169986345,0.0,0.02510296621669159,0.009433841498081668,0.017912013708113215,0.029575502790298892,0.005584128999624173,1.278688524590164,8.789259506324224e-05
0.006539687600272846,0.0005470359767327364,0.014332008605473918,0.009976557938298715,0.0011570177393580446,0.042537670602520665,0.016882961122020312,0.008408503946828676,0.03069176510503713,0.004479835264947035,1.373015873015873,0.0001821249960677492
0.010382813264807245,0.010098047866988685,0.015000815337011178,0.0132388765157421,0.0052973784789864704,0.029995724380185922,0.01550558512433809,0.01647154215579134,0.009783540665300473,0.016252007227895927,0.6552901023890785,4.358931130429122e-05
0.00768568618028858,0.014767149895966924,0.012709262411960865,0.020374481626776107,0.0025876450630187044,0.023599607746550882,0.01625182252172769,0.016834249046369626,0.01963653642967755,0.00738977885954433,1.0909090909090908,4.370949778550269e-05
0.006263370604709348,0.009873749711610936,0.018842361285098246,0.008520317122998689,0.006425278825452792,0.029052571774715753,0.010826588495648017,0.00551483044439703,0.01800253968844819,0.0120954475337154,1.0386740331491713,5.497368232730273e-05
0.012341575448083791,0.008576713966565166,0.01253498752306038,0.010722428789923667,0.004800473579449283,0.03385703559799506,0.01424745203514517,0.015624251210533952,0.02296172733452841,0.005954434793618877,0.8217391304347826,7.460717753090323e-05
0.007600220963812027,0.008144117197710521,0.012922538936799607,0.0150294604960144,0.0016232332019089934,0.025947392841280784,0.028961992616978193,0.012440447403769463,0.022181156165406602,0.009019331668460608,1.8679245283018868,7.665866589181753e-05
0.0055259610921831815,0.006297776926788969,0.01256856511110876,0.005769684338286952,0.003602279244498819,0.054448034344913326,0.02581506804877169,0.008402742008756665,0.013929925130732948,0.013474401926590343,1.2229299363057324,0.00023406793701250293
0.018264885840680117,0.03658079212242705,0.009192704482426756,0.013017188852259966,0.0007006792230171447,0.02056926512142237,0.03757625370971257,0.0093730135750155,0.012105466106839434,0.005736649633800936,1.715151515151515,0.000151985163258681
0.006593923807645754,0.015949565891450287,0.00982366707602094,0.01572970150426182,0.002205120672633307,0.013351767511429408,0.02339277155652124,0.01252124457949488,0.025106790996054652,0.0049646040782601675,1.4591194968553458,5.5922126094734085e-05
0.009453601435749531,0.007016439352186589,0.013092805811417595,0.02806950706714552,0.002916937882799407,0.025636401427188416,0.011645556703570367,0.005297763148116713,0.024305045969374734,0.004600019343162816,1.616,8.843714898208339e-05
0.011393615616381835,0.017896501043264724,0.009221354825938399,0.02664240489187862,0.0036783630923199395,0.02015928569728464,0.020384091521788338,0.01575350948972462,0.019945939339632977,0.004353330802835284,1.483739837398374,5.694101949338185e-05
0.004995437766234963,0.01275399963054198,0.009662547613819001,0.01778546713582239,0.0060942797040808225,0.017034595434202306,0.015330247342857347,0.006116309946122215,0.033007230954975104,0.0031130908947458636,1.8650306748466257,7.903429758079454e-05
0.007679070514640498,0.009640385055994677,0.011624562432159492,0.007451682232185537,0.0020441882976385945,0.04033435622930216,0.020334710005458268,0.01190343741727562,0.02585746825466734,0.008351844177652381,0.9251870324189526,0.0001286913373255305
0.0074076366649435035,0.021804124012404284,0.006935667028924305,0.011503282731874374,0.004449662458525896,0.030186324310912435,0.02331102811434573,0.013629575931204722,0.03211636808642241,0.005481684190829423,1.811965811965812,0.00010811063872242545
0.006000067152049485,0.028639976726862082,0.011020879360274585,0.010240238944275346,0.003603713574176136,0.015713753557327532,0.02462756219104092,0.004689412315716303,0.014853043980515757,0.008030711159847805,0.9976851851851852,7.028038792983754e-05
0.012235740635010211,0.014786383952153028,0.01705062680652183,0.016982946326458484,0.003401755626176535,0.010331348074048738,0.018232578101037327,0.01072399881748695,0.028063500782428967,0.007529089889214232,2.174757281553398,4.621943320364252e-05
0.0034994858800244093,0.015494958009271559,0.0131171889313199,0.020496037382068295,0.003738361704128656,0.025182315181495905,0.021273707449290843,0.010902700962128968,0.029641284878962077,0.0038223807889416297,2.5454545454545454,8.793490303038601e-05
0.006317035504833951,0.023064250106112363,0.006946878921899866,0.014786460283628587,0.0017387853135105032,0.027585355248397316,0.04100402240342105,0.010220753142829194,0.013725966515814382,0.0036079839548396834,2.7394957983193278,0.00015221404582421637
0.0033627207177698106,0.005823719464927865,0.009454751741115196,0.006240743868428714,0.004278642149929279,0.05785481646722482,0.017311521569798656,0.012855536728109806,0.031074989517715753,0.010397052157944075,1.463768115942029,0.00028451464362132353
0.011217205835367961,0.013737205519417558,0.020326190058184847,0.027521734383306372,0.002945870580702375,0.03652205395994036,0.018403731897709535,0.013037008804060245,0.019602432299371607,0.0049317837282743,2.4854368932038833,0.00010158538327305596
0.0055290197672167975,0.007760763257418117,0.012721352254711774,0.019913176617163596,0.002184655648506315,0.02474499653358552,0.012944066247801509,0.017693846241837587,0.01995220111175213,0.005343458847179355,1.5384615384615385,5.7210606320807644e-05
0.01210483254690334,0.010361229824636957,0.013594225540203196,0.028661635020148523,0.004962051285351183,0.02447689230845485,0.014969913530466016,0.011234780779279018,0.02479800675288585,0.004555801943905452,1.5467289719626167,6.981563042168462e-05
0.008050694047287515,0.011218830464665925,0.016728193066268184,0.012966692173681574,0.013603576463022819,0.022820999798221487,0.007556695905834925,0.0069263909944897355,0.015490719712945534,0.013134514865413185,0.6775510204081633,2.3433258348292755e-05
0.013014293674920251,0.018584346386741467,0.013322461659579787,0.004296070317557863,0.004025487813154888,0.03369214668886696,0.014548782159795591,0.007569732644674704,0.013478556453521015,0.015440227799916178,1.3557692307692308,7.19410129840273e-05
0.01350200790145929,0.011526956627552017,0.006706412920944547,0.007949500366051411,0.0037304359083037792,0.04154859412637799,0.014508011592316771,0.009435939402815388,0.03278467345182726,0.004045208736846045,1.9252873563218391,0.00015892402960059092
0.008077968501104413,0.010940521578885884,0.012080705911890538,0.016225826785453795,0.004379458924913471,0.04573411238897416,0.016194525244473873,0.007096839847348879,0.03410277577790587,0.00434024588669438,1.8615384615384616,0.00018509102720464332
0.019388780852904217,0.009379921849844744,0.012313288875301729,0.027410443943901238,0.0019759213307600407,0.01960907757828119,0.016057443015538405,0.009436769680535305,0.021340433559303415,0.004003586984449117,1.5319148936170213,6.532131527849664e-05
0.007486848682373044,0.008794316795456133,0.008749177421338128,0.017766624322225776,0.004089189761202933,0.03338517999700027,0.032105716624242706,0.006168644362906811,0.02044671481114786,0.011193073209153592,1.4678899082568808,0.00011261110003705652
0.009681273935871657,0.014072269207269741,0.013141337973090028,0.012127689771363801,0.004915276131643845,0.029891234329718838,0.020363555032100557,0.01575612484432142,0.011272112275455853,0.006977145921770738,2.144230769230769,5.088654939638147e-05
0.009971855632285646,0.005819649152775999,0.012976172011916512,0.005773357251123409,0.002169974115616911,0.031264939885609244,0.009764517977238594,0.02216493621792384,0.04036624171629452,0.004235267656320288,1.2418300653594772,0.00016255562105975144
0.012157539533640195,0.009925593952215015,0.014291092896512928,0.008112093241295996,0.003647949077326161,0.04048208190210554,0.01503450286854556,0.009002497875294441,0.03637593690071811,0.004051039532549363,1.312849162011173,0.00016353481546854445
0.022106547337008366,0.013771718171324743,0.011289598715950264,0.0062007886017817725,0.006260048945851894,0.025869942204561704,0.0194276105825681,0.006847972577287922,0.014855363068286031,0.01187555244937733,1.4521072796934866,4.67084980613395e-05
0.006248901585198072,0.023865282143450024,0.01662769683238946,0.011833235941226558,0.0,0.022189797151719114,0.015447878800386623,0.007010470831149858,0.015663827514367526,0.004104757896803456,1.690721649484536,6.164244901634412e-05
0.025559172904679777,0.00714501059779068,0.008989176809558038,0.005921991794878899,0.0017290126248351236,0.03223870417847209,0.01876060583374777,0.017655766207108493,0.013840205831820674,0.008192846264477732,2.1739130434782608,9.155242693261583e-05
0.006935826045980668,0.014955838481290736,0.007292655852846464,0.028374440954923703,0.007103082328564324,0.018671112148092528,0.025288532154916166,0.010086275967319723,0.025540232068454616,0.010642049379935748,2.208588957055215,7.076062206943201e-05
0.007536407627976537,0.019303542563107363,0.01243072523076604,0.01822507664156409,0.001367420175371322,0.020512701255752584,0.019699213397492126,0.014612575098129202,0.015926940525604644,0.007408647573938779,1.5225806451612902,4.12606712070033e-05
0.004757814279277506,0.009210699916153019,0.022735309347067148,0.004326268635496868,0.008388010115219138,0.04744237777344673,0.010704272083569085,0.01745497587918069,0.006971982212500909,0.008762773309165061,0.7344632768361582,0.00016974361060159736
0.006959039220592386,0.010739922809666881,0.016295215058760016,0.023456495662672522,0.011222348064692035,0.022720182116143038,0.009873077965767337,0.028981385313232945,0.011327260074922886,0.0003055534336567107,1.5534591194968554,7.493940635872852e-05
0.004787016746541409,0.01040164030855532,0.0050924510438519425,0.015576123069296208,0.0010847034102848057,0.05405820365897999,0.0061520497482372314,0.01582117571070614,0.04251669905544605,0.003096321593032207,1.5810810810810811,0.0003237304861401114
0.01076511438117743,0.017112360604885715,0.003743930664825669,0.010607171886840693,0.002863071528648871,0.046662449253476464,0.015381364140757647,0.011657089141621562,0.02026267604977169,0.005987556873471592,1.4210526315789473,0.00015955456312109436
0.008602223835644908,0.009437922973776124,0.0058729703162623695,0.010754121280070137,0.0015689551087887295,0.03238477678654297,0.032613233163193193,0.01610951686629597,0.01960206846955287,0.012448468664767648,2.151685393258427,0.00011054794361372441
0.023446909004430475,0.009002448044988922,0.015505538976124928,0.007348286155199712,0.0011286939243452029,0.03246978750158423,0.015844087474793215,0.018226055181242398,0.012336034945279498,0.0070350930202206395,1.8115942028985508,8.216945625330698e-05
0.022853928211845165,0.011458265799262674,0.012611635052686022,0.014742922698914876,0.002751937553381556,0.014781649770000072,0.02691384981992516,0.013069704894237718,0.019509678309262597,0.003203307678703891,1.7707006369426752,5.874001167463909e-05
0.013446117571237641,0.00842036805759407,0.011357317531671325,0.016632362302127245,0.002610900148102322,0.032037603679386704,0.015530222758630845,0.012603262306984489,0.027978243747684622,0.0014269732478542384,1.9217391304347826,9.530734926809555e-05
0.01615409256541622,0.012021672376563751,0.015769772042771156,0.03021489406526356,0.0061042868247614835,0.014274499403580665,0.012037816367135596,0.011869934106457768,0.016352858128984987,0.0027273692839833723,1.608695652173913,5.3045603071645815e-05
0.01818798974219374,0.011979251224726036,0.008450768922568264,0.015565575911277118,0.0017693445871489457,0.04636111821759773,0.01733203271970121,0.008891306565415315,0.011783821198757972,0.008464796565778613,1.8311688311688312,0.000146303367550355
0.014895353948803633,0.013769070582335683,0.014217348630723204,0.009226229421911062,0.004457463592391222,0.03789247213790881,0.013364710561653151,0.00839599384807648,0.016847805547461403,0.015194918390309656,1.6097560975609757,8.001362501173339e-05
0.0043576436251418875,0.02454775742285131,0.014331572862846507,0.007846467228113857,0.02278954587016154,0.013238282595027802,0.018184916905032645,0.009299124093000325,0.028981542788592968,0.0036829835683711534,1.2215189873417722,7.614123912916624e-05
0.0065347717314352405,0.011940370723715725,0.010473228023095317,0.017357374598304314,0.005203411759241106,0.027706617448180516,0.018373165974150365,0.007068300304596943,0.02438703113730136,0.0025803321004450957,2.848,7.193229590159358e-05
0.009436405252190064,0.016092483158950076,0.013537749190188774,0.015607806599757561,0.002696185333902841,0.02777611185852253,0.015891095394637608,0.01685766570434689,0.02383988625765643,0.0069796584404738194,1.1598513011152416,5.5090770233564784e-05
0.00948636691144619,0.011007817924888365,0.010112042207643914,0.005827168761447408,0.0038462905045819618,0.030634117666898778,0.026330972328761065,0.008490068175936316,0.02360987916071013,0.00593609582522071,1.7304347826086957,9.206562215149576e-05
0.016966129413938567,0.008405331239247443,0.014231462110113972,0.02524342234240845,0.0046861854176807,0.018645661245240076,0.01214246131223825,0.010965536411502871,0.024238870877106047,0.0032271603761153825,2.1052631578947367,5.647632752666349e-05
0.006283395885877868,0.020367666241094862,0.010474076654630524,0.023513793714455836,0.008626778381135552,0.024742347712629714,0.018559953910534333,0.013806191447792562,0.023729085843155265,0.004121079950763455,1.398876404494382,6.0016972031451805e-05
0.009259555196902225,0.013579433527577381,0.014806604913638157,0.02152751250813816,0.0031268965224364054,0.020151789988459966,0.018021349851855942,0.013723250956119185,0.01821224150430951,0.006985957787636003,2.1782945736434107,3.546473421672553e-05
0.010113179270885545,0.02323617795646713,0.02823376673673323,0.008497412368078956,0.004912809828649008,0.01848981206463378,0.028763056731994436,0.006330882923183992,0.02063243029750689,0.0026842556055612244,1.539877300613497,9.674228630719626e-05
0.010088842273162934,0.008139992410839658,0.008823917156000676,0.004932053720282271,0.003620254350322086,0.05675104262682359,0.019632999791482485,0.011265582305087401,0.022299973903816345,0.003425526942354467,1.8461538461538463,0.0002562110548208519
0.00849698393884466,0.0074472337817106625,0.019898885434593488,0.022966607587104976,0.0034223711065954334,0.017687168880117232,0.02633834450765811,0.009565080292543885,0.024155037121028993,0.0018284343012892365,1.5885714285714285,8.186101233747553e-05
0.03229693866579191,0.008895834084759033,0.006736538471944325,0.009853887007356054,0.0010774615285221523,0.044556061316503554,0.008413205670549687,0.004920944943296838,0.014045954634590784,0.014967335179761806,2.053763440860215,0.00018252225436327118
0.024585098507850255,0.029301701876518507,0.00831373519579542,0.010886094878847877,0.0020371237556251567,0.023957325970517314,0.016594490430025647,0.009988020992859054,0.01186227551412729,0.006338417597220814,2.3852813852813854,7.945321657613822e-05
0.013972003555240572,0.021439677493159292,0.011293454640985372,0.009907070956250135,0.006244469156655641,0.025270630853961598,0.019964555374357183,0.009808858423590167,0.011685694136439726,0.011487539173630209,2.78,3.681079348241214e-05
0.003979639695931056,0.016244592856502604,0.009047005051307296,0.011775734095350286,0.0014535235210643134,0.030815056885434615,0.0283739387406693,0.00910932416360162,0.048271313322417304,0.003344304310396354,2.12,0.00022704893989430603
0.01175941503692163,0.010695341454430463,0.012859445466897034,0.010284307220962805,0.007053588143346956,0.03135760379930871,0.013812984150838916,0.014846362482081297,0.017134659732958975,0.006302296210021346,1.0868167202572347,4.9878110313910485e-05
0.004427260772002238,0.0038767942985481695,0.009666353066998569,0.0039268907452280725,0.002461204015305182,0.069796347477221,0.017339075686440403,0.015275963765196899,0.0222738918441246,0.009247985220856217,1.9578059071729959,0.00040345538082792664
0.0051275998545925235,0.01298582556781713,0.013095923765646687,0.01653840915318741,0.0031189083820662767,0.01814775672950887,0.016636095818171926,0.017698167316278653,0.026440146486786147,0.005731480860432807,1.6132075471698113,5.1595031886887766e-05
0.01236497803431495,0.012404746422157439,0.008032938307901282,0.01160357238962559,0.004871300384439987,0.011370057026075919,0.02358685735506165,0.019625920721284246,0.02614617320771212,0.003579821593142833,1.8832116788321167,5.693017408426854e-05
0.007122476459296533,0.009359566531097343,0.006422070354772226,0.012258541362821661,0.003020126679418935,0.03943439246500302,0.03311784096976139,0.01466304003560112,0.03137673820741547,0.0058836758115254385,1.4844290657439447,0.00017546379780408294
0.008120919598615758,0.025053089591096152,0.00776143798052515,0.02663824391868944,0.027132962148313938,0.019710798776511974,0.013795403146255927,0.005202019220913379,0.016424576949832632,0.007958911484605084,2.925,7.206762626180434e-05
0.0041838067764109225,0.015121525153345024,0.028909337835164403,0.01725586192815405,0.0027842462721271934,0.018209582527187646,0.022922878677908425,0.015545241279315029,0.014379826188968431,0.0018126045733407694,1.6464646464646464,7.828600484402973e-05
0.00793669064377135,0.012930093544251522,0.008934536421190803,0.011286099510679399,0.0035933477399267676,0.049486967897679056,0.018580299631600756,0.015209890309911695,0.024513443083856556,0.008406174617358889,1.9591836734693877,0.00017324834049599406
0.005868190818118422,0.015561918758722586,0.01722607182306464,0.020142918499635565,0.003022512447007788,0.01354075458410625,0.016948742593620794,0.016155006070032656,0.018239312408034378,0.0034204987199285704,1.3186813186813187,4.121245066356681e-05
0.003386059367485338,0.0057236103730269414,0.006142010882300568,0.005647005690652647,0.0002887323943661972,0.049184979505920094,0.017760307344877633,0.019721745137884935,0.04587966231277886,0.00384849046331268,2.21875,0.00031933177882364805
0.011843603378841222,0.012944111397649088,0.015691627088507742,0.020110078793511538,0.006409544570055809,0.026294953878204973,0.01599458210825023,0.018204903233591023,0.017980108544755322,0.008865030050378758,2.125,3.311665382657753e-05
0.006734847889128601,0.00981612434251945,0.015819862605052564,0.015856230338092293,0.002249427654516373,0.013124089553786087,0.03251789562609062,0.01533442564964285,0.023287899714159982,0.003050488719107492,1.3376623376623376,8.513890008872936e-05
0.01456681234387077,0.011874986882877624,0.01152469102135571,0.012356752283038303,0.00486343854667779,0.026211339462854186,0.009514504934203374,0.018645857564148688,0.019635896786442748,0.002841961228892024,1.2246376811594204,4.8653846209973366e-05
0.011917868364896639,0.01821744027092744,0.008571695128174434,0.008118550677092759,0.0043424338310716175,0.022684939501744293,0.02115666508791391,0.0073545545422812105,0.010610526905736155,0.01799784902053275,3.445945945945946,4.106426273534039e-05
0.025253678246398667,0.0246442409901711,0.009692835945424137,0.005338862288998687,0.0015983002056334493,0.04701649843473139,0.014906200642607798,0.016844484072198112,0.013409432837915163,0.004845409122105357,2.806122448979592,0.00017944567200949325
0.0031189260458018213,0.007326447627742093,0.012370072431300831,0.013290491476352804,0.0013957078800828802,0.03604515761711126,0.013264319865364787,0.01899526848671919,0.045653783166729224,0.0012402511132356612,1.800865800865801,0.00022056536930063056
0.018841694700123476,0.006189075741208173,0.017096603606404026,0.005006785180961293,0.002213606115602486,0.042820170691230834,0.021573180240747405,0.007346006699961571,0.020794221661449872,0.005147423189106215,1.6111111111111112,0.00015173984708326613
0.0012328117591275485,0.0049674715336436555,0.00870447687751268,0.010204367422260423,0.0008578431372549021,0.06573758493677326,0.019770983904548237,0.008427625602073958,0.034573778272608366,0.005117635254726249,1.2403100775193798,0.00040718540622942863
0.010660026290934512,0.008336368472095216,0.006850598467392303,0.008499152147506206,0.002011937959293169,0.02821949790223599,0.025563207194789578,0.017579939938270034,0.021378093829601937,0.009616174020064986,2.0240963855421685,7.672510820183465e-05
0.01699670759600168,0.009759778312475273,0.019151638660827527,0.009513613477562978,0.0016497286739339176,0.024758624458927615,0.009115873722105414,0.015740500887273103,0.008395414181228033,0.010111680025756223,1.0317460317460319,4.37105960079534e-05
0.024639630103388918,0.01922041668092201,0.010671450551953714,0.012984697910930534,0.00033051295610787943,0.01722304832262027,0.01858627917661594,0.00605119010873459,0.025731423198663533,0.005884231610642609,2.1403508771929824,7.081577735868547e-05
0.008969161481041692,0.015283863124636378,0.005322974161301699,0.009371652070500147,0.0014247687034703467,0.029268593612688236,0.032582206535683444,0.009019758301960525,0.012984202195981568,0.01109481090574764,1.0809523809523809,9.914680166483724e-05
0.013949813943610015,0.013432707140105176,0.008247242488406577,0.004648056390625513,0.002464231105286151,0.03452992108453138,0.017878661965868625,0.014719002473701347,0.02062426002140144,0.009142959403684394,0.9491525423728814,8.427205465015878e-05
0.006621829505147469,0.017802643219740864,0.0061355698146762375,0.03167845839112447,0.0,0.022509149515603087,0.0259210195465515,0.007681538129754459,0.023058619965298843,0.005595997788975844,1.980263157894737,0.00011572144797003128
0.006557752050665208,0.022715598516389046,0.011040730593559473,0.004128439033497926,0.001473839351510685,0.028128236280256867,0.018584555777519912,0.01397010052148859,0.02919986396933899,0.01899937361491909,1.694736842105263,9.435717571920529e-05
0.003268968326557769,0.014759460241451257,0.013492573520018564,0.018720204755559564,0.00653954575126684,0.010697048079354921,0.021082634027381912,0.009630636763115017,0.04715471556214704,0.00471359150404829,2.323232323232323,0.0001610495534631918
0.007090935117968907,0.015337736420735618,0.007996213989693048,0.008385911046571892,0.007666122696355605,0.02532787386545772,0.016142476628049674,0.010041470622472641,0.013371400477791884,0.013810103532649729,1.6028708133971292,3.158067548436031e-05
0.008665691606383731,0.017204531833977545,0.00940271457974649,0.010530336304688357,0.004152424760773504,0.020044599868502554,0.024496135205909316,0.007809343107364579,0.04005253005434232,0.006160759189206918,1.371900826446281,0.00012075922796587986
0.010644765608910037,0.012478624190449988,0.011034244528411586,0.013554130915257489,0.001067691650651292,0.049063551513851056,0.0115769274993991,0.02508963261565775,0.01742984846210601,0.0016255426808972039,1.2965116279069768,0.000188289489352663
0.004967282710060067,0.007527895820200391,0.00946087273961208,0.019312680668849842,0.0026153668441615064,0.028757897702705284,0.021360532145419393,0.007351052269747779,0.024788487819309517,0.003410514285368393,1.4651162790697674,9.285683859457545e-05
0.008544924815918798,0.010724635385227166,0.007279851090578878,0.0216610589489611,0.0007526072465326309,0.027110991406763294,0.025059390491256783,0.0114316714295167,0.0321850052380945,0.003007473277885497,2.594059405940594,0.00011846089259088139
0.009357359819147154,0.009837684203984606,0.010815611309135525,0.010589596230834228,0.0019744149455399305,0.03816418306485697,0.023701793595545168,0.015186305456208759,0.019929880214116725,0.014226596571010013,2.176470588235294,0.00010010236314369533
0.006004842521152112,0.015528669277311466,0.016400706010220426,0.018831831785929846,0.006531242101985588,0.017577704404833198,0.018403368095100216,0.012035948517752968,0.03406160226940025,0.003532076909130178,1.641025641025641,7.681209891945616e-05
0.005201677412130219,0.012818610486418334,0.0036478188800023632,0.00993208696069367,0.0008928571428571428,0.057129787083463966,0.03559417384929231,0.012403055732261515,0.019806100621300535,0.00706166514030859,1.3770491803278688,0.0003028046591093435
0.014092085325392604,0.019892061584111564,0.010213392495213016,0.013463844816399492,0.0030445463364249872,0.02451809350079901,0.02217409889987136,0.014792604127030639,0.018563390340069146,0.005055848973650435,1.265625,4.943265513443998e-05
0.014874073459611106,0.018643912308641254,0.010487071471935474,0.017252990754161777,0.0031196213405983958,0.014937757179818524,0.013658874054582722,0.007308084943914203,0.026731068495889753,0.008101519922037935,1.7777777777777777,4.487760980774703e-05
0.00976513470056231,0.0103976520785638,0.012001744486369259,0.013610767140823014,0.0014199791977569755,0.02083326309640717,0.02492620064002878,0.014951019970392944,0.021177178959614955,0.009075396509959704,1.3806818181818181,4.8412963813195313e-05
0.007637813807166526,0.01003313159816293,0.009035476549489678,0.0185265846475847,0.0014662756598240471,0.03851142939301712,0.015648667706147045,0.016120445905423653,0.024048692487143242,0.00737516315465485,1.24,0.00011158569234965834
0.019117670796325193,0.010564858261994263,0.00927638402798309,0.007636065365377581,0.006420723301325016,0.03495769846836944,0.0276482995225199,0.00800227673352717,0.025789623173148066,0.004107129433608541,2.1415929203539825,0.0001153672645266442
0.003463923209688077,0.01582396370717714,0.00989078028043917,0.024989976515669605,0.004786142273840649,0.012987800436350078,0.024098911105394864,0.018196480098704237,0.025167772098979385,0.007412204168979532,1.917857142857143,6.899877101970096e-05
0.014665850529497098,0.016807139125768672,0.01548648552765278,0.010612267783744758,0.0011191765980498375,0.014819014523797299,0.02192777954405747,0.014693045680302105,0.018532706682507623,0.004891455881068888,1.8783068783068784,3.9031472838100006e-05
0.01326395880909222,0.017776961370944342,0.006984105234570884,0.010218307493926656,0.003375177951664465,0.04155484830607624,0.01852446627842819,0.020021386126174046,0.021861431248194226,0.009291843246655832,1.9042553191489362,0.00011542992727984747
0.020960925927180418,0.01608971301888113,0.011184855046377852,0.0034353052725301487,0.0016242155777039496,0.029873125974373416,0.013452153260931814,0.005999916621168425,0.009183524876237865,0.006720816090520794,0.7608695652173914,7.46491452592835e-05
0.004231278178929642,0.01990103882954962,0.0070370928453614,0.01212378865157637,0.0027873718783164017,0.029493181569312396,0.022987830538291995,0.0037018562249388847,0.027793746926998496,0.008885881360707433,2.05,0.00010568410565468311
0.004019716406391912,0.005666260772037387,0.011429972262049079,0.007478860112508412,0.006595917789256277,0.04624345632193942,0.019042128108594025,0.023590668071426336,0.03354531856304696,0.006833217766983325,1.2823529411764707,0.0002004084862474018
0.010613793746685725,0.0164371438041376,0.006967453907926335,0.010882822952907113,0.0010264194289465048,0.03441511535606587,0.02439156387702271,0.015485422997496568,0.027698142022611744,0.003780877243578683,1.7421383647798743,0.0001166938718063319
0.015918239654508223,0.012578698537307207,0.016612983839259153,0.013509746812043566,0.011162402614031569,0.040086951284592595,0.009417463619319428,0.010143712902024185,0.011378242804428878,0.011765085544598982,1.1071428571428572,8.147538264650885e-05
0.006570218962620406,0.025772964521803866,0.012198098483016917,0.007686998247969829,0.012266494787979322,0.010062257787101929,0.028763278852493645,0.01645809636440623,0.032643165887676816,0.0031551231352862684,1.8768115942028984,0.00010225870153892524
0.01020611295918731,0.014937314092775848,0.008426975691128996,0.009276126165984706,0.004513150940638037,0.048925454017314025,0.008696914114442868,0.009601548865807202,0.023130487385538502,0.008108103972928068,1.025531914893617,0.00017117698970611404
0.007984972247208906,0.016083216077748277,0.013665597654080909,0.013094078133247606,0.004409290941853662,0.02609019877556829,0.02348599054322792,0.015312105785744724,0.020675569303198887,0.013721470825873133,1.75,4.38737382119861e-05
0.003820153112462977,0.009786153512143191,0.012702272905889184,0.02057253936102539,0.007445027589364394,0.011449849403490621,0.020755233940989787,0.015794756271999177,0.04130182815277416,0.0031735182441631625,1.2962962962962963,0.00012473001516729603
0.0062640096692604735,0.006461560778401526,0.007652492914307413,0.01787187640557572,0.0016190396637233658,0.02949705452084111,0.02087565138873762,0.012840537333543811,0.04009532234331434,0.003914844793166121,2.2222222222222223,0.0001546297447985786
0.005261725687754755,0.009960457928938177,0.014540004257437098,0.012984401606026446,0.0033508514890573534,0.017642552584356933,0.017817150361154405,0.009812075946990538,0.02224279374375151,0.0049533042724969195,1.0535714285714286,3.962467482310536e-05
0.0036099781894882283,0.0071028917155855666,0.009936172292052264,0.007323767634094541,0.0015574261222710555,0.05851238767019678,0.01926057028189037,0.012829002078689741,0.029507534027473532,0.00155948390941287,1.6747967479674797,0.00030717026441650817
0.010179138528761216,0.012142943555678196,0.010515036483854035,0.01978605687508107,0.008851007864628061,0.0302661802131119,0.022192544691491452,0.009552592099059405,0.012510110081692226,0.008003773115852611,2.5632183908045976,5.313822579497746e-05
0.0034131416530605594,0.008405813583309196,0.007226702924747054,0.011277503929931787,0.0016369335625457762,0.041615714638224256,0.02126020197365177,0.012182607583916125,0.011078405561180428,0.026080923014902967,1.3888888888888888,0.00014676571930059755
0.007927377444402417,0.015159449502785681,0.00716370170123436,0.01447926618637102,0.009715780799149462,0.011173868078537808,0.03582508206672339,0.009846555324133392,0.03103686514670321,0.007987128529649024,0.9451219512195121,0.00010232021384748433
0.008718112710526901,0.011231928636709078,0.006217938629458053,0.022878339071167497,0.000892156862745098,0.028229540054908023,0.013861332181779732,0.013111080249494462,0.036250958873954145,0.003781248903675342,2.608695652173913,0.00012743368149999726
0.044684160439870724,0.02047461023522227,0.00437416326687293,0.006802137950064266,0.0012946605184478992,0.029244609834501632,0.014741899335482882,0.0073593211689455965,0.011668175563207844,0.0038372017569949825,2.710526315789474,0.00018589878130563032
0.0053219782260940235,0.00960068724230952,0.011600311977719727,0.008259120590454888,0.0026275471119963224,0.03476305060029591,0.009299118832723701,0.022528641070176554,0.03680549396550375,0.0036036821083550055,1.329192546583851,0.0001572089629266493
0.013476960912996196,0.013378973663036541,0.02179366187288975,0.007117075783808559,0.00560503551491914,0.018250414215699184,0.01868151948542692,0.010748028306948097,0.017808212553942583,0.008540957822733862,2.1465968586387434,3.0221871805393163e-05
0.010307938907006703,0.014455655121765897,0.013944727705352291,0.01286957369572863,0.004120587572875194,0.03261185964664698,0.024235842087665358,0.009210479339281222,0.012697158574691208,0.007232716325698067,1.4455445544554455,7.044944654567731e-05
0.007499160723556514,0.014375695079018456,0.013334646713770982,0.01741328418845205,0.009629303032012213,0.025142817868437424,0.020970402487954724,0.012779532056310623,0.020443405065860495,0.005926150714828711,0.9036697247706422,3.876606560167347e-05
0.018922197179877948,0.008806940772331457,0.012312679308365996,0.007050443651434293,0.0035582798283612924,0.04405426756645383,0.019465948093171332,0.008706578510708083,0.010744348847446895,0.0067796063782622215,2.0497512437810945,0.00013724910417776864
0.008404822393424587,0.016452453881174972,0.009617491813472604,0.010251352838759881,0.0009426430852370425,0.033075902582705034,0.03000622252048171,0.013132158610152505,0.019040740607986068,0.005273186544325956,1.4047619047619047,0.00010662692247043987
0.004373750033207376,0.015471839783645542,0.008281275550570262,0.01193425363828329,0.0056376349753654905,0.016316169486107007,0.02964592776970095,0.0032312258171424183,0.039326996680728595,0.00905348787336638,1.218543046357616,0.00013696791537085666
0.021579049028619447,0.01711837693914599,0.005773985704954015,0.00899388562017722,0.0024733055618830846,0.021449484323196585,0.015547946607789695,0.008909737391846312,0.018125880277361592,0.0023840350822777537,2.324561403508772,5.5264723780721085e-05
0.013940980566308556,0.015317670534455123,0.016671107449747553,0.008459524049633243,0.004774569122531711,0.03357512818594675,0.011138730086441982,0.009127704232898819,0.009180478342444525,0.009894353280997779,1.1037037037037036,6.373373900429257e-05
0.0058573939259558856,0.007817600862620512,0.010661745159582606,0.0187109880327735,0.0031887049963888873,0.028351973353747614,0.029290291349920814,0.009158938856001974,0.01883729850777002,0.013768941772969376,1.523076923076923,8.20245642185328e-05
0.011241406140987821,0.017422703306286317,0.010239306237677395,0.01886828336581238,0.005458601963991769,0.02294053076362112,0.015839647559840977,0.015542048459795238,0.027824941439961254,0.0044411463106790415,1.31496062992126,5.429763271002271e-05
0.009697863361304297,0.00860310434323535,0.01007273210328335,0.022132909620711613,0.0032873850616906126,0.025438442471242488,0.013416743134607783,0.014823237424536966,0.022143922282291454,0.0031557964263655572,1.1009174311926606,6.161272529438467e-05
0.010698146871578645,0.007246426746394662,0.008853135872775163,0.008601222049373566,0.004334897413868132,0.040256252253689645,0.02063693046319766,0.013794191890864836,0.025798816106128362,0.012563517142688642,1.532846715328467,0.00011821998400062184
0.008191707453336566,0.019878372390113322,0.008261362523199641,0.006916737422663626,0.0042068843499970515,0.032229102789137654,0.03039357364413805,0.008987027730471935,0.012225815886342035,0.01779819765039983,0.6679841897233202,9.808822029485887e-05
0.009928720253656714,0.012102034892103848,0.011385030077851938,0.009062662768170927,0.0023489684631421864,0.029146153174383304,0.018157091539821292,0.017761111800831255,0.019527217920504537,0.002559687715974368,1.8571428571428572,6.69966160298622e-05
0.015974124196311,0.012260662962737687,0.006225726398008249,0.012803968322911528,0.005515393037632946,0.03143129290615555,0.02136986187356965,0.01735092690190758,0.026445365851859245,0.007804906177665662,2.2214285714285715,7.4879756099488e-05
0.003811975365019696,0.006938287343355571,0.007261040435457487,0.007491113616449526,0.0,0.027762227620663996,0.011868060982039626,0.025210123766120356,0.04923944307131368,0.001298810431314136,1.0509803921568628,0.00024001274347346094
0.02984040782576619,0.015808643500015603,0.013187314771478702,0.003847673870347769,0.0023269041210879785,0.04691476446716043,0.01628129183246675,0.009200580189946302,0.009012338925809717,0.009413796317565351,1.532934131736527,0.00018073787514676272
0.0064869502849192,0.027256022849952308,0.010847364853658871,0.006552285472976653,0.0019408219514745338,0.019760120693290133,0.02343360995735222,0.011466858907209592,0.021266279807785147,0.006950266352234689,1.2078313253012047,7.471711781798646e-05
0.012518620505888619,0.01698614626881119,0.013706527016956705,0.01681033537234537,0.005164800173672079,0.016436207486105966,0.015230269950359204,0.014600731164397869,0.019291310753112217,0.0054018911672981005,1.5142857142857142,2.28229701875564e-05
0.011754022925347768,0.014886410918200954,0.012315250800273828,0.008729014123539136,0.0027079664441751706,0.024466746125138716,0.03199092171326508,0.013613985615980276,0.0180424620393593,0.007990512250984103,1.7122641509433962,7.173009306137347e-05
0.01063770352529853,0.012336411305530568,0.010457461252827167,0.002453943372506611,0.003281192154249262,0.05328420380803333,0.020152460423935318,0.005811898582323716,0.01918409234510818,0.011294445070657006,1.5,0.000216584189546785
0.018348248841162956,0.01961943352694586,0.009896040612236675,0.007527104830588835,0.000317726468447577,0.02034355899050068,0.014671729820204328,0.01402830639541766,0.02123245752885927,0.00457833856850228,1.2142857142857142,5.214376377443564e-05
0.0034156562694555664,0.013964304108339787,0.008344739747783382,0.013570118864974433,0.005103861440963487,0.03709130143329156,0.0133398154203284,0.02137262946241741,0.016233986481794173,0.01571765378634722,1.5521472392638036,9.029216821872734e-05
0.006316883097555605,0.008626112294562357,0.010048817587031175,0.019542463404659743,0.003323196214083431,0.021341939222202237,0.01904161255169117,0.012046349321739529,0.04033751254873742,0.007063515190561024,1.553903345724907,0.00011858230592073255
0.0049509659879466384,0.01790830290503477,0.011468378162307705,0.007210960889771814,0.0005450519502640095,0.02060567672759402,0.027887843558942353,0.008414383235535904,0.026013315451235475,0.009059555324902784,1.6031128404669261,8.484517358889813e-05
0.017879832819986466,0.00811336765155215,0.008792781842566159,0.005521580814140127,0.006419325900921753,0.06220541670909592,0.016949594909406316,0.010408671451109155,0.010479663879539861,0.006189529620118011,1.158102766798419,0.0002897923875817985
0.008348929568698125,0.010799232368862299,0.009579407234713873,0.021365188744256275,0.0018745868188026048,0.02897077075049877,0.012439030883048798,0.009231978531574214,0.022000111869578627,0.011580769467539795,1.5704225352112675,6.452114356858554e-05
0.0035718268267970156,0.02481671056657368,0.007413050538332911,0.019061266823576,0.0017657467241066417,0.02741529383982297,0.018040030181237968,0.011806278807841025,0.016592346171017253,0.017995705418207684,1.344155844155844,7.344794499957504e-05
0.010353357215223784,0.010983035970503232,0.019579986623630773,0.026066852501385303,0.00761103757054576,0.020899883148358764,0.009673225109499303,0.013806194437312541,0.018891349089050782,0.0039015759719035234,1.5142857142857142,4.799138198579992e-05
0.014545914335194922,0.012303461870785085,0.012426396985283538,0.018162766417593023,0.004601267198608767,0.015917172937770865,0.015154578696596045,0.014022496612852544,0.026094380109149634,0.002322916592191153,1.382716049382716,4.410840702308504e-05
0.007301260337214499,0.007423638599889546,0.010502667311629351,0.010299520584186933,0.0022486504723346827,0.03163345808478282,0.024231281487396637,0.014556013989778974,0.03655564040693517,0.006112183177113145,1.6285714285714286,0.00013635989932264024
0.01633315025228657,0.013068338354064542,0.00589033599359848,0.010707741902477516,0.005701236425830656,0.04348686401201214,0.01991093164788677,0.0060628302364592965,0.01198213166188943,0.018037979430147264,1.0276008492569002,0.00012523044301569568
0.006526534080136403,0.01193088013903096,0.01942082908362424,0.012199402107289745,0.0020370818368473614,0.02994906789274098,0.010215076165733061,0.014017754057397237,0.034690119868973066,0.005829842124129722,2.0961538461538463,0.00011052862060376405
0.0057279404899640805,0.0057817117941813346,0.009615145713193086,0.009502503257022902,0.0011246781238354545,0.06031061847941415,0.024750289672271282,0.00876657544366279,0.025572683200999872,0.007772633926375669,1.223809523809524,0.0003073020851250241
0.010155789628936701,0.005334883344092746,0.01000625505744599,0.010363954863760086,0.0017084293071501367,0.03056735292381652,0.028590131687243316,0.01722054868155856,0.03399676712231112,0.0031198378523059583,1.7195767195767195,0.00014153825734491957
0.006640739307560501,0.007922996845715386,0.01030513381905682,0.01262360726439375,0.0018919978992574273,0.03853567541013387,0.01306121274697071,0.011643102036831058,0.038845023210571185,0.0025491824791522575,2.0277777777777777,0.00017871733101173495
0.016253822471093773,0.022306392572820355,0.00963232095137978,0.009461129354821268,0.002576106405212938,0.037116303939770695,0.014930006945204232,0.008336756132630239,0.012542375071876001,0.005048010157195548,1.8114285714285714,9.92777654676448e-05
0.012143856904213216,0.0131752464150643,0.019461431239843778,0.012379994516178152,0.0037713109032041013,0.01510173058780756,0.02030897123402471,0.012415180610209827,0.016329890919100674,0.002037881219343551,1.570921985815603,3.5186353826301827e-05
0.022771685180363176,0.017800190788808654,0.009184914206278563,0.007677737600422701,0.003223748319396676,0.04310584390436501,0.020093404637651247,0.012935924636938049,0.01121892443423565,0.00596013098603545,2.5853658536585367,0.00013432559293673102
0.013969225339128448,0.019169457882352196,0.011230701406297316,0.010439474347838547,0.003945862964147339,0.01198297455403324,0.02526649312635601,0.014387545556332041,0.01696081643739539,0.004555901397115567,1.4365079365079365,4.119098230413539e-05
0.012746086573912005,0.016126889939519235,0.01135410689437928,0.018718789223033872,0.003888919894947511,0.017256075899777817,0.016099743270708206,0.014574918642425876,0.020985118786086887,0.004036388880173198,1.9146341463414633,3.3247736920295275e-05
0.0016268335879619452,0.005731635922722777,0.00701931849353024,0.007202089282948296,0.00036738351254480287,0.06277618951139764,0.009936596118960922,0.013046813236803873,0.043813983653429055,0.004643114026262914,1.4090909090909092,0.0004276760991489181
0.0020129675316345845,0.011076658767093394,0.005900494557778463,0.006753378315276097,0.0016673916195447298,0.06229694162998109,0.030355074216232927,0.007966779866981624,0.03128679272930977,0.00445824981579044,1.8660714285714286,0.0003769200898872053
0.004802907544501647,0.010870726562629648,0.01768496772732776,0.017638757741036404,0.006377387721298447,0.016062499873896054,0.011334849315548194,0.015492800140832718,0.018837401935546467,0.004322019908907461,1.538888888888889,3.138627170655797e-05
0.02972404861959149,0.018844602835934088,0.012277335436897761,0.01432343424429379,0.001837731665886895,0.017232059617258332,0.01415365593174501,0.008482913811644505,0.023961539020084324,0.002214944155694619,2.061224489795918,7.775611818046973e-05
0.01732528187931605,0.008599531631799674,0.014335345382989407,0.00816566501966022,0.0031083849009172224,0.046540503090931926,0.01003452854454139,0.011000821458042565,0.010750824924269145,0.0033726322720915307,1.706896551724138,0.00015505841035064064
0.005295902515569169,0.013798541093126527,0.02002533770386095,0.01840349361417776,0.0022222301899200727,0.017050322060756573,0.02291964250879659,0.01931626112571349,0.024528394183470446,0.0034800463792199767,1.6827956989247312,6.71000485942095e-05
0.01997979415453231,0.011512437927133586,0.007645228941282049,0.017077070738283125,0.0013195540647198106,0.031168607504308835,0.016841678263081257,0.013388803305083328,0.02382162320817885,0.0034865952101268884,1.925,8.432237065612566e-05
0.015096988522186529,0.014108551749561491,0.0068795461800947475,0.004160250974296687,0.004668993810793829,0.03637462881331288,0.025366701768755554,0.008090098387441649,0.01018791098764357,0.008356217459591562,1.1720430107526882,0.0001047154413967116
0.009751926628971808,0.007631833510830833,0.009188882415145982,0.020373515108471837,0.0022982330174579936,0.03855678043084325,0.01886599443016554,0.018784634629327765,0.019514531836111636,0.001412601154852398,2.5125,0.00012152102858390046
0.013430318705781518,0.004732531298545628,0.0125395987375297,0.010408817423625939,0.0006538695063285227,0.051415292901598623,0.004202842025697131,0.007250141376025149,0.024872389367327028,0.005584724928987223,1.1366459627329193,0.00022304705853152813
0.005240316787534912,0.009248168879833728,0.00871681042004123,0.014509972472162595,0.002748080229884195,0.03953978705962154,0.02403246515105106,0.01916629977452421,0.021410068832989213,0.00460385473699349,2.564245810055866,0.00012982389656074982
0.009918458276384422,0.013704668414492598,0.007270494501309514,0.018727381777096885,0.003213387947401621,0.029425048715748664,0.017340368787853413,0.018445536335980818,0.011566572827539562,0.005157533920495834,1.2327044025157232,6.121772012605383e-05
0.008185123207077353,0.007703804894448845,0.011218706837618721,0.003962587186993774,0.0038587535137980006,0.04745029231166851,0.009332761385864297,0.015622705440442496,0.019748095447295128,0.01206896355960435,1.027027027027027,0.0001627578772713938
0.007083301117041485,0.011624816340765485,0.01147329584452857,0.021885629948558548,0.0010075970458580518,0.03802700174930736,0.021820681198458154,0.013033799948939979,0.019954388584188777,0.0024017151890049064,2.0141843971631204,0.00012147902235689546
0.00630952398447586,0.012252690607269119,0.008831578098976518,0.011570063078538244,0.000761243947486647,0.02643494533943089,0.018646259196067355,0.008013483283068452,0.02283404836928007,0.010288076974044229,0.8246153846153846,6.157645844116584e-05
0.010070411117071255,0.006812064072116978,0.010732681353472573,0.010486849496891252,0.0017587537668460383,0.059715732263409434,0.010044540656368157,0.014279292155947294,0.03609528065880836,0.0037852402858000573,1.2108108108108109,0.00032017950203582694
0.017058580391803583,0.013587498579317216,0.012167677910263406,0.016302816228034565,0.001722654361493252,0.01927533113491997,0.015713004207803024,0.015431502947117613,0.025665138754442953,0.005289334942554736,2.0,4.591028100890041e-05
0.009870611396764683,0.024006043285915317,0.011130771384866579,0.008522480540864824,0.0038992739041667597,0.016858055213768836,0.05485379579919742,0.00722755609073348,0.018512171532692898,0.0029992903052931835,2.45,0.00023221176762232146
0.01872592898633151,0.018439983638261662,0.008552356775344367,0.004830239602112755,0.0059182265662544534,0.0245481585473408,0.021058635194972856,0.013194828191150247,0.023920469485795178,0.006884313726271181,2.172794117647059,5.869121412590103e-05
0.0066353362285448,0.0070454998872173545,0.017527660593421483,0.012896800513800757,0.0020170927530379877,0.03115395995873273,0.015943314572355843,0.016274708884177883,0.015465045408417779,0.005904362182497117,1.7526881720430108,6.915584699675458e-05
0.025803418412165234,0.007775691613045193,0.012698248583341636,0.007670399232291733,0.0008971291866028707,0.04599527576466449,0.01781717679524716,0.012314491925900069,0.013059316365223922,0.011000089471203893,1.9775280898876404,0.00015776736821741
0.007864308596304813,0.0071936156390042675,0.009540213726702912,0.012138545200989627,0.0011983528615123547,0.036562224246189386,0.03348677850619722,0.02084049817328436,0.025921916543035096,0.006080743845117899,1.6150234741784038,0.00015202898511710452
0.013730039373843256,0.009586371283166502,0.013619119399684082,0.027339322755487953,0.003414281314194062,0.025212872572416525,0.012283669506230891,0.026913557527390337,0.02462837445700205,0.0013707883026064845,1.6067415730337078,9.387016052571466e-05
0.0040709521630418214,0.006212648641456856,0.014038303266605679,0.007437220482652806,0.0037796341583036528,0.04038002919753489,0.0056785493134276725,0.021626156266581827,0.05178221629865842,0.001722072416279093,1.2363636363636363,0.0002978142775596981
0.017849852250247225,0.006375874958595472,0.0075641725768623895,0.00555367059074928,0.003559828461287074,0.0523610372417034,0.02267528623028333,0.016820196252043926,0.015763923891929592,0.004431157977236455,1.5333333333333334,0.00021415337997074957
0.005360358303403126,0.002295015603481925,0.005490821377714557,0.005671095198789395,0.00369739418712841,0.11447197962242037,0.010888367340952568,0.011474886091516883,0.013974651121960875,0.010451281346757796,1.8115942028985508,0.0011545788020938515
0.017161479711350493,0.007412190764257542,0.009660612844452743,0.012347459459400485,0.003713486683046081,0.04660167274197332,0.024968173689596817,0.012902364838952188,0.02955320856246565,0.004559373692271004,2.5760869565217392,0.00017919606259274946
0.019799476888807403,0.01641207130944137,0.0060107069682364305,0.008258776221186913,0.0012230922352623173,0.029809764038223885,0.02561171328821898,0.004605409617726161,0.013272998623845587,0.005346585977137965,1.404494382022472,9.318107806820688e-05
0.0038850874470329993,0.012987650995620773,0.01248992598241078,0.007661296018920897,0.00293387068914286,0.041755016486892046,0.03108859901471152,0.015569707823116613,0.015555090829328334,0.00562100457659568,1.719387755102041,0.00015517678100041758
0.020054507090438576,0.01707036974877196,0.006559854811400065,0.01386268185202742,0.006773369379833336,0.03636800829265561,0.01779940559137929,0.007292187048483772,0.013734848701894316,0.007564346856856256,2.0952380952380953,8.33241064359291e-05
0.0229064619817746,0.012298109141237606,0.011115085640867774,0.01915862746317265,0.006296819546102321,0.01529212656358449,0.016824162061053048,0.011727282140896397,0.010982576298072214,0.010461602991273791,1.6666666666666667,2.3563088899093634e-05
0.007778013455938315,0.01520710520866466,0.008159585571387016,0.02141081829111316,0.0039424417920345105,0.016733292654295327,0.025427636549145892,0.016086992163725198,0.01913166102849306,0.00863394967058575,1.954732510288066,4.747448298359604e-05
0.005107802411138091,0.014181310241816267,0.013000412011335265,0.020102195865414473,0.006267794866670779,0.023446670981636664,0.011496199081540618,0.0088617268288187,0.03696564295863705,0.004854237852117159,2.5906040268456376,0.00010091866033912877
0.012559607218911372,0.014276459125655342,0.007894137786776475,0.01937640011279057,0.0026234936766551527,0.021104304093588568,0.01730181355043902,0.00990671820718395,0.035000138413908116,0.005037380906209911,2.1822660098522166,8.829384532775008e-05
0.008734399865396881,0.010495026904711198,0.008315222799915407,0.01258202341999249,0.002418717308594206,0.03932612378499059,0.02034388695678658,0.011749276913036542,0.030071958100647892,0.010359683789713045,1.45,0.0001273358198059206
0.005593696181790911,0.015067280230985554,0.010025848678413463,0.0235460062321417,0.0022422778303128796,0.014249523754287891,0.03395454706124944,0.011608681964644514,0.011784699883478423,0.002493061626493247,2.1176470588235294,9.437224744592308e-05
0.007373943710568425,0.012874512605438848,0.012300204482725167,0.015477861154423192,0.0024481488741333775,0.03472450995768552,0.0242531585036019,0.014831232525169824,0.02150169821506822,0.008931641074263691,1.6703296703296704,8.659094416867411e-05
0.010505890550626082,0.013895002117762211,0.012445869962184719,0.003145004006900716,0.002314193088738577,0.0375705351204519,0.0201821557020842,0.010341770678767763,0.012973116726349647,0.01728250976274011,1.2,9.866470036077083e-05
0.008131654850234826,0.014621428486893122,0.011088298214518458,0.012631425023346547,0.005061762543168899,0.04652146295864461,0.005498632496613123,0.024014072790235968,0.03317014683298991,0.0031819432741526585,1.2548076923076923,0.0001980634978032941
0.005201691549442035,0.010252520210409196,0.01506110887283683,0.020979347715187533,0.005071942482582805,0.013111945484165763,0.01952462030768478,0.013272910985549303,0.020580177398252054,0.0022296870126529114,1.9337016574585635,4.589207826484932e-05
0.006398712253280208,0.014604562114108531,0.012395929198076883,0.009706123227791682,0.00747909153901491,0.04825050767873937,0.011396123298126124,0.009177842554922367,0.022812023919354135,0.008149610467114059,1.3969072164948453,0.00015843693701253687
0.005978724510997351,0.011216720999038289,0.010745933138427057,0.008306590817236467,0.0011073923395720688,0.04424748991805494,0.02385734009424683,0.014185739186527995,0.024706111134403092,0.007196547429088699,1.1243523316062176,0.00016011042039377872
0.006733489144829444,0.010176868812869375,0.009868348906034323,0.01742508176668882,0.0018339415625011775,0.042031705415598725,0.017432541501651466,0.008752053392768498,0.022701502691460825,0.009660360498325218,1.9367816091954022,0.00012883384714179982
0.008290327070361675,0.010914718678338839,0.012212996129904993,0.023842831600804203,0.005620045582635796,0.022722709009107736,0.024535294007043896,0.01257645971253751,0.02066634603757305,0.0057960224194548065,0.9795221843003413,5.6457291731460426e-05
0.012620707300751223,0.004946932793572042,0.006354577515252213,0.012252546833695538,0.000566134843026248,0.04616904116717883,0.018358325456194015,0.008754325959907348,0.023808060265443434,0.004007989604621522,1.462882096069869,0.0001780850846978208
0.02985970521912145,0.04326347127303213,0.0073868120564077305,0.011335303556432717,0.001233479050029399,0.018204567797337288,0.013904230178284502,0.004534481667317148,0.01547844724996483,0.009490166439018623,2.126126126126126,0.0001588807068782301
0.0065282929173720305,0.007380149621336951,0.006138004803807721,0.011524364614764176,0.0014301222503725838,0.06589888212200862,0.013708973352546883,0.010377682238766095,0.025830267208696567,0.00683820599811265,1.7178217821782178,0.0003554476693641
0.015067997305683967,0.010688849015199094,0.008458840031948354,0.010718561551865452,0.003037205430809952,0.03621514570517428,0.018725452007405132,0.01906182816302588,0.024084200483616702,0.0016096720689321078,1.5806451612903225,0.00010717289773183013
0.00647880568551548,0.006300203124719277,0.004620868682166925,0.008845069662924672,0.0013772314152171276,0.09127971075010002,0.015336815136084633,0.009945946167662976,0.03238242452058419,0.0030296723943331644,1.3121951219512196,0.0007423976035447989
0.01225412672533286,0.004810889398707076,0.009213714389564788,0.017910272426638042,0.004344757352710239,0.04327038643400524,0.03400008610654116,0.013982115606082049,0.014014109503904802,0.00898683575227811,1.1116751269035532,0.00016098616929765094
0.013593374332233064,0.01102202190949913,0.013687120118425307,0.003814534932802924,0.003681932272813546,0.03602585545051593,0.027773805074746055,0.01873966679814294,0.020997188006509026,0.01106590389853134,1.3945945945945946,0.0001036229004749793
0.011305182355005525,0.027623030599222102,0.005877804799948635,0.009512251218074141,0.0009013206306631891,0.04157838779089378,0.02121738958701074,0.011648214928977193,0.0330902738092164,0.005163505176326682,3.1030927835051547,0.0001814786355138575
0.006820146864293042,0.00847095789831158,0.008667107752862235,0.01219459644044215,0.005273598613138383,0.024557424935033278,0.030461303802275776,0.02382853518961246,0.018593080633037037,0.013009659659930728,1.302325581395349,7.521955517838571e-05
0.027705873531922335,0.029499653009265166,0.005355108538045751,0.006825161475958578,0.010644526732503278,0.03890004998303322,0.011419930682525337,0.0022478574653973194,0.011386785939400177,0.009926196261814166,1.5454545454545454,0.00014826852707791792
0.0068929043670412846,0.006149480801038726,0.005590860005749164,0.011883579430098209,0.0033936222180489914,0.05651668530425281,0.0062720290555886874,0.007551122162961661,0.006512601162626529,0.012662579099590815,1.5073529411764706,0.00024879844233782083
0.017013301585196643,0.02326599123313795,0.008803241758130704,0.007141166454268373,0.004056296766452756,0.02192744267493233,0.021808536844697947,0.012401777554553456,0.024347347444990116,0.0034654040392129585,1.5185185185185186,6.783257895685313e-05
0.009854778524018164,0.016561334434702587,0.007578948466211099,0.008804565745682814,0.0034033855454216025,0.025866280330729144,0.011322919115506635,0.014834305913864412,0.022157008632836657,0.006244614705390731,0.6331236897274634,5.130306010765398e-05
0.009053647352757889,0.00928737741533288,0.012868153377287271,0.006896691984060787,0.0025245934843873244,0.04589049968112092,0.02740744521390628,0.011147378864765,0.016592907820770608,0.006193162031851991,1.480349344978166,0.0001662764718801805
0.00904671641774942,0.010982692726504045,0.012454065532983163,0.007997697981759661,0.0034422946372308625,0.02581074691815984,0.018643727115783104,0.015107156228582538,0.010603030194586398,0.006265090007005622,1.3941605839416058,4.206380191966161e-05
0.011273817144974305,0.012189772035053309,0.01195800406415628,0.004787807352350245,0.003913753163722664,0.022133341996215396,0.028603234841579013,0.011975335314731838,0.02616656450421883,0.0055782693953072456,1.9275362318840579,7.819219677537206e-05
0.018051337132474827,0.016855618149192807,0.008277390249478435,0.011047214378244057,0.006264729259738511,0.027368262638410797,0.024994674611377755,0.009840484229948387,0.012338418544041012,0.007184926702263359,2.1956521739130435,5.460847474920497e-05
0.013483538186179398,0.023903582335914116,0.006665589743428662,0.013169642508770674,0.0023516457812677396,0.015862663264681706,0.017514316856765324,0.007145698531871629,0.0318925606470676,0.004277805324664142,1.6213592233009708,8.495417604947414e-05
0.008893630728013264,0.005861463335613967,0.00474294394936296,0.008717528806089765,0.001286008230452675,0.02275179798918463,0.042364506523214385,0.011062889079961514,0.023929895974915655,0.012627115578920295,1.443609022556391,0.00015081185112512412
0.01273954323167942,0.01711762967192089,0.01213586969706545,0.011947922261312102,0.0023839183753472755,0.016413819325117304,0.014050035815355093,0.015582573161075971,0.024995997341585162,0.005997984609806034,0.7114093959731543,3.808928478887571e-05
0.010881201205656933,0.006848407652424544,0.01291325015419406,0.005730347473650883,0.007709727565827369,0.06396284010699727,0.01681622230235027,0.008779910617772373,0.011513914419314587,0.009168938174943774,1.1464968152866242,0.00030116373590336707
0.008969161481041692,0.015283863124636378,0.005322974161301699,0.009371652070500147,0.0014247687034703467,0.029268593612688236,0.032582206535683444,0.009019758301960525,0.012984202195981568,0.01109481090574764,1.0809523809523809,9.914680166483724e-05
0.0319849194506079,0.020410447214205846,0.005436175270924126,0.008531198575856479,0.008596420134790676,0.025026077517238735,0.01116277840099876,0.0072509086357794034,0.0148067576690827,0.011143876184502717,0.6582278481012658,7.54541778164412e-05
0.012547843114377937,0.020445292757214788,0.007673506596424457,0.012223238510095866,0.002838500083178246,0.018520082640987798,0.019014075418720446,0.010543759328407247,0.016154822020199872,0.014083579638997661,1.685897435897436,3.0003602410940383e-05
0.006080574437851139,0.015548143877475813,0.012204539903163197,0.015425180629038804,0.002597244147395771,0.015373760007271437,0.036624371318244954,0.020857729721501708,0.01594730435235603,0.004321491370526674,1.4834123222748816,9.512830051881764e-05
0.010725069788096403,0.01805790628206433,0.01894958803151466,0.029463171187490454,0.0042022103803571334,0.026139934826086193,0.013725599232403872,0.01612340620690924,0.017312702684446856,0.0025563120775068944,2.6610169491525424,7.232378736803505e-05
0.008144635662368617,0.015701324194896372,0.0068660472840940045,0.017099420403238526,0.002896448390889256,0.03251948958790697,0.0192955229975313,0.00608789270087848,0.022735092833180787,0.015934019344461887,1.1589403973509933,8.103627058140261e-05
0.004011546302121534,0.02051340067062241,0.015182362201934627,0.014216844813328912,0.00333958954258639,0.017812397245086355,0.024130963341107398,0.005082244791803985,0.02858327290091185,0.002201389812336027,2.0673076923076925,8.927029026446035e-05
0.00628852532584116,0.009580534571062397,0.017462332010769636,0.007519538136735233,0.004211686699874746,0.033703123577762464,0.013575861286001122,0.010337928102574744,0.03279073288568388,0.0031547010368882466,1.2028985507246377,0.0001223467272148667
0.00957249468647076,0.008308807508200742,0.0076808187954508535,0.005497964902257551,0.01464485249767744,0.03748422803411665,0.01666629142946155,0.008396922376198445,0.018436945822960883,0.014511293624170024,0.8493150684931506,8.604903086351845e-05
0.010925830583007315,0.013383154596834887,0.015242017168441034,0.023933415119430083,0.00494963780948345,0.02715261923152391,0.013068966592398685,0.010061047505861615,0.017865702993061262,0.004102887143049885,1.4759036144578312,5.4908724295748124e-05
0.008561377707229399,0.013478154153640409,0.016038076881712417,0.015359393386494037,0.0032019750780951438,0.02121539629155408,0.019970989185172608,0.011864771459478203,0.02255223562801176,0.002109199747047566,1.6331658291457287,5.06739144573219e-05
0.007560195414169734,0.020933635092537855,0.012750742305416734,0.01067701317851755,0.0009670534880618914,0.014533690177204633,0.041189163530941375,0.009597790484432319,0.01824426758448178,0.0028665878770882474,1.9470198675496688,0.0001303158109744777
0.008038483690947753,0.018927685507054915,0.022808109925447306,0.008675599657406217,0.0019444061155822184,0.030745634475999584,0.015900165586954323,0.009776053334280168,0.027966147244884932,0.0034719999482564876,1.3421052631578947,0.0001013376115882817
0.016811104664455994,0.012890661110301896,0.011144378594277039,0.0071402656121140355,0.002457804589604039,0.036605482105891034,0.012983538534003507,0.012133506135312484,0.019747125631494777,0.007216445438198943,1.5478927203065134,8.800677677220755e-05
0.010758399506366036,0.012940179139164608,0.010035832977531724,0.010376558137903055,0.004425281837137707,0.0246108066832924,0.011970346854634223,0.010650936880174697,0.025046354097497753,0.008653526729436579,0.7341772151898734,4.439890993765583e-05
0.020115317633405967,0.015361251217344005,0.011468209327657582,0.012886007558099877,0.0026238774499779834,0.024766414452344013,0.016975315572994396,0.01273186178428409,0.016899543763450067,0.0040023146647099215,2.0419161676646707,4.5620422761515886e-05
0.016096522028568108,0.01652911561773113,0.01616120807458242,0.009614283444425603,0.00407271077552698,0.025272068183024275,0.010090136307740472,0.01323692211313442,0.020178930079022474,0.008732282537204166,0.6319218241042345,3.801167489483992e-05
0.01145543118886809,0.018798279734491212,0.011642401199108523,0.005918381722396632,0.0016644512825515804,0.03434646741237663,0.0133056643965539,0.008399014892747964,0.03316642276244215,0.004796132886884023,1.6838709677419355,0.00012768998356276645
0.013112817197148427,0.010806511444771733,0.01323576212186363,0.014287743029696355,0.004051781297565944,0.03602941909628622,0.013505390652839427,0.01436126498697251,0.029989350512272323,0.0019643757130145515,2.1641791044776117,0.00010932620379518531
0.01197140838436563,0.010938088307606475,0.015480601553163262,0.022986097194885414,0.003492839185060141,0.016831680520868315,0.015356938662157664,0.01642181706110749,0.019787944743074708,0.002748864355571289,1.427710843373494,4.233992104361898e-05
0.0045711263721099306,0.012781469686176673,0.00872926186353843,0.00752619631442263,0.0012170074360549738,0.02801279743548162,0.04311616705782298,0.012120144454623265,0.014642991220542278,0.007753575178443243,2.239130434782609,0.0001567263135526839
0.00978392589992939,0.024423344549251887,0.011269853619649245,0.015031586792216042,0.004366004270808456,0.02208728070878748,0.01701232653719078,0.009120189563852648,0.02484022345650732,0.005393433502268766,1.2661064425770308,5.739107418375628e-05
0.00648408846302269,0.01943610509611638,0.014510904554496213,0.01789273444489421,0.0077942975937361015,0.011780358159181539,0.027002772735390642,0.008279173734944918,0.02193276755247518,0.0052258490750867245,2.9134615384615383,5.406612265540971e-05
0.01189263947385464,0.006939599953838996,0.01017970458599681,0.007822674638915063,0.008709598927987845,0.024870146859294784,0.02750357875177821,0.01633771842809653,0.017313684972866304,0.0054217171398353425,1.2107843137254901,5.8296255649783365e-05
0.014294195850497625,0.013813212771681776,0.011942836809336426,0.01094885867759908,0.008181923245107242,0.03130493756799144,0.01666022264756632,0.009276043123291713,0.018567039197938603,0.006001783238057371,2.3640552995391704,5.123303985233219e-05
0.006573164841855152,0.013694982886838056,0.006504136385762249,0.008342431287556651,0.001647296327480274,0.023290234725601922,0.03371514658836417,0.011976270004603395,0.02549976914554459,0.01394185378855307,1.1485943775100402,0.00010052072896096821
0.007295271315144927,0.007435960843948579,0.00767705351595511,0.004941819344057374,0.0008296642148658662,0.07515359208680775,0.009470751061661566,0.016694120346986214,0.03236088522853245,0.008065900696061824,1.7195121951219512,0.0004926496891997571
0.00669568172678448,0.01722333352505307,0.01953044538780992,0.010662579104299892,0.0030359237630601947,0.008234262240796807,0.016597047309172327,0.015295641151098346,0.017052535442116133,0.0030558423041298745,1.144736842105263,3.8365133471521524e-05
0.009679840068586777,0.013356543006231876,0.006524078317266192,0.013566771064598547,0.0012622689094965748,0.020681980232774875,0.03400586618742113,0.011716670311699899,0.019766219483601074,0.005080734818942942,1.5751633986928104,8.871158965935135e-05
0.007459549375641618,0.005921942723350867,0.005244940000878111,0.006138296914662342,0.0016946965673215362,0.031965331244578794,0.019989281136644246,0.01625784332317866,0.05022778961883116,0.007601795898320075,1.7619047619047619,0.00023326600091084596
0.0103269524127254,0.017691620577965184,0.016840995746701712,0.013189027254873968,0.003365711841117791,0.018858790044698537,0.01133220808494418,0.013110744511330626,0.025676023625199672,0.00391600688837764,1.7105263157894737,4.613652662604457e-05
0.00836546255353246,0.014423126593184166,0.009586637333611463,0.015293559002380608,0.004233849543798976,0.020098795047010155,0.023493369012430862,0.016659788973984943,0.01664584389374423,0.00683835058750337,1.3944954128440368,3.7693036895932056e-05
0.006605415022634736,0.009060125712561361,0.025995650084117673,0.008616298207286096,0.0035820877249633904,0.018246175862878376,0.02153749221938602,0.015263945624438485,0.030893900315664524,0.0054362162620497576,1.896551724137931,8.810396503460067e-05
0.007157640839317728,0.011808158227738452,0.007403536583811998,0.013543256658169979,0.0019435149876644163,0.032661783751343716,0.02808662912643036,0.014675414333315763,0.027047747437760672,0.005061853092030066,1.5339805825242718,0.00011435246090527691
0.016897702436012386,0.012791149765489642,0.011386977351228329,0.01805607573921296,0.0017410745730344049,0.01750780510219573,0.015528180177919347,0.010428233750153608,0.022072727604228126,0.007831156100452192,1.5029940119760479,3.452483190977369e-05
0.004876915878366121,0.008510208548739115,0.015494842724175933,0.010002752977023677,0.0013168184988691849,0.027267641286650456,0.013059782621858178,0.014331839426962624,0.045193016512988585,0.005517593658847454,2.1623931623931623,0.0001679244411361716
0.008967413396057325,0.009079398573678015,0.01228337834308802,0.010426751007300006,0.002037716059014233,0.020325480985284482,0.007493217950683773,0.02113518110974478,0.04496697581837056,0.0047735047017230855,1.5591397849462365,0.00015394124476294182
0.00930610119273872,0.004728954931173461,0.006744504380972797,0.007003101419744007,0.006970933592703796,0.035253638643666846,0.023606184658082646,0.0060359334621474855,0.00849429487758024,0.03920032113956356,1.9107142857142858,0.00016959882512831422
0.023097438144180183,0.011954661907730773,0.008889373422124095,0.007665941800892558,0.011514549295406226,0.03664962344671106,0.010471029909446391,0.010961079827086162,0.008297679724780375,0.016729454838960958,2.059055118110236,8.11268013655146e-05
0.013264690530226593,0.01746931494375742,0.017380394801326905,0.01094481979359555,0.002727141308350269,0.009766462423349663,0.015474174475767608,0.01265623045040067,0.024303961300625083,0.0018829743620992405,1.853846153846154,4.6149535015594925e-05
0.02492616709549732,0.006791979193758902,0.006515461648312064,0.01088566278004994,0.0052146959356919684,0.03137682397488875,0.023896934321458303,0.016000926714753876,0.011144741998061557,0.025929230019901345,2.961038961038961,9.079462033897855e-05
0.0044087961635475015,0.012223865985874502,0.013532935473010847,0.021893062184546137,0.008183152151998796,0.014529368009211162,0.015214422142948629,0.01590252158971842,0.029298900803995522,0.0026116834910138577,1.2696078431372548,6.223781466413267e-05
0.009540707083428692,0.023253234515936787,0.014945134987086625,0.022815534284902468,0.004057765346716163,0.013602912148979858,0.02495813130733018,0.010018863580023303,0.014148633503683568,0.0075173250537540785,2.552941176470588,5.097080886969141e-05
0.008910860143140523,0.010193240297357414,0.013739470615095653,0.01062094395109287,0.0008107429718875502,0.019757676254685018,0.010636366326000927,0.014636218821761875,0.03918072279929687,0.003367054235887026,1.3227091633466135,0.00011235491781524137
0.004883601863731149,0.019966093281148598,0.01275049554466618,0.014169773819284675,0.0030902594437240043,0.01436414555310319,0.015526247065703632,0.011187440011742654,0.02005564480611693,0.003221650767338782,1.9444444444444444,3.992572454840407e-05
0.006677420505062683,0.014318193768930225,0.008570554647189166,0.020650569271163335,0.0025946179816613017,0.020697103595500727,0.033564376911674076,0.020766296800407192,0.030774098134603727,0.005155344219432562,1.7755102040816326,0.00011489063360788645
0.007691754186644902,0.01322814394950301,0.01299329506900426,0.006673919885851141,0.001683286449406182,0.03764863974346519,0.03022130677480278,0.007530851756216255,0.02031812797375266,0.005194002077981654,2.139130434782609,0.00013638509793466414
0.012170590528437733,0.0035597764292822193,0.009361412367815276,0.007438341056212066,0.003029664021168851,0.04381392782110869,0.004825935318488,0.008141672504741682,0.02434684490712436,0.007609447616811218,1.2242424242424241,0.00015865097335201821
0.0017779549019103695,0.007472516690852762,0.007721493447115064,0.007670643964245409,0.004381465309689811,0.06033791104409048,0.019210094699197485,0.008885817052087802,0.03662762463443825,0.004148194089357859,1.8415841584158417,0.0003489228464001282
0.006112318776262076,0.012266060250636587,0.00867658851260551,0.024851784589931016,0.0027245340210089986,0.021330355583217397,0.03310056164667897,0.013671952464090911,0.01885587354846164,0.008626527229499794,2.3366336633663365,8.879413686982314e-05
0.0025684054132239804,0.00843683961607777,0.01637667338288233,0.012224506708170556,0.0,0.02041315154647862,0.03038040955551994,0.015108780567740824,0.03046490716041666,0.005877009137257977,1.7545454545454546,0.0001126489367702384
0.009046045914107907,0.013425403079385603,0.009655689458028053,0.0121986961731145,0.005526680927299779,0.0350384164199307,0.010563776225088198,0.008622227171604727,0.030892795696400865,0.004634259868491735,1.6,0.00010835529784362703
0.01124959761544569,0.009919003217405553,0.014963384272865976,0.011163448068427805,0.004572798248220492,0.017115361226297046,0.024347518048863308,0.010121552356985144,0.0429787856197934,0.004291626713035902,1.437125748502994,0.00013071206352946373
0.016704255550589076,0.013712977078134571,0.011007030981530705,0.006505914150060202,0.008081884290665869,0.03718219190636095,0.008590157890637641,0.010783358335937712,0.01051646032754541,0.006646889346395422,1.763157894736842,8.224712798714759e-05
0.008755854607823734,0.020481765169374406,0.004226065239268645,0.011343528116190616,0.006962674576690149,0.029768673041965166,0.014651951379347798,0.0021924369525523303,0.029653201721111497,0.0037850890701089553,0.5166666666666667,0.00010586638735871203
0.00780494254927729,0.006638025980253513,0.013961708435891711,0.02159776993416079,0.0021659306986065155,0.015915457922889002,0.01082411675908801,0.013965463392373279,0.02609209490373459,0.01026154833832154,0.9885057471264368,5.0299525438653674e-05
0.002393278784720171,0.005122823638188215,0.008733168577362841,0.007051326444821718,0.0008529622027288653,0.043908846233006095,0.0066477107250885095,0.016546300774479977,0.04828983699781361,0.006232415104925741,1.5307262569832403,0.0002944729222585227
0.009248691303565633,0.012737793143993923,0.004962886709516201,0.0031838913900287427,0.0010371708655358158,0.04648914548237914,0.024959732741765273,0.017147538873441125,0.030595576891989676,0.0055669734447661885,1.5677419354838709,0.0002108425007515542
0.006234370048566482,0.02124237230639152,0.006906987851538893,0.015360310003494203,0.0016193377415380447,0.014404781188945693,0.032302508411410316,0.017543634917391138,0.022111576849491246,0.008587971260912805,2.2242990654205608,8.411147792233266e-05
0.02254071891523078,0.020435629491627465,0.008697009650583279,0.016591885565050642,0.006159323224187222,0.02508054788649855,0.013444396606777086,0.012636515334571307,0.018952957921099304,0.011809745481579353,1.326086956521739,3.7580470312433315e-05
0.014160304830821827,0.022757901824195254,0.005201988540264966,0.013050993983432891,0.0020434975640277546,0.017370275021212075,0.014258110579047913,0.011968031153456097,0.016899697316837124,0.010155848408557386,1.1398963730569949,3.577870095857804e-05
0.0038744411592894754,0.007445800797046203,0.010564123323335131,0.016452862719319183,0.00500029411661531,0.028841298359180572,0.01915365103139928,0.01034638640689899,0.030328173456288278,0.006853243538194689,1.5913043478260869,9.133662070165645e-05
0.010245745003641131,0.0043338738045148395,0.007511511340476496,0.005592308698259481,0.0031264178322225355,0.06332127252503171,0.009724195922258311,0.01009635363006377,0.025357916387431574,0.008907869069175785,1.4722222222222223,0.0003280934714140765
0.006853707233410903,0.005435525584098776,0.017957095154890954,0.022092365206648264,0.0,0.012994506779657756,0.006952656871725237,0.014300816923636364,0.02896055201084074,0.00490324209091697,2.0583941605839415,8.0075772428259e-05
0.005813164465694532,0.016401597496805437,0.011529057998129196,0.01960545409439012,0.0017271929744201015,0.015545758170725647,0.021835714380247246,0.012060426610824274,0.02157409204122788,0.008518904483269184,1.251937984496124,4.588840878978146e-05
0.004316614574652294,0.00700009596819879,0.004929483855290788,0.006437301005521076,0.0010663229435200375,0.05498090902367116,0.00784565789396618,0.01155457889056774,0.04343466266454457,0.006674617967322223,1.7552447552447552,0.00034289740349065516
0.008058278471233311,0.014017719128280317,0.01228025774657407,0.0057396879322771325,0.0020360926089090427,0.04200621422542308,0.020084826932980793,0.01403608147582487,0.017040120390342813,0.005331354085510141,1.4057971014492754,0.0001283724619698072
0.006079206110005232,0.007523293788530146,0.014622125872443839,0.013427979246892178,0.0039823957265731616,0.029338465831535224,0.00698792767100545,0.017363444043705514,0.05268362809105685,0.0028455398473180384,1.2663934426229508,0.00023336496718295814
0.021718831036529183,0.019030438074682018,0.012651124930015335,0.021105633279489295,0.003189819145591651,0.020572504670076004,0.01069045069598304,0.01206802880429977,0.018836791854252254,0.002630404053917778,2.083743842364532,5.1553206185391805e-05
0.01402123955191346,0.017265238287832555,0.00524748313505584,0.013066991778609423,0.005420389959573154,0.04689808407141218,0.010568789539713788,0.018704018708592465,0.014329801371417414,0.004785878516551488,1.197674418604651,0.00015025749132349173
0.008821651763144304,0.01298137755947253,0.008051995371920972,0.01893714848074552,0.0009515389493195454,0.018203126012019347,0.04015912026896635,0.008440831733110303,0.019231355639399178,0.003474999077751659,1.789855072463768,0.00012542517249150174
0.006743031235705546,0.006771099879123488,0.007836325346526406,0.017250000921196683,0.005023767104664372,0.027370224458520696,0.01849366307443371,0.013773419390997623,0.031032014897053737,0.004457845033263558,1.1818181818181819,9.044892666567814e-05
0.004509839239727414,0.01800433832565176,0.01481498861872456,0.01901092447916916,0.001087719298245614,0.015460715726923107,0.008945454625636073,0.009273801399590182,0.02957186752189292,0.005397465870052578,1.3768115942028984,7.174661021917189e-05
0.005962967858674706,0.017626466902658573,0.015052551327881893,0.014337472909243863,0.0022516106943671382,0.025936176244149886,0.020410982301210724,0.0077503897555096,0.034883259468099954,0.00408764407305869,2.3146067415730336,0.00010745547747169659
0.012949995779106627,0.010459793669619747,0.009258628974533313,0.01156822366838443,0.0019705876008861184,0.03784266398543346,0.015530681751273085,0.005664814400962403,0.01604913661805095,0.0186943295885789,1.2325581395348837,9.480700866498633e-05
0.006908413903759816,0.009573442569435221,0.006225989770316143,0.010818881253670339,0.0022107410927199736,0.0714573411797705,0.01022664263796904,0.009251959683913647,0.006071836911912965,0.004618301525373209,1.9572649572649572,0.000418636833207876
0.018917942436187125,0.013018606014818194,0.011090846980493483,0.017810895145276527,0.005798007113794746,0.02811506102827918,0.007074823149066424,0.014747200121291795,0.017968225700801973,0.0025097186134106796,1.34,5.667370183699838e-05
0.01124959761544569,0.009919003217405553,0.014963384272865976,0.011252378807076056,0.004572798248220492,0.017115361226297046,0.024347518048863308,0.010121552356985144,0.0429787856197934,0.004291626713035902,1.4457831325301205,0.00013063560600598767
0.0050268456501152475,0.013546646024168696,0.006874789693588069,0.033456314299204315,0.0032985351186868603,0.031125413910855135,0.03320868401048968,0.01277111979349474,0.020803803195604237,0.00851518107109826,1.685897435897436,0.00014252746838950008
0.010616727405248922,0.019359987213261112,0.012330069167925362,0.018634741838096377,0.0029017935664785487,0.01259916494277817,0.011643596050250223,0.009086536847350507,0.0269433369279087,0.003391177947824328,1.6477987421383649,5.374918697081773e-05
0.009676418460029137,0.014754111385234534,0.00976298645032795,0.0181788298721051,0.001992581392017302,0.01693309862367371,0.02475450252852535,0.009984880387018533,0.03180478994249138,0.002584975210714546,2.414814814814815,8.739263462138072e-05
0.014471274748569973,0.012789586994426517,0.009041913219652996,0.014320834756769847,0.0054154430581522615,0.019964234838486743,0.015218269933484952,0.008409570774784235,0.018450765203179974,0.0025654049880853252,1.4143646408839778,3.1275902572290406e-05
0.010708936216257469,0.011482472568843848,0.011078929943224475,0.008777291975851585,0.006248938679812366,0.04489268752674617,0.016674424645566878,0.009571273969946375,0.012442475335918904,0.011164657590620157,1.4341317365269461,0.00012263569440757192
0.009266953083858007,0.01714643894520629,0.013797457133497176,0.025117464107743473,0.003951048689924943,0.014209104478806682,0.016665840660777725,0.019869800230289038,0.023371819056860442,0.0027943214556929224,1.4534883720930232,5.6454839830116216e-05
0.008044710769349922,0.008263549471798767,0.010207899686427177,0.005368797353119774,0.004232746488955335,0.041502747019740126,0.02516504463071159,0.009914912093609524,0.03010495859767035,0.007080051656911962,1.4025157232704402,0.00016087552733897532
0.0038890989434197643,0.012596028904904875,0.009930576755829474,0.0156499790643918,0.002407550821514914,0.029974095609166272,0.02834001131242942,0.02227294774686821,0.023126945613452066,0.01033338260760878,1.8770053475935828,9.439579792616687e-05
0.004508283355669199,0.012166201122100762,0.010983982954224107,0.010241645630315103,0.00047436599160737095,0.06338019726122236,0.01562097656402417,0.009851175499763545,0.019030657064261974,0.0018506631997160026,2.0588235294117645,0.00032491152710598776
0.008685527405840214,0.012973239747307614,0.006086090667998558,0.001474784357035344,0.0,0.04019365918882505,0.056776539415910245,0.013305553870832224,0.013459594074326151,0.012443216457676126,1.7395833333333333,0.00032215999286804985
0.011503191338382023,0.006341992347547833,0.014148807431134891,0.010995879996479207,0.0022367895009632087,0.028370614908732248,0.029810013502477608,0.012744274454145122,0.014527285236642472,0.007612510055061273,1.5783132530120483,7.90147994524832e-05
0.008302341840455127,0.037597808617712634,0.009145091071242884,0.005970337160444366,0.003282336580725947,0.021535879874675066,0.02255544292516509,0.007581097588563388,0.012632796375238425,0.0093173852384197,0.7962466487935657,0.00010964276827421803
0.005842384655450952,0.015915282773164726,0.016728570123703122,0.015011664239199831,0.004568075787633171,0.033065417011541004,0.02076589713900239,0.01208165616270196,0.017727932271759166,0.008997186437900626,1.9202898550724639,6.756224459854614e-05
0.010048542448060336,0.009713063522112415,0.018108575275782583,0.02137845702546315,0.006154556378434755,0.021540089276945704,0.01657674909316502,0.008158311600759633,0.020195645743196617,0.00636580265347747,1.0804597701149425,4.009332373652234e-05
0.0096566732304551,0.01768683521428786,0.012000235817683329,0.02262789221119832,0.0033443531666015355,0.021800525152662144,0.010275160365336175,0.023403852019017155,0.018611290842119262,0.007675842389054215,1.5902777777777777,4.931525024276224e-05
0.011020478685523036,0.01878573996117442,0.010705383044810791,0.02319281015336724,0.0017981136769728361,0.030882125265275288,0.015868263726679967,0.016615250716231333,0.016668646622628278,0.00685359351105979,1.1711711711711712,6.824509206714123e-05
0.02008147393864415,0.016376699340565005,0.011364607055216507,0.014180196012510114,0.002107370749980876,0.03998922088949661,0.01751876976170646,0.007961445876073036,0.010679295901668988,0.006590299962081132,1.5206185567010309,0.00010850780349852928
0.005591660589847387,0.006816089456495783,0.0065213857369506726,0.018763018789637077,0.0057274991744577395,0.03528879624460009,0.02339252381426328,0.012862963742443246,0.027001094006848934,0.007715371609819119,1.6168831168831168,0.00011235980121752313
0.00995643431580495,0.014722640916601673,0.019626704905855833,0.02580955750163008,0.0049448857218027005,0.01930154234439713,0.012512032604255909,0.015826929013870034,0.023948268641503494,0.005664360426904803,1.4303030303030304,5.0771145969187853e-05
0.007917985093158462,0.01379936769692322,0.006759479659102668,0.01741033783252721,0.005329248869950773,0.04403968515932135,0.030077924789499583,0.012438788522154942,0.022059195959341214,0.003604883551063054,2.8205128205128207,0.00016196318053425516
0.013450875171575852,0.012412567778590278,0.012580815105442443,0.006651993221505675,0.0061356631142443505,0.07804686852050353,0.015450351992962918,0.004919167867146877,0.012567359813209446,0.004688224759923907,2.1485943775100402,0.00048040251824211816
0.01529564566579821,0.0081484712374375,0.016066231980802186,0.014789258299067071,0.0039589096762417545,0.02436260241582977,0.009858898680279792,0.011799561987124218,0.027379917431389168,0.005547445068688275,1.438423645320197,5.785519548938165e-05
0.016456206947659664,0.005309526720655323,0.006809601801712095,0.007936408971064068,0.0016939295212390528,0.04451756897076708,0.027151917083766523,0.013500826006243544,0.018889486760457524,0.006415656989450496,1.4071428571428573,0.00016665587369352295
0.007485405918680099,0.015171492442309002,0.013639152882857379,0.00697492421741289,0.002523101170557801,0.020779645105115294,0.024343891624011346,0.018589556685758315,0.046485978321926705,0.002961544161234564,1.5302013422818792,0.0001711439342133716
0.007147948874468039,0.012288541941285931,0.007731542211556216,0.004381846369382788,0.0022346516772420275,0.05041370264371268,0.022262976808818544,0.014748450988599905,0.01511239059448779,0.01665898341373184,1.2242424242424241,0.00018959523765897603
0.005790479141642688,0.012244061768757284,0.006476414603228611,0.006813067055284824,0.0007458069562413183,0.029697178105062158,0.0543166254996192,0.011983452887331826,0.015551876287263884,0.009159930349827124,1.955,0.0002488680295877884
0.007729335079693449,0.0052589169897280345,0.016442195052018403,0.011814148290776316,0.002049635619814026,0.09289699948096915,0.011690496296972403,0.008412982700604737,0.030467788162757702,0.004199680338468442,2.721311475409836,0.0007375651438167055
0.003921852223058194,0.01260720053330985,0.008599633264213534,0.01675525927961347,0.003581979957334598,0.029121262407239855,0.027118757142201484,0.012560228141884778,0.017966857246357968,0.007783130368796477,1.4595375722543353,7.844580180140236e-05
0.009819729923341044,0.01458720271798152,0.008766028744493639,0.02644392756621116,0.004334855471627822,0.027382527929507294,0.018701738087451035,0.01559036769884287,0.013224583933021283,0.008906734197406773,0.8503649635036497,5.75258197547205e-05
0.004067169421269563,0.015813549777873546,0.015525504465335363,0.02496938716320471,0.004933266279121503,0.01401914869795572,0.014971475797805396,0.021961395768754322,0.04717063285314869,0.004583395960761443,1.2295081967213115,0.00016462422512853738
0.006878887155522546,0.01163470789989762,0.0102406922746687,0.009473065267614815,0.005929379575318621,0.03218964909234941,0.022884472036745398,0.012709118023461318,0.018702403727955494,0.012111339781047703,1.3481012658227849,6.582779988923087e-05
0.008281060374857947,0.019038619602389475,0.013695277277716699,0.0075080724826233035,0.00419093214049207,0.021936698724444384,0.02168154783102031,0.011452399835066813,0.011664469505533123,0.008596136479090655,1.475177304964539,3.837801475285493e-05
0.006913627734366597,0.004158091295198178,0.008316935011456745,0.0075535459961805764,0.0015131027891862135,0.053566739424846556,0.031252964113197265,0.011862422700049648,0.02326107761742942,0.025154143879728717,2.4174757281553396,0.0002602468624616022
0.006732871036118131,0.02124537431390877,0.008842576171819034,0.02653863575431809,0.006644646712059945,0.022558966816516274,0.021360340797786384,0.0048125369455318924,0.04606926527401274,0.005468163511641772,1.5555555555555556,0.00017384961333364983
0.0129706498098731,0.011052380413829766,0.013061374150689172,0.017182974288721665,0.006724689215936912,0.02454882496605835,0.013604404834564458,0.01650236954265307,0.019939859199990428,0.004774704055791903,1.5567765567765568,3.464016248450077e-05
0.008341234290938191,0.014147694787825958,0.013601638749872247,0.021657538249038204,0.0032310579808412948,0.013107157809014103,0.019776191676693845,0.01696943899000097,0.020018270342498277,0.0037115536120345214,1.342281879194631,4.3211504878928246e-05
0.010152041805127484,0.01586771911604253,0.014246072388712377,0.017517051532234998,0.0019892848124842184,0.01648656462117518,0.022913782104692342,0.012720656149385865,0.02002939770319197,0.005974112444691789,2.4014084507042255,4.028710982595953e-05
0.014374814597524817,0.014019628784468576,0.01133025644827264,0.016516463045171154,0.0040738801031223295,0.0460315739747116,0.013957062265276174,0.013737619488495076,0.01633051017821482,0.003978415585573427,0.7701612903225806,0.00013594353338642338
0.011310730174707835,0.01604893026230863,0.007555577575410135,0.0026559340209605493,0.0,0.04285376091488392,0.019056855652393536,0.012055904224502853,0.018802280076022984,0.006094477885434951,1.515923566878981,0.00014709193076180738
0.009858626189567534,0.03918358807761871,0.004213286256008883,0.010933935148226366,0.00364454317319185,0.01483968424010954,0.032020487953036435,0.010114705580356962,0.014787273726702918,0.0015626484626484628,2.2388059701492535,0.00015105465510475462
0.019197113730982682,0.015046904992666392,0.015948832476864773,0.00868440336122767,0.003211279804394885,0.04878659644511719,0.01878249113020121,0.019239894109173174,0.0072017283458997525,0.004801896613424105,2.6363636363636362,0.00016934753756300448
0.004207238553841258,0.008946496444456904,0.009603024001336448,0.011002519849574838,0.0032112162513466985,0.04355413090682228,0.021459343985374257,0.01721564035458913,0.031175791918843673,0.007618284320346342,1.1136363636363635,0.00016765976349835448
0.011658720226061361,0.008870488292095541,0.0084679742192674,0.013333502459701618,0.003764552742298988,0.035096270533508875,0.034440431977009314,0.014444564406267112,0.03010132430273348,0.00748252967527073,1.440251572327044,0.0001395430484565897
0.006805970992187872,0.01571739154462942,0.01056459885871736,0.01445879412454468,0.00032206119162640903,0.02665533816370297,0.021231359109183848,0.015998126321824922,0.010451086656260789,0.004395968534182417,0.9414225941422594,6.190252086458714e-05
0.00614507179119477,0.014147842493983591,0.020148474032150757,0.02023906714684259,0.0025841371262319162,0.016135283529138348,0.019884366740884042,0.01264091928355119,0.024130075062373857,0.005214643089783836,1.5118483412322274,5.438281520060511e-05
0.009970075574589253,0.015574392910874365,0.007623220887935871,0.014551204576946272,0.0005830246613861467,0.029597167056989254,0.0202164254025684,0.017881796138035654,0.016251605006114146,0.004176584897515608,1.3005181347150259,7.077519755732602e-05
0.005594487024560221,0.024053026163259515,0.01256819612368458,0.017167895241722797,0.002429292476700312,0.015497676413532169,0.017849825303248773,0.00982477416392046,0.015225850778266891,0.010140607880031287,1.3194444444444444,3.99186772475006e-05
0.007282695228023339,0.013774196548255152,0.01057142216014472,0.023188903983633047,0.002324019187153869,0.0166141390722691,0.020436098835782467,0.010336772241773123,0.02406470331354362,0.0044124994065010215,1.7002881844380404,5.863279747824656e-05
0.007151017283799688,0.009429092311902781,0.018388723829842083,0.02659515393632212,0.0044535112580695955,0.01747950094373999,0.014776869550041765,0.014557195280024162,0.018979055090675913,0.0060885449705268355,1.2608695652173914,4.853305300460186e-05
0.014801960425215694,0.01713745540533692,0.015389248286874144,0.014901800505144986,0.007404861213189643,0.03602672944306182,0.011892813279735083,0.016630699079350025,0.01483144200912344,0.004647396422251428,2.0040650406504064,6.919493235194083e-05
0.009567182383027395,0.011329042656235922,0.017244362748247394,0.02081066564205225,0.013677961035556007,0.023993823614720987,0.023205445931423947,0.01203470708192553,0.023737576203338964,0.0039620196859767405,0.8246445497630331,4.773210528031546e-05
0.014449411566782392,0.003729299208381442,0.00854431342032702,0.012151489426477409,0.0032650880865166577,0.04362044581612176,0.008286438450219402,0.011973804655718043,0.009694604692642867,0.03623189945408449,1.089820359281437,0.0001851945957488716
0.012095005027678263,0.01362476459802251,0.008714785547721975,0.019968004984896908,0.0033124299383724483,0.03435560981771739,0.017623417657996018,0.011606376838506481,0.026150111413733437,0.001345830329247777,2.3684210526315788,0.00010164107104930545
0.013055684223787022,0.013315176872085497,0.010867278688732123,0.01150867824759723,0.004623144631518088,0.035863866754249366,0.019823155429788745,0.0045610541355892,0.01776487893632593,0.009540664082632214,1.0766283524904214,8.225699510968577e-05
0.0075504019344172025,0.008358177421423578,0.005836764786816631,0.023146349938345974,0.0037596945558922425,0.02193253616074856,0.02120154047661269,0.014411366571442964,0.02938153163118192,0.008918182662293907,1.710144927536232,7.821516520393636e-05
0.0055939806219776735,0.007481635553781718,0.004455601001107586,0.0047554639331319455,0.0010074375307721872,0.06104129759715011,0.02854178829221206,0.006471331988645416,0.03186492429863037,0.011882611308155487,1.6846153846153846,0.00035664867159838285
0.013643693169380744,0.013745265693065516,0.015343939717541428,0.026030705908350136,0.005776350924987597,0.01897375535634491,0.016439489904918947,0.013114298617656102,0.013012547325275669,0.006460489944868115,1.6881720430107527,3.366799657607248e-05
0.017772278933388657,0.0053493162692847115,0.007881048655028712,0.004097075451338623,0.0019873252370856275,0.03767628171377208,0.016014336170478545,0.0050363758166427994,0.01771657004331618,0.02939598854812356,1.4608695652173913,0.00014042683737241303
0.0070832286545570175,0.009600594531321463,0.015461542149611361,0.01551683974441497,0.0005932706161539113,0.030460247975176664,0.01554868137485684,0.017883690115369923,0.016069554401267692,0.002720353478998819,1.5405405405405406,7.367739153874621e-05
0.020021125919537704,0.011192410863672779,0.01328989020221783,0.021078226941124607,0.0018919626815594086,0.022141748649485465,0.013187786005884598,0.013169742400215335,0.021820714540306197,0.00410515424786674,1.9155844155844155,5.196608257525648e-05
0.01963206692363225,0.019399429313489952,0.007629737482187083,0.014311098055267304,0.004067211625788811,0.04954776416878646,0.026129091589310448,0.005437497612001187,0.007291238821527343,0.007171560896309017,1.7625899280575539,0.000192601823692879
0.008185371772546756,0.020432350399039897,0.011376294759596017,0.012851372451360187,0.004900100250324946,0.01639861159485467,0.01667197996798744,0.01848687367747588,0.008446495877132788,0.018135679006247407,1.055944055944056,2.7274807341221186e-05
0.00925631943803891,0.009142450675369404,0.011963717921620104,0.026159474520269642,0.00154129327249272,0.032796930521823316,0.01895487867371645,0.010826753761405182,0.023619728239420504,0.003362913230531385,2.295238095238095,0.00010457059863080402
0.005432064444551689,0.011356484208225244,0.008285956599806762,0.015414291043519535,0.000701314854299929,0.02389173044503674,0.02756413621100846,0.008912237683195826,0.02545909839096571,0.004838591905193954,1.7355371900826446,8.980337645111152e-05
0.00778720831495148,0.005032466639244004,0.006824742492613025,0.006101395228345631,0.0014122243254360448,0.05789538404505906,0.010320723041268845,0.014948595261065583,0.0459738237752836,0.0052464305148755405,1.7802197802197801,0.00037612464328815737
0.030913770188206086,0.020308977183597178,0.009777756390416231,0.010067226064818552,0.003499839862558721,0.037502613144562484,0.015048483020075163,0.006149388029104698,0.013539379238134003,0.006793059911659569,1.5769230769230769,0.00012424281059456624
0.0186167921333439,0.01025817259852549,0.01855052879572559,0.01628046841228771,0.0017909022260164343,0.03251223066632783,0.016014209358633562,0.012388390462833514,0.015729280301845595,0.007012728651939845,2.3051948051948052,6.700847889158096e-05
0.008489359659314107,0.011957350684307163,0.015117402591383819,0.018932202561938415,0.004649499011676599,0.016363738289729545,0.027477591777419555,0.00870073493932422,0.023405709187685524,0.006286389867412148,2.35195530726257,5.673759045633446e-05
0.007789719449473761,0.012258636878657553,0.015166592310184392,0.024939762162653433,0.003992157596960544,0.02156603708596639,0.013727296060111572,0.020164055381271712,0.02114385309437345,0.006442755393660584,1.781021897810219,5.123186281083627e-05
0.008177770026125939,0.006420668189647914,0.008448270990109513,0.01024080045316968,0.0014144271570014143,0.05969006454184229,0.03820856447506148,0.009066260418526496,0.02129377424823161,0.005616386416153127,1.393103448275862,0.0003371658480006485
0.006767083618472483,0.009313866242801854,0.015008566132147641,0.026944807260557806,0.003047174241873161,0.01230345646617028,0.019961382604607763,0.019995138349725446,0.01857876477043249,0.0046101924760272184,1.9878787878787878,6.056804112576544e-05
0.018462081401677672,0.013574291300150402,0.010688195060047909,0.015355568392923786,0.004129493936530399,0.026320938507783616,0.020215279469219288,0.012900231257832705,0.013448440618868584,0.004279496492338808,2.007751937984496,4.63024269377925e-05
0.006074344650118627,0.018360177640167962,0.004907752713421383,0.012571455526557317,0.002669376589707339,0.031607186569252266,0.053143669662806356,0.007123404266667768,0.02125030418513775,0.0035195648347076027,1.9615384615384615,0.00025575491395697674
0.008640386320729911,0.00990701652873987,0.012064163001195987,0.012507541845311526,0.0012450259188773087,0.03581933703378963,0.021408712236991406,0.010323313207478856,0.03170615565565102,0.011428854998436433,1.5146198830409356,0.00011734441147644152
0.007134190764429294,0.017207579548582135,0.007432542659209185,0.01799200631490348,0.0025918143023406183,0.03102311848197574,0.004902109802405924,0.015812747281043708,0.032486951763305044,0.0018370419137659982,1.3571428571428572,0.0001235490848085817
0.010444686529307988,0.006676972760675514,0.010709628209880062,0.01167910551713393,0.0018774927452210519,0.05400043218160664,0.014586797836460186,0.013211124396446514,0.0262359898762239,0.005630019730009584,1.117283950617284,0.00022528394315944765
0.027170619170169167,0.012370272996053406,0.0172933004120813,0.007749482332611575,0.002964904401176732,0.03172242658148551,0.013607281672608327,0.013660011943674439,0.019278024638005528,0.007617811447385176,3.3168316831683167,7.918953904481753e-05
0.004586278528651234,0.012650066830038102,0.008242696527128762,0.016429914439232626,0.0035124269484543146,0.029133589652380394,0.02762597024039006,0.012533226668557747,0.018101563213601252,0.007632001623771303,1.4714285714285715,7.929765441348217e-05
0.00946872454985363,0.021013323036370355,0.0047207899415565744,0.0071084484425967785,0.0006186204763377667,0.03244629471700965,0.04798828670874094,0.009909449617942937,0.022068430458380812,0.015822764315184853,1.3766233766233766,0.00020731946831875246
0.007083100215774927,0.012307584846745717,0.010050298138938683,0.015442024331853542,0.006781832417603911,0.021310252285789522,0.01819996635055601,0.007432003043773633,0.041183409715049316,0.010421686624856026,1.2679738562091503,0.0001084467396708643
0.01307217871025692,0.012109184300803669,0.01718103555721586,0.0151549455774794,0.002784754796048848,0.028221521955344213,0.012250417913632109,0.016665971222938506,0.022907269757594103,0.0057098098332849945,2.0881226053639845,5.538762762995642e-05
0.006627556007478527,0.02112847875231575,0.005467800074594519,0.022101291597843298,0.0004097604385389257,0.017550183759312814,0.026186291806957973,0.008016541690939178,0.021677955605676636,0.012843617371358789,2.1605839416058394,7.612086905687277e-05
0.01234723976988665,0.024984091882805905,0.005968698842006107,0.012035124285699682,0.004621152882494059,0.016569409640091393,0.010439686924214342,0.016086693832457172,0.019550859587968202,0.010436983440421549,0.9069767441860465,3.8000230266084204e-05
0.03682224472112914,0.02172600939629369,0.00499640389381139,0.006646693408730978,0.0018830128205128205,0.03500851151932501,0.024892228789661502,0.010770219160464547,0.012453952420259963,0.0052762275730265755,2.5,0.00016327809401121468
0.01960088695074488,0.011460409833214343,0.008250705157821852,0.022032545032892606,0.0010604665359075875,0.03584827590996535,0.02218543712147541,0.009480047715189482,0.015260157233422625,0.0031523257234900787,2.382608695652174,0.00010888052317292739
0.003466803630628505,0.008142734581859252,0.010678432783703607,0.013532378298842651,0.003898666408446301,0.02825643855011537,0.05549022571247821,0.0070180707446286916,0.015373153713662002,0.00947136060757094,1.5793650793650793,0.00024787499600017777
0.006071300904352008,0.01548888578025188,0.010681542898808382,0.018480026875139218,0.008631860574500603,0.021406376974182247,0.015856769196171024,0.013723821622214347,0.02713976000733612,0.009580185169097,1.3355704697986577,4.1173555940973236e-05
0.013608779087170723,0.017475472122208943,0.01555831124080118,0.014252838012153043,0.002162693599468251,0.016886960850394976,0.016456195480154957,0.016934399494375914,0.014467112301835143,0.004347328630264886,1.7258883248730965,2.9450481635439855e-05
0.016743221276373146,0.00683982217691493,0.011869345313791045,0.011415187280427657,0.0,0.0517030797360765,0.014479546811841092,0.006374912186005219,0.011348235578568717,0.00715133936840938,1.462809917355372,0.00019993486913760263
0.016172357570318062,0.013697390554708885,0.00952074796333383,0.007149559352400301,0.003371228542080513,0.033196486490599725,0.012720840169319654,0.010379637101664323,0.010005819415276942,0.010392439007635085,1.047945205479452,6.433905628810548e-05
0.011850216611098328,0.008276783385719154,0.019827519377349112,0.017925079240903617,0.0030598129604909943,0.02014183760748821,0.019672008005539504,0.017868579976408613,0.022783285809585555,0.00459427734246187,1.990521327014218,5.0367211287319794e-05
0.009960101081661588,0.009697950026232053,0.014078584707421729,0.027937419344814907,0.0017651035659986601,0.018004332049583776,0.01565784374483897,0.012809566807351774,0.0425882276354624,0.00391544697211004,2.6444444444444444,0.00014344670361937363
0.012725951911864875,0.024390701068688323,0.0056321407881256514,0.005270101333074184,0.00136351808482956,0.02140520102599175,0.026051059094880053,0.01927015644506553,0.015351664875530727,0.004389487750672543,0.6428571428571429,8.175655516114741e-05
0.007524369035335263,0.02297967894795925,0.007313095226312486,0.011121356473367226,0.016620405928292486,0.03423026703802086,0.014758836105136924,0.013701243896768894,0.01500785944347081,0.013417197457294397,0.5963718820861678,6.287969034057795e-05
0.014500717128676262,0.010033459861947015,0.008041334958798014,0.0076956446838838625,0.00448343233825644,0.05811615264765502,0.015395919402788798,0.008021679445687954,0.01855435511486691,0.005253400227576494,1.4180064308681672,0.00025030840872069794
0.012341575448083791,0.008576713966565166,0.01253498752306038,0.010722428789923667,0.004800473579449283,0.03385703559799506,0.01424745203514517,0.015624251210533952,0.02296172733452841,0.005954434793618877,0.8217391304347826,7.460717753090323e-05
0.005600848438631053,0.011897146334672454,0.007524004668049818,0.01434444069162692,0.0013766605397756114,0.022108991309248347,0.025131445737701964,0.007457206804653283,0.031293772804392904,0.007838020368254034,2.5342465753424657,9.366059974389877e-05
0.015278468558238226,0.012850940688744789,0.00835447725647423,0.027122652006016865,0.0014273436118069302,0.023259347390356473,0.021346977444273725,0.004792830347435796,0.038482354111149975,0.008580299727118,2.888888888888889,0.00013023781503428437
0.003210093810209646,0.0013116031684749494,0.005505056474252899,0.006107599090771537,0.0015976650018950569,0.06678136128067562,0.008111964353468198,0.019653144940871007,0.03822596295394257,0.007541210621483429,1.489051094890511,0.0004460263579530141
0.014684097316495674,0.010047293356197156,0.01950953176922399,0.009211739869070527,0.009221553898166453,0.03788822829596791,0.018776206155072743,0.009746431023838834,0.011115937860649317,0.0071041260806198195,2.236842105263158,8.381051368466654e-05
0.004179651170146487,0.008117432669354016,0.01043154524400147,0.011378902740243495,0.0023989481034355094,0.049914547949647656,0.011884134147329998,0.017548421908479314,0.0397901631008221,0.003914968681294294,1.880952380952381,0.00025786013878187965
0.006229641978587892,0.006101755972309937,0.009208338738282867,0.012426462156483782,0.002845004845221906,0.05853682003089761,0.009450171098020103,0.00849212415734469,0.034552069644825795,0.0016770567494123973,1.3219512195121952,0.0003191530188024508
0.008335567370662279,0.013248428092303725,0.012047432867835328,0.01831292465188801,0.003474711913029236,0.025498914753309735,0.015198766470930849,0.01781900546397575,0.03018879818951252,0.005756302709765338,1.131578947368421,7.048507507342442e-05
0.0096831763409746,0.006902491144048874,0.006796851686971798,0.004769471616350402,0.000818348854230456,0.07837920800947124,0.013560817646123042,0.013614159948484427,0.0270284657630756,0.0032937189647638866,1.748062015503876,0.0005275007974393929
0.009224123654807246,0.00792417456552271,0.00402228329314073,0.013805149578908106,0.002915104290670856,0.045189275614150363,0.013960081989191126,0.023253368776246997,0.03130440636715454,0.011748282605508488,1.2771084337349397,0.00017673307432526872
0.011593294938460145,0.020667309495895254,0.007382859840745652,0.01928432570689374,0.0014135428470235282,0.028205996303246265,0.01858179099622651,0.009909422195665684,0.024466099999234724,0.006877616414219827,1.6158940397350994,7.479468092795233e-05
0.01572022167825238,0.012865878525914356,0.010531074420776273,0.0054540005692253,0.001981656221293127,0.0350309568600077,0.0209986752658822,0.013124086499771169,0.025670123038884583,0.005944312798671422,1.6458333333333333,0.00010239217147310224
0.007849817598621241,0.015183158608076563,0.015096987198502682,0.02143801290935636,0.006097478707639581,0.01790948481864384,0.014740064405179746,0.016511604053870692,0.016593315793404537,0.004996962973643773,1.4885844748858448,2.964865356214791e-05
0.00625732646631872,0.005870657386112385,0.008881887247061663,0.006869251576727602,0.003846703157413656,0.040622682300400115,0.011188533775559777,0.02437826481095175,0.03739598078595518,0.007511805051762931,1.6013071895424837,0.0001892858498685979
0.0024372934667245614,0.0022688536204142867,0.008999523425151295,0.009310925586837725,0.00627671740684933,0.0522482401936916,0.02612446115020641,0.008690470508701541,0.019150598281759156,0.007338612192904408,1.9795918367346939,0.00023179686086784155
0.004825133471673436,0.007023730292062748,0.01110979473769496,0.012581984772386146,0.0036973142816728445,0.035162054670511436,0.010908035731499092,0.020592890132419193,0.04134897337844155,0.006641214832368805,1.4491525423728813,0.00017033740308071492
0.03089637587244643,0.015823166835081275,0.008275911763988942,0.01168379657427032,0.0023763123281408645,0.0263694055723991,0.018782227068874197,0.012965468341204956,0.01451285271196887,0.004399480005459564,2.5401069518716577,8.085822036712994e-05
0.00519192632557688,0.010205471683460195,0.013070207509395875,0.030029833525176568,0.0010001870738734384,0.03038952293791996,0.01804457694026048,0.012329557622888836,0.02225387301289479,0.0038471412070449633,1.3425414364640884,0.00010819114894794257
0.01792037457807446,0.015426588875028315,0.006756977046240724,0.01526068863849897,0.013779172640180243,0.02634766545539613,0.018997163937335918,0.00764434594069818,0.02157094734410287,0.004777291640907626,1.751937984496124,4.7168810375401e-05
0.016711062297741504,0.012631995759654357,0.008529823947934027,0.00872876195342606,0.022105573002263228,0.028774827724590363,0.025647911166021345,0.006928411655396274,0.011309801377556479,0.013376589998368353,0.6893617021276596,5.80546813786865e-05
0.0068680785997377435,0.006000319560184877,0.00828633264771363,0.0019500618265259823,0.014211886304909558,0.04863446846895613,0.024834932193302385,0.007867270563282932,0.019823050511759782,0.018735308174839226,1.5357142857142858,0.00018600115456909834
0.008379598382129701,0.02526133881743462,0.009383499253217653,0.01738411791936804,0.0033337933419307353,0.008502826581941273,0.015494446519091794,0.012803210427688458,0.02557650259132823,0.003768475917142117,1.2053571428571428,6.303304593628943e-05
0.010128563151883829,0.015225809215088686,0.012363524890222037,0.011968949336285643,0.011758908984479713,0.0202100195248833,0.014079719534098329,0.020495450571119962,0.020916593838973915,0.004502939791086278,1.6515151515151516,2.7426547639450875e-05
0.00447207480961893,0.010062184165502105,0.014605872763531653,0.04395493786854579,0.0029686974297078042,0.020808205399869988,0.020816539409184105,0.012362720102210284,0.02084787579519834,0.004652777777777778,0.9782608695652174,0.00014791313116561684
0.007895993724656254,0.014746582043867496,0.009512448632520381,0.008237417844482654,0.006323295140075311,0.059352129802648874,0.038115187622972224,0.00649144909875287,0.014897976064911542,0.004200735311500294,1.8416666666666666,0.0003170019275780514
0.017340411838957577,0.016136702646002248,0.011173461189941612,0.014159338774585545,0.0027433958287738413,0.02866152785258524,0.01630540510828352,0.01032351202624056,0.01387949799051953,0.007192167206029956,2.107142857142857,4.779645709059051e-05
0.004407159731308473,0.012751390110777819,0.0198183344336531,0.013758511234785534,0.0022997632871254673,0.029728989134794163,0.015481379004714708,0.01750457234046716,0.02288841880572461,0.0023160629140211056,1.0803571428571428,8.24103716748462e-05
0.02142347057908631,0.020352114875133505,0.014716798380405361,0.016245859444419346,0.0021130719602890117,0.022914443810100726,0.025223075013634803,0.0077074945150486865,0.005936687440372118,0.014480329704246373,1.954954954954955,6.0025716537327385e-05
0.021359719486959042,0.01944181778586182,0.013557851942607769,0.008973601170213535,0.0011600114353118036,0.023591861762022718,0.010948631197005428,0.013666421554059656,0.02194064213123909,0.002761066698956744,1.2392857142857143,6.269139337994876e-05
0.007055031246849534,0.01756197015201333,0.012152756333630827,0.017291668310114725,0.0023569904426924844,0.025810797499494952,0.01190046310781187,0.011098814104927548,0.03208207211344787,0.0036131126793900593,1.9078014184397163,8.864562200570432e-05
0.019930465357498425,0.007595893771191825,0.0067530878782509594,0.005121765784773303,0.004232753707543623,0.043464058657007316,0.014777329759040342,0.00963571727010062,0.012584213299842389,0.006577847321979132,1.5042735042735043,0.00013767762102244633
0.007199483161663962,0.012258781884881642,0.013526550640807409,0.008486255454576444,0.004958535753513744,0.02993605976222083,0.012996164892489132,0.005624873363623103,0.056353836535727155,0.010825677074688575,0.9009433962264151,0.0002490611757253146
0.008754916995797134,0.008461850916820318,0.003921939852342971,0.011536711722471662,0.004514678849386495,0.03693748340493719,0.023964809430741293,0.012731625934834486,0.0307144012631655,0.0026717181391471773,1.9765625,0.00014319459923008607
0.006372033393757956,0.010937682067943481,0.011921144698557923,0.014617993567539471,0.0018791844062954089,0.014310679344685358,0.010365443765275546,0.012084524960807997,0.03532023111262819,0.004928168712616729,3.1444444444444444,8.257850164079749e-05
0.008249829824158594,0.016754564222217595,0.0068088558207304,0.015012913106452275,0.003453548067514891,0.028409434066473047,0.020706399864356483,0.013547584183538445,0.017110637867880158,0.008178511578798764,1.9037037037037037,5.563153976164658e-05
0.006820871672737253,0.01949586548618481,0.010618190248860456,0.017230874970557402,0.0010284417401740225,0.02184047029711078,0.02569909325720157,0.009446920920002789,0.024241895875071955,0.010404894252747538,1.7076271186440677,6.712365964764743e-05
0.0038703245517200074,0.005102705752270215,0.009048766977199668,0.01105347786983932,0.0018728867499246164,0.02963095585795385,0.00983732822664756,0.02141325920023005,0.05364646722923639,0.0030615347307721657,1.635135135135135,0.00026253887974199647
0.0066353362285448,0.0070454998872173545,0.017527660593421483,0.012896800513800757,0.0020170927530379877,0.03115395995873273,0.015943314572355843,0.016274708884177883,0.015465045408417779,0.005904362182497117,1.7526881720430108,6.915584699675458e-05
0.02175912716744057,0.008409891483849451,0.009980896165493773,0.00848254909729475,0.01293258081151255,0.038276723746290736,0.010053559558908437,0.017167653769964823,0.014657138878032168,0.012548141406054694,2.1621621621621623,8.18152604942158e-05
0.010370218265808964,0.021679016319401445,0.006365659156746218,0.009591188820359494,0.014639418498999631,0.020500299184199208,0.014214198820562648,0.008009632222806175,0.009768359503853326,0.011821682459807619,1.4488636363636365,2.6011483596492382e-05
0.0118122095884362,0.020539509672745964,0.011173665147932462,0.01377944802119521,0.002041393807098391,0.021991172760737095,0.018062641007364415,0.007935294412194243,0.03129623481208227,0.000661038215155039,1.7122302158273381,8.808653725067923e-05
0.005651325486944672,0.0077018322472471624,0.009731463830754612,0.011655777926530211,0.0017805734574107496,0.025518375197288758,0.043244804760760265,0.00980172342643596,0.02277417705006363,0.01213414171002091,1.5634920634920635,0.00015093708463672978
0.0008562865705722848,0.006049752209971972,0.0053383373863330535,0.008218548345724764,0.0019298798216708663,0.05765625186073199,0.013818438056939714,0.016536453173948085,0.038458925533099604,0.006571297936569364,1.3832335329341316,0.0003368932446276493
0.012972823829101738,0.023735916227578476,0.007703204486896217,0.01888907418379687,0.006214548325757229,0.027629881623743996,0.025835221390596033,0.010588486309809455,0.02446877185210715,0.003919844009273569,2.3801652892561984,8.005377893082024e-05
0.005926615183443237,0.014686196809380839,0.01217475416451035,0.023967803731674873,0.002487125381343857,0.024522683020437457,0.01957615049484155,0.008664130389623426,0.019394933328019615,0.010625501702023029,1.5797101449275361,5.68065844964288e-05
0.008564178710685046,0.021017333156995024,0.019922023893691094,0.013939756447000075,0.0034297873286133164,0.02635421549669588,0.022419720728321102,0.019293864417588596,0.020539402970847113,0.006096533246197671,1.98,5.9534502826978456e-05
0.004137789719541706,0.01625749197292377,0.013775853496218453,0.04474429814787066,0.0023720965954598817,0.017925787824305508,0.012713954698996388,0.009537103919609427,0.025516919960683882,0.005275817975873951,2.096774193548387,0.00015705999841087768
0.011737492770329391,0.003167984405488623,0.014934466624747273,0.007072225080118618,0.002401674845071071,0.034291100270833076,0.022655667060076268,0.011486611467728336,0.01502191826602196,0.011370634479183442,1.2383177570093458,8.925889348691816e-05
0.007564109971187624,0.015629780863622305,0.014610621499392887,0.015448721648114451,0.004233990384744702,0.028242296181713294,0.0368969112277031,0.007978842959375634,0.024319954356703935,0.004631410752225068,1.3542857142857143,0.00011792389395353712
0.014056350689224447,0.016302647658809517,0.012419195246377994,0.005800170695440941,0.009589208505392762,0.037384379540804265,0.014271663697328015,0.011281340797521447,0.012406344144418368,0.008257448528600048,1.3139013452914798,7.599938799796386e-05
0.010797275446898921,0.009011935497185118,0.01709499479076914,0.0311300215970551,0.008745347464871512,0.011773486805545524,0.011567116485744202,0.010630051315018936,0.019637410975145014,0.0030571920560196948,1.541501976284585,5.9469722371235335e-05
0.007404635679953799,0.00999980608151099,0.009873512855499287,0.008744507503950807,0.005896720316059408,0.04728944783170036,0.020980173625790195,0.008933449543062069,0.010172552664018408,0.006916982793046705,1.5674740484429066,0.00015730834965663876
0.02654264616139377,0.007403979446158062,0.01019409395867183,0.007914050233175743,0.001961858127697957,0.03402436347943433,0.01744367600405861,0.008669935384039916,0.015223004515524064,0.006482636466490945,1.5809523809523809,9.942248748253502e-05
0.00917060547223446,0.010196811645444991,0.008572514628057836,0.014577271194768548,0.006844041485992234,0.01711653747052977,0.03137407685314549,0.009316405925265442,0.01699147339642461,0.006899386566365954,1.3985507246376812,5.5962997740805533e-05
