care_p,fairness_p,loyalty_p,authority_p,sanctity_p,care_sent,fairness_sent,loyalty_sent,authority_sent,sanctity_sent,moral_nonmoral_ratio,f_var,sent_var
0.07719302507678755,0.02720645820582556,0.021362754027889584,0.031302892951823647,0.002394543132518232,-0.08348505933848602,-0.009628617668682789,0.0019190913674796389,-0.01830653872405334,-0.00016103235333601808,2.4177215189873418,0.0007638623010989292,0.0012490364727357013
0.06464962124102856,0.01602101752791023,0.029611088629865282,0.02814420525605994,0.0024091134251842464,-0.08310335076262124,-0.0028639661811880805,-0.010275027675080263,-0.01587162287003603,-0.0018720232558139531,1.6699029126213591,0.0005360152938001417,0.0011691992675932252
0.05665251939810464,0.0341860464828152,0.025005553936439773,0.021561316856345235,0.01677980209425723,-0.09363864795804075,-0.013310052736756485,-0.0012129026568809041,-0.012562399521898812,-0.017462702563257965,0.7914110429447853,0.000248826507015371,0.001397617944695875
0.024517553301347954,0.025493864913433063,0.02183260888354114,0.04109222454590025,0.012537191425464257,-0.032877502616277234,0.0018716175538486157,0.0044393735526590036,0.00024356490725369994,-0.005170843811538256,1.051948051948052,0.00010618637064688309,0.00023314158768743344
0.03574863019153166,0.028048108571723313,0.02845590449141414,0.036979054334661116,0.006093409864005834,-0.03226987878710246,-0.018531171334240315,0.0036110561304618775,-0.0037831162967361426,-0.0025141917022349406,1.46448087431694,0.0001541006543129359,0.0002115609870825236
0.035989101508190055,0.04174615402504874,0.03432019678680375,0.031406261247265255,0.01369232189525097,-0.04676888958771613,-0.03330398357280332,-0.0038289436547370203,-0.01051342102133348,-0.003590269537481835,1.2119205298013245,0.00011254686567901097,0.0003783878315976063
0.06061522717800791,0.03137202303213302,0.021322176702201625,0.03070091125024164,0.011117939827682761,0.00029407295109083894,0.004749415984227372,0.0005426596325443667,-0.00041301640393819197,0.001969813700147415,2.098159509202454,0.0003415607063630457,4.19608100209733e-06
0.05858924763769681,0.03500137294041561,0.018647003336282737,0.02871160344840106,0.010674957337601052,-0.03382932283263967,-0.02062181641348746,-0.001167360605341276,-0.013669856027222446,-0.011473302361443992,1.2263157894736842,0.00033645974735364,0.0001462644172080693
0.041399925438779205,0.07414396756020605,0.024782607048076156,0.013147988562925665,0.006198689677795853,-0.03256652353494171,0.022771295382522472,0.015152991748399559,-0.002420501142629506,-0.0037766258519779643,2.1515151515151514,0.0007344119870181832,0.0004571760824753437
0.07158093602933542,0.019272212273267707,0.02108108504104042,0.019912509790304584,0.00826832234021955,-0.02011937967538917,-0.009131760908670138,-0.012007948881612975,-0.003980398843236977,-0.008010286219477396,1.5633802816901408,0.0006195219002884921,3.631747374084942e-05
0.03289270617261031,0.03697427116808027,0.026463918620479098,0.04982066766503831,0.0070722270908933245,-0.032472628474948285,-0.01182237358546431,0.02130823229332749,-0.01230906458559013,-0.004696085231573038,1.5416666666666667,0.0002464937876978738,0.00037549411045013556
0.05131147108303017,0.032682545327659476,0.01741017501471014,0.025629520199520733,0.022368872999314428,-0.04219749466257701,-0.02583795444928105,-0.005412178168696162,-0.0009605734568565457,-0.038813232726657695,1.532934131736527,0.0001742855885696893,0.00035527281384476546
0.027158828183355667,0.033667943431167545,0.023003880903163843,0.029280274356036425,0.00567285770002719,-0.013871521178429205,-0.01402741961098784,0.014305461523968882,-0.0029211232466878827,-0.003336031302309497,1.3738317757009346,0.00011697729627528966,0.00013367159086634446
0.03808107759116147,0.02573941701396411,0.025410432023973806,0.03949497242309148,0.007859319469547953,-0.013894520198238124,0.001604636879239922,0.01444199553529935,-0.009096376411195045,-0.00667744559734832,2.5445544554455446,0.0001622233699666855,0.00012360648352048725
0.05889576983440015,0.042710662942835535,0.019950210172358804,0.026746042023989662,0.007562195702300457,-0.06920623821619523,-0.024858769950305944,0.002921496505004632,-0.009282170390320223,-0.006507415219928749,1.3568773234200744,0.0004011721703729487,0.0008143911687203824
0.02336480276954871,0.022557071907983752,0.02498214571311414,0.06260368794966929,0.006188145352250589,-0.015116225934043196,-0.003312268703176168,0.0013946029638961883,-0.03136882583560982,-0.0026668075151871453,1.6119402985074627,0.0004333429214935722,0.00017772803681700565
0.07747643438801032,0.025821365611279557,0.009757963757473202,0.014780192108232018,0.015118189282254646,-0.052958218963361156,0.0044742314909151605,0.011137526760467415,0.01516257041717119,-0.012058756078028374,1.55,0.0007810987167943332,0.0007723603948069437
0.060181232972465255,0.021972676123825474,0.022318771403568267,0.020964987277496648,0.00543187667383202,-0.04908648374054901,0.0037442347337211133,-0.0021522699092519962,-0.00011789100781888138,-0.010667399192583017,0.7724137931034483,0.00041159382446661155,0.000465658629801898
0.0615045790695174,0.013433279234950305,0.024320266727379216,0.03824244191184625,0.008657307170756696,-0.09891603886798458,-0.0035529926567115077,-0.007244156112038716,-0.030567359878796285,-0.008010751029458347,1.4137931034482758,0.0004549375272280572,0.0016124895192777117
0.03224595300355506,0.02824032306390547,0.026256880799932453,0.03208219020122173,0.005914624573215912,-0.029116503097651028,-0.010850780195732915,-0.0016810465678256273,-0.009369695813373395,-0.002757918715068902,2.0970873786407767,0.00011974468202790243,0.00012134074433227951
0.07453664482938206,0.01965623421395755,0.018216890977243903,0.03043018241697114,0.007362718619775071,-0.1376686817825201,-0.019770232206985885,0.0005558906696641332,-0.02058713594131288,-0.008082858021765617,1.791044776119403,0.0006854928079062589,0.003236753838799628
0.024698310429677073,0.07120407603065507,0.014327991836365846,0.025721208874929274,0.005207191635840313,-0.013325440501888044,0.0015862333369820636,-0.003377238605346226,-0.0010243847249331829,0.0031944611218129868,2.2388059701492535,0.0006472133988399908,4.230537282481115e-05
0.05157449613634841,0.02380983768423073,0.022098406052844854,0.027048739578111408,0.011625464083920345,-0.03409226427190007,-0.002041491187545139,0.009400149542411867,0.008042334168850085,0.0015174713215948363,1.3183673469387756,0.0002185549114228991,0.0003157017386876158
0.029107832027465745,0.05244635184012059,0.012813126911301572,0.034391606703533646,0.01612968776585425,-0.025074809395221543,-0.0030009277043111814,0.0007678322145749072,-0.002559726650856181,-0.013452503285050474,2.914285714285714,0.0002516174452095879,0.00011263410714618853
0.06133585944340936,0.0265828392467084,0.01613952147918021,0.03702074879550107,0.008352941081586747,-0.0919496552936548,-0.022016622869816798,-0.0001876364577235985,-0.02209683107694492,-0.007344500914735396,1.4662162162162162,0.00042588686693118894,0.001339449666505257
0.01957336373574095,0.0335934415499475,0.021392316315209034,0.04057933009163663,0.009119323082858018,-0.007400112389429204,-0.03511161802566486,0.010314508473036223,-0.016062950065838116,0.002831416673785745,0.6483516483516484,0.00015277806154511363,0.00031181434793840616
0.0592964294400895,0.026807780846708276,0.017428506122505023,0.03418002040209436,0.007278366905205576,-0.04136990610439627,-0.0023658428517553433,0.0004930038627762098,-0.012281049945990094,-0.0034359621251601412,1.270935960591133,0.0003888102180083738,0.0002961722067039874
0.0461345231230607,0.034859746910596484,0.011579297119180496,0.04587075161594237,0.005641729896736544,0.0012679380094619064,0.007374475690614936,-0.0017923999223643055,-0.013692633981218505,-0.004208881485222426,1.7946428571428572,0.0003653683465670531,5.9994756693518746e-05
0.04889169054073637,0.023976850633271096,0.02345884661338786,0.02269557376915665,0.014367747398821216,-0.04160481111182417,0.0022471297461497787,0.016801271341878806,-0.0036491029468748103,0.004171617475527136,1.217081850533808,0.0001696273103889828,0.00048797811324771803
0.03771897339845086,0.025262500049165717,0.022331012327174226,0.02892320746878008,0.021911209790459064,-0.02514928472807932,-0.006982723841882725,0.003317106508336922,-0.003565207499698177,-0.006854132168018724,1.0,4.226154453391077e-05,0.00011101820941273421
0.04735867092248059,0.04109714302965652,0.019892001924069685,0.03828034225638578,0.007827553707953816,-0.03471570783375606,-0.007002961876653541,0.0085724892220952,-0.00729910961355756,-0.010137352318818436,1.3837638376383763,0.00027071310839350056,0.00024300789681055244
0.03555892390362893,0.036945017872862855,0.03458251710055985,0.023948253673277735,0.01016973701261108,-0.026220532948379602,-0.0028102092413125677,0.018120990898156976,-0.0002884130090511934,0.0011205982508096489,1.6442687747035574,0.00012863124836286918,0.000251202847553523
0.030156814930502034,0.038609013835064064,0.022783125978197257,0.04025346000973848,0.01951113335772391,-0.022523240897064062,-0.018052256144543366,0.010449291875180582,-0.0059642784596201665,0.0003450362882659422,1.4782608695652173,8.525691616599537e-05,0.0001806280749041478
0.041803996195029336,0.027341294339260906,0.02776586762386705,0.035643563293789364,0.005763986400061725,-0.01815950216540774,-0.010141066053905296,-0.006250443525704989,-0.004480893792140175,0.000831640163020437,1.5647668393782384,0.00018583450851371303,5.014869086985637e-05
0.03394661907710479,0.03628696736911761,0.019578270870934392,0.039874077693560085,0.005561221996555898,-0.02296165670037983,0.0019080684037686422,0.0026190420276130956,-0.002438394529274185,-0.0025455623669311655,2.1103896103896105,0.0002037340510515509,0.0001101195455366409
0.047477811866949,0.021150274127930285,0.01761373430068942,0.028863539244812036,0.04091147652786971,-0.035022414006649766,-0.01732388887192102,0.006241770939311333,-0.0027946326394293827,-0.030546194016536483,1.3860759493670887,0.0001625806333632638,0.00031105331324478584
0.02237776602426236,0.02804091788348512,0.041281340335267626,0.02474188588626073,0.013746319979370765,-0.018608572003481823,0.0016192273011608747,0.010878861003825072,-0.014546642093752284,-0.0006833339649510107,1.6090225563909775,0.00010063343157019815,0.00014705979069594804
0.03857780540604792,0.04376350893608939,0.0189425320273161,0.02914188170043493,0.043967709931401575,-0.021115423797302402,0.014921048867858538,-0.0026835723217748073,4.910522480473205e-05,0.022688199459842077,2.191919191919192,0.00011552646150600883,0.00028801020755552014
0.021920200079225977,0.04517474689978787,0.020648770159496684,0.0433799306810822,0.005391218580322771,-0.02373526363888091,-0.00169160392134096,0.01790742508118791,-0.009742621189311577,-0.0028152361868918185,2.11,0.0002828116280279679,0.0002272811913508054
0.045925086740948216,0.03681905719981251,0.02362649354772512,0.03295185941152112,0.009954016239701371,-0.030239748979157904,-0.01938857388006302,-0.004582965122157643,-0.0031754292883361917,-0.00644180857181034,1.9230769230769231,0.00018779494138859205,0.00013703172283917051
0.02622383461387513,0.027564468716922138,0.03503186618962773,0.04846167606688076,0.006626481742454168,-0.0016546019014060487,-0.003615728194587151,-0.003931533884550249,-0.016262985728451047,-0.004480541721275665,1.8793103448275863,0.00023131101468863336,3.4120705463027634e-05
0.043232902996238935,0.03266827407797546,0.01925662578533844,0.0470502331329026,0.010103003735784336,-0.04781279738164022,-0.03683722887293974,0.006213798415490269,-0.019162564630021178,-0.012367137548334179,2.4682539682539684,0.00024579555676969034,0.000445826284165577
0.0707754598166485,0.026911830232943548,0.026556719852914686,0.015667122272792173,0.0115368647469419,-0.07008292618515823,-0.012913442236413877,0.017816044511757653,-0.0036853359146534013,-0.00816413880065503,1.4761904761904763,0.0005574826255597583,0.0010723254657568158
0.034910526786838064,0.04544605807845975,0.02529433559170502,0.03281914264063664,0.00705371365120972,-0.041792052926104446,-0.01905482427014102,0.00106000255348046,-0.007542931635962066,-0.0026640029010341518,1.6991150442477876,0.00020382739213025157,0.0002987379213951515
0.037862565358267083,0.03367157434330494,0.024824638216965043,0.025007230247274363,0.0092405632525489,-0.019626381489726733,-0.005966874309591707,0.012959612506866208,-0.0005640573645302888,-0.005535532343796715,1.2693726937269372,0.00012068642780041474,0.00013738086776057004
0.028010312708534952,0.022965115713375853,0.03342625290138621,0.04402789396028522,0.005584128999624173,-0.03141157176526843,-0.0034349312742474676,0.007109096500534443,-0.019979957787951086,-0.009753988095238093,1.278688524590164,0.00020174797422682785,0.00022069314345025235
0.04907735820279351,0.01742999709875305,0.02274051255230259,0.04066832304333584,0.0056368530043050796,-0.07947763784811937,-0.034026346713341406,0.0015607192292555346,-0.024198664969169843,-0.0069895114230663375,1.373015873015873,0.00031007096673167005,0.0010035074418214432
0.040378537644993176,0.025603632991326772,0.031472357492802513,0.023022417181042573,0.0215493857068824,-0.02598737533023983,-0.007071321656063843,-0.003104172561794152,-0.0003230538028320148,-0.009767332539714279,0.6552901023890785,5.914839690665399e-05,0.00010065389160386887
0.03128529392683945,0.031018972417694596,0.02954351145833048,0.04001101805645364,0.009977423922563034,-0.030889264935656194,-0.003151008058773007,0.012504987477890984,0.0051916925834790606,-0.011674902990116373,1.0909090909090908,0.00012267331021712768,0.0002816750152061002
0.035315942379425105,0.020700338207258952,0.024357191729495267,0.026522856811446862,0.01852072635916819,-0.07156090248265908,-0.0034722612069809744,0.007942777906963735,-0.01389113512730155,-0.023407711099654477,1.0386740331491713,4.2396063476335074e-05,0.0009393923262597916
0.04619861104607885,0.022824166001710337,0.028159238733594327,0.03368415612445208,0.010754908373068162,-0.0368589177895017,-0.007922051572521228,0.01562964269788209,-0.013117843808770914,-0.0019451935746240142,0.8217391304347826,0.0001717953235932204,0.00036262601480071323
0.0335476138050928,0.03710610981468871,0.02536298634056907,0.037210616661420996,0.0106425648703696,-0.04197746312266371,-0.04288020208744314,0.004450229048092038,-0.004993144668219383,-0.006157914896184533,1.8679245283018868,0.00012594297436460894,0.0005017208653661321
0.0599739954370965,0.032112844975560655,0.020971307119865418,0.019699609469019896,0.01707668117108916,-0.10037075021268421,-0.020355159513420446,0.005842879138460645,-0.009252314197676746,-0.012355644147544283,1.2229299363057324,0.00031438163599456915,0.0017587671255098688
0.03883415096210248,0.0741570458321396,0.018565718057442247,0.02512265495909939,0.006437328856818081,-0.0077429194020129455,-0.011836960818577498,-0.003257828463923928,-0.004299698386200929,-0.0025390347777571134,1.715151515151515,0.0006758017708258261,1.4868938061191588e-05
0.019945691319075167,0.03934233744797153,0.022344911655515824,0.04083649250031647,0.007169724750893474,-0.016697888292095286,-0.01602656596663662,0.003608433370510088,-0.009184483932593093,-0.009200621901059273,1.4591194968553458,0.00020067675680440766,6.660646549811528e-05
0.03509000286293794,0.018661996055756955,0.018390568959534306,0.05237455303652025,0.007516957225962223,-0.03564572054313441,-0.009284920003766184,0.0004597389952707159,-0.0020478770564316966,-0.006409431859852651,1.616,0.00030769757949504364,0.00021050850424913326
0.031552901313666476,0.03828059256505306,0.02497486431566303,0.046588344231511584,0.008031693895155224,-0.015001891477009349,0.0031883243999408432,-0.0005425131603493394,0.0025381737762700776,-0.0007665584966857115,1.483739837398374,0.00021348649891763044,5.5035059813760326e-05
0.022030033200437265,0.02808424697339932,0.015778857559941215,0.050792698090797485,0.009207370598826687,-0.02927257449967004,-0.010677119580436708,-0.000833314884842993,-0.013183297152898898,0.00024661854771372836,1.8650306748466257,0.0002544684011865379,0.00014206952301852645
0.04801342674394267,0.02997509506145295,0.02352799984943512,0.033309150486852866,0.010396032475290974,-0.060552791017473837,-0.010661017876267153,-0.0023769903196878724,-0.017971264288576073,-0.01354120783344273,0.9251870324189526,0.0001892676368913153,0.0005207347514449079
0.03759396097585594,0.04511515212675001,0.020565242960129026,0.04361965081829676,0.009931346649355322,-0.031293175150943806,-0.016506374230356266,0.0052718767633865935,-0.018998523273747892,-0.0010486851040265419,1.811965811965812,0.0002385198382691833,0.00021460909164354962
0.02171382070937702,0.053267538917903014,0.015710291675990893,0.0250932829247911,0.011634424734023943,-0.014690842907020865,-0.009042001754804409,0.004342153852555897,-0.0044958454474846345,-0.006124127147439955,0.9976851851851852,0.0002684070139718721,4.850563428640781e-05
0.022567088709058946,0.033018962053190375,0.027774625624008783,0.045046447108887444,0.010930845515390765,-0.0021213859356650684,-0.003920357845045469,0.016269860172551564,-0.005517776086154183,-0.00746656506036209,2.174757281553398,0.00015915175891132593,9.231348142838118e-05
0.028681801061520316,0.03676866545856241,0.024019889893448873,0.05013732226103037,0.007560742493070286,-0.01933282230641594,-0.011712495383307594,0.00399117544439016,-0.006606280773997874,-0.004350890830358117,2.5454545454545454,0.000247685663746982,7.511781210750736e-05
0.03390239075323127,0.06406827250953345,0.017167632064729065,0.028512426799442964,0.005346769268350187,-0.03848939150333396,-0.0183047555683084,0.0018083616107502322,0.0038749062691753196,-0.0013127058171764892,2.7394957983193278,0.0004875847917588453,0.00032171478713701997
0.06121753718499464,0.023135241034726518,0.022310288469225,0.03731573338614447,0.014675694307873353,-0.08967283308367816,-0.01642222943654135,-0.0005563597483567853,-0.027600759027402163,-0.00520019219029746,1.463768115942029,0.00033854136307307566,0.0013026667881506989
0.04773925979530832,0.03214093741712709,0.0333631988622451,0.047124166682677965,0.007877654308976674,-0.031701120725117646,-0.006779051004907672,0.014622693309634519,-0.005984081808057486,-0.002862709110655809,2.4854368932038833,0.0002616584329965606,0.0002737075598300192
0.03027401630080232,0.02070482950521962,0.03041519849654936,0.039865377728915734,0.00752811449568567,-0.023293644737606083,-0.01312965015039734,-0.0025056911959130735,-0.010765088094425081,-0.005560500098210016,1.5384615384615385,0.00014974131594691764,6.43631934823109e-05
0.03658172485535816,0.025331143355102965,0.024829006319482212,0.05345964177303435,0.009517853229256633,-0.018586836201500742,-0.0012723531769712635,0.007494507782324269,-0.002499496048609439,0.00039636621046658653,1.5467289719626167,0.00026542846946291923,9.194952065446557e-05
0.030871693845509,0.01877552637050085,0.023654584060757915,0.028457411886627103,0.02673809132843601,-0.024670644073486157,0.007223991166867676,0.01828648042020115,-0.0007786721459629261,-0.002056337282365386,0.6775510204081633,2.18898577776442e-05,0.00024981519917329463
0.04670644036378721,0.033133128546537036,0.020892194304254496,0.017774626771078876,0.019465715613071064,-0.024376923415937335,0.0063835204819910635,0.012903938723494041,-0.008331201955058999,-0.007101340192031888,1.3557692307692308,0.00015084265452371183,0.00020927569327532523
0.055050602027837285,0.02603496821986878,0.01614235232375994,0.04073417381787867,0.007775644645149825,-0.0386628844580415,-0.0023149904916174367,-0.0001167426324213366,-0.02465726626632957,-0.0009982305258881194,1.9252873563218391,0.0003601999065716552,0.000304513283637372
0.053812080890078565,0.027135046823359765,0.019177545759239415,0.050328602563359665,0.00871970481160785,-0.07561332605264137,-0.010672336060883142,0.006240960811313299,-0.010817213086833947,-0.004798338740751197,1.8615384615384616,0.0003854057496928071,0.001045020693363363
0.0389978584311854,0.02543736486538315,0.02175005855583703,0.048750877503204657,0.005979508315209157,-0.009681902129871451,-0.002970762128054996,0.014783771323242248,0.0021947061172906714,-0.0018588141104394962,1.5319148936170213,0.00027047875967432637,8.204481474146065e-05
0.04087202867937332,0.040900033419698854,0.014917821784244941,0.03821333913337362,0.015282262970356526,-0.055177616032656626,-0.044835523984241586,0.0009850163018343169,-0.006612474847350303,-0.012790948359679236,1.4678899082568808,0.00018713691946768284,0.0006144726753446212
0.03957250826559052,0.034435824239370284,0.028897462817411457,0.02339980204681965,0.011892422053414583,-0.047198863821189506,-0.011402915087706654,0.006443160579059211,-0.008736299396323022,-0.006276930567942174,2.144230769230769,0.00011402867060484299,0.0004031462201509921
0.041236795517894886,0.015584167130014589,0.035141108229840345,0.04613959896741793,0.006405241771937199,-0.058651279404535676,-0.0030197936376059444,-0.004786301547286257,-0.03737800264050495,-0.004444712235133289,1.2418300653594772,0.00029291931783765555,0.0006359888513095963
0.05263962143574575,0.024960096820760575,0.023293590771807367,0.04448803014201409,0.0076989886098755254,-0.03350642069840988,-0.008118810573619469,0.011738801902197567,-0.03341517151823002,-0.0006520366276749261,1.312849162011173,0.0003220673625294113,0.0004063450180764734
0.04797648954157008,0.033199328753892865,0.018137571293238192,0.021056151670067802,0.018135601395229222,0.006278883206256314,-0.0009055709059687165,0.023132221841888925,-0.006570132217461224,-0.007447665447161161,1.4521072796934866,0.00016710928091435046,0.00015799989416126432
0.028438698736917185,0.03931316094383666,0.023638167663539305,0.027497063455594082,0.004104757896803456,-0.030888730810674957,-0.005302815398587634,0.01753698161476887,-0.009854395542344432,-0.003907598627733173,1.690721649484536,0.00016514643666028537,0.0002979977621289097
0.05779787708315187,0.025905616431538447,0.026644943016666527,0.019762197626699566,0.009921858889312855,-0.00969619312436251,-0.00772824180261045,-0.005591099394612642,-0.01051255211549275,-0.00608785220460479,2.1739130434782608,0.00032220411585559886,4.673363114682518e-06
0.025606938194073194,0.04024437063620692,0.01737893182016619,0.05391467302337832,0.017745131708500075,-0.014193503331014807,-0.016179431437473545,0.0013010700717298758,-0.006837989523583192,-0.005547989565472654,2.208588957055215,0.00025021208941288886,4.9677512112104295e-05
0.028049108883729117,0.03900275596059949,0.02704330032889523,0.034152017167168695,0.0087760677493101,-0.028679579902380462,-0.0017229746210220731,-0.00034710219533956956,0.0007143602550844129,-0.0043677559141972674,1.5225806451612902,0.00013190325076755578,0.00015212025614327106
0.05220019205272423,0.019914971999722104,0.040190285226247846,0.011298250847997779,0.0171507834243842,-0.07698579684528974,-0.0028577172979222646,0.03484346254011385,-0.003814244688599606,-0.005731785220472129,0.7344632768361582,0.0002990400257516364,0.0016503482921337654
0.02967922133673542,0.020613000775434213,0.04527660037199295,0.03478375573759541,0.011527901498348744,-0.027701776939473417,0.002188200376064224,0.012339476197390646,0.00893557080122679,0.012232642288818988,1.5534591194968554,0.0001681276481037359,0.0002852850336442919
0.058845220405521384,0.01655369005679255,0.02091362675455808,0.058092822124742274,0.004181025003317013,-0.08630977086107475,-0.0013924729331543423,-0.0072993126684182405,-0.032722510051294465,-0.005298085887982193,1.5810810810810811,0.0006341232739188408,0.0012661123161493725
0.05742756363465386,0.03249372474564335,0.01540101980644723,0.03086984793661239,0.008850628402120461,-0.03996098098422727,0.0015995689444365789,-0.0039186770400350115,-0.018020508351724678,0.0007536095512794643,1.4210526315789473,0.000353689472524405,0.0003077331368154023
0.04098700062218787,0.042051156136969296,0.021982487182558342,0.03035618974962301,0.01401742377355638,-0.037615471911005456,-0.030912468655757263,-0.004181952868883498,-0.011339196702045966,-0.016455012076849823,2.151685393258427,0.00014643032196386523,0.0001917807667962802
0.05591669650601473,0.024846535519782137,0.03373159415736731,0.01968432110047921,0.008163786944565847,-0.007393213329171867,-0.005499027507977465,0.002452972062080419,-0.003110878896457163,-0.004977296560718396,1.8115942028985508,0.00032091636235066664,1.4178447351865098e-05
0.03763557798184521,0.03837211561918779,0.025681339946923728,0.034252601008177466,0.005955245232085447,0.008839429274577001,-0.00926884497139976,0.0006616594506318456,-0.006473680960040204,-0.0010591217106244834,1.7707006369426752,0.0001825369828656283,4.92138605258273e-05
0.045483721250624345,0.023950590816224908,0.023960579838655818,0.04461060604981185,0.00403787339595656,-0.0403821018049537,-0.01498201520878645,0.006844221816940251,-0.021202750967025386,0.003101584102172338,1.9217391304347826,0.00029691395254536517,0.0003683803971623639
0.030428591968996877,0.02405948874369935,0.027639706149228924,0.04656775219424854,0.008831656108744855,0.004398566990688412,0.011709673366627833,0.021110493466980552,-0.008234233203693417,0.0024663150569400566,1.608695652173913,0.00018312984397544278,0.00011954283035011237
0.06454910795979145,0.029311283944427242,0.017342075487983576,0.027349397110035086,0.010234141152927558,-0.04901001350586357,-0.0027209521732036485,0.0018047708020634658,-0.0005350250450964334,-0.012243000667112055,1.8311688311688312,0.0004379395896908146,0.0004441139158538603
0.05278782608671242,0.027133781143988834,0.022613342478799692,0.026074034969372464,0.019652381982700872,-0.04298871655779144,0.003082614283329263,0.008953451374519058,-0.010457696958030503,-0.01398320264477386,1.6097560975609757,0.00017598619212521417,0.00040722521200812963
0.01759592622016969,0.042732674327883975,0.02363069695584683,0.03682801001670681,0.026472529438532694,-0.017230483802638495,-0.0025966804002183074,0.009125695303532782,-0.020933116992932464,0.0025358378115979525,1.2215189873417722,0.00010352828344896406,0.00016554726710524693
0.03424138917961575,0.030313536697866083,0.01754152832769227,0.041744405735605665,0.0077837438596862025,-0.03115615789340743,-0.008806748320097734,0.005428958476466333,-0.010829313443093555,0.00011170732669328196,2.848,0.00018431581743003807,0.0001963711159342845
0.037212517110712606,0.031983578553587695,0.030395414894535663,0.03944769285741401,0.00967584377437666,-0.03872802306095296,0.004725924327770435,0.010164279397031087,-0.004599050265196811,-0.005603380170889229,1.1598513011152416,0.00013952783643912702,0.00036157702959812145
0.04012048457834497,0.037338790253649425,0.018602110383580228,0.02943704792215753,0.009782386329802674,-0.04435307118791241,-0.027899486422370078,-0.005106431943058718,-0.023687435570015746,-0.009155073452496502,1.7304347826086957,0.00016298297516137607,0.00024692195743815403
0.035611790659178674,0.020547792551485686,0.025196998521616838,0.04948229321951451,0.00791334579379608,0.013437290257836316,0.0011517112956752184,0.006831509512179335,-0.009231265945084208,0.003908056308694277,2.1052631578947367,0.0002464956946844831,6.93053207491418e-05
0.03102574359850759,0.038927620151629184,0.024280268102423095,0.0472428795576111,0.012747858331899006,-0.03637104724655803,0.017831125342289582,-0.0023197706008312165,-0.01325725501166457,0.012077418368685075,1.398876404494382,0.00017621352802819486,0.0004676635300767574
0.0294113451853622,0.03160078337943332,0.02852985586975733,0.03973975401244767,0.010112854310072406,-0.022928708886440573,0.002039333307014952,0.01304021721449236,0.0030388547829805533,-0.004366701478476157,2.1782945736434107,0.00011823419626002083,0.00017784776808893116
0.028602991335519332,0.051999234688461494,0.03456464965991724,0.02912984266558585,0.00759706543421023,-0.007875045842113697,-0.0068851837133723755,0.053993376140345474,-0.014305420873136665,0.0023636491695555443,1.539877300613497,0.0002521713385365601,0.0007714937109968324
0.06683988489998653,0.02777299220232214,0.020089499461088067,0.027232027624098615,0.007045781292676553,-0.05704679989143691,-0.011351451552293723,-0.004507342062881176,-0.016318404715959908,0.0006450265844826238,1.8461538461538463,0.0004986761318283418,0.0005252421277864524
0.02618415281896189,0.033785578289368776,0.029463965727137387,0.04712164470813395,0.0052508054078846695,-0.009844779077545298,-0.017962957008083317,0.018234372226804397,-0.0031838009642025135,-5.998809344133104e-05,1.5885714285714285,0.00023035603258737402,0.00018234103385994128
0.07685299998229544,0.017309039755308724,0.011657483415241164,0.023899841641946837,0.016044796708283963,-0.07294350998244557,-0.003901655455500109,-0.002685504372010781,-0.00030136463915063095,-0.018506246186965006,2.053763440860215,0.0007302707898218768,0.0009379197446177932
0.048542424478367534,0.04589619230654412,0.018301756188654473,0.022748370392975156,0.008375541352845973,0.008794631874568156,0.014826604571995167,0.0017051136315510895,-0.0017075208126722766,-0.004050410199429761,2.3852813852813854,0.00031150832174782126,6.070450265017947e-05
0.039242634409202184,0.04140423286751647,0.02110231306457553,0.021592765092689873,0.017732008330285848,-0.010465225960217565,-0.003941794599830136,0.006139023818752941,-0.007146042576423829,-0.0046652254890749666,2.78,0.00012497550225848148,3.873529771114672e-05
0.03479469658136568,0.04461853159717193,0.018156329214908923,0.06004704741776755,0.004797827831460667,-0.042144173427447126,-0.01876423194153514,0.006774822098603782,-0.03156188455126001,-0.0032791616638078894,2.12,0.00047102850800021553,0.00039943362198403945
0.04311701883623034,0.02450832560526938,0.027705807948978322,0.027418966953921778,0.013355884353368302,-0.05080739190908844,0.0013108340852282228,0.007858419645421609,0.0009210738935367595,-0.0027608883882736116,1.0868167202572347,0.00011313941964221097,0.0005688171315014829
0.07422360824922324,0.02121586998498858,0.024942316832195457,0.026200782589352663,0.0117091892361614,-0.10186556531660627,-0.014311037771477485,-0.0050652644312522855,-0.01951374839194226,-0.013102706976343637,1.9578059071729959,0.0005984264393553027,0.001606261676295138
0.023275356584101393,0.02962192138598905,0.030794091081925337,0.04297855563997355,0.008850389242499083,-0.02673990310397408,-0.0011984450172946052,-0.0007370840099989373,-0.0033301851165233767,-0.006174337231968812,1.6132075471698113,0.000154952758284572,0.00011866819241407021
0.023735035060390874,0.03599160377721908,0.027658859029185526,0.03774974559733771,0.008451121977582821,-0.005669850345207986,-0.005631401144759983,-0.004308473953437336,-0.01773421199075803,0.0035878778378863885,1.8832116788321167,0.0001377903158822085,5.817833884275306e-05
0.046556868924299576,0.04247740750085873,0.021085110390373342,0.04363527957023712,0.00890380249094437,-0.0826920909936376,-0.03238524230188018,-0.0017697156831169977,-0.021447336222707666,-0.002947986755571934,1.4844290657439447,0.00027705347367745493,0.0010921787638021063
0.027831718375127726,0.03884849273735208,0.01296345720143853,0.043062820868522055,0.03509187363291902,-0.016292438125642773,0.03741097117646127,0.012405971543680203,0.006296113629070113,0.01501460745405374,2.925,0.00013941065826791578,0.00037065788079821164
0.022393389303598573,0.03804440383125345,0.04445457911447945,0.03163568811712248,0.0045968508454679625,-0.029010328392220928,-0.019317969433829196,0.03326764349067635,-0.0025495893121430216,0.0013556930390672727,1.6464646464646464,0.00024093745976207071,0.0005692538565184599
0.057423658541450436,0.031510393175852275,0.024144426731102488,0.03579954259453595,0.011999522357285656,-0.08132199538088757,-0.0014770906891511835,0.0052848068440591554,-0.012630038979157236,-0.005033167239693221,1.9591836734693877,0.0002806534433095219,0.0012541194557424188
0.01940894540222467,0.03251066135234339,0.0333810778930973,0.03838223090766994,0.00644301116693636,-0.014213212545574153,0.010893465350695936,0.017280325558510477,0.007613652377898855,-0.002347798339936208,1.3186813186813187,0.00016902582644481978,0.00015221034215461555
0.052571038873405446,0.023483917717904576,0.0258637560201855,0.05152666800343148,0.004137222857678878,-0.07060568092632329,-0.020211371597014395,-0.01747824398530325,-0.043420448927181374,-0.010042571408062787,2.21875,0.00042245028503778574,0.000613047186400706
0.03813855725704621,0.02893869350589932,0.03389653032209878,0.03809018733826686,0.015274574620434573,-0.028629045221490006,-0.00399245080241654,0.0048783084248587225,-0.006683627069277685,-0.002991982110857363,2.125,9.026753172014776e-05,0.00015823733601609958
0.019858937442914684,0.042334019968610095,0.0311542882546954,0.03914413005225228,0.005299916373623865,-0.010239106828729066,-0.019102412153638944,-0.0018958278611417546,-0.017441538873415336,0.00012170323887704855,1.3376623376623376,0.00023005007888852343,7.649942948165513e-05
0.040778151806724956,0.021389491817080993,0.03017054858550439,0.03199264906948107,0.007705399775569814,-0.028581711261492337,0.004354325869476766,5.551080509866116e-05,-0.003350447457023076,-0.0032044361458821087,1.2246376811594204,0.000156704754186701,0.0001671361573166359
0.03460280786664093,0.03937410535884133,0.01592624967045564,0.018729077582828917,0.022340282851604373,-0.0025165871408199137,-0.0017766683723735037,8.689916542969164e-05,-0.004730692558766105,-0.010867233632335986,3.445945945945946,0.00010510653127972034,1.7882902584294782e-05
0.07227017668113006,0.039550441632778904,0.026537320017622244,0.018748295126913856,0.006443709327738807,-0.04510103560627033,0.013164868478578532,0.0013663092454100558,-0.008893009924470934,-0.004447959538239538,2.806122448979592,0.0006336871068951867,0.00048063044842915986
0.03916408366291309,0.02059076749310688,0.03136534091802001,0.058944274643082016,0.0026359589933185414,-0.05930187828611338,-0.003998572917572875,-0.0017585445958014378,-0.03096846594439461,0.0018892909980009827,1.800865800865801,0.0004398703891495119,0.0006815025244704227
0.061661865391354334,0.02776225598195558,0.024442610306365596,0.025801006842411156,0.007361029304708701,-0.03497311766655898,-0.012618535772896431,0.007810034775660211,-0.015765735049482983,-0.0035569288525385285,1.6111111111111112,0.0003916886730279419,0.0002514724871391012
0.06697039669590081,0.024738455438191895,0.017132102479586634,0.04477814569486878,0.005975478391981151,-0.12132343208887748,-0.01604015193464011,0.00235028048694043,-0.029013920314749624,-0.007678796130952381,1.2403100775193798,0.0005843092275522074,0.002496591372174624
0.0388795241931705,0.03389957566688481,0.024430538405662332,0.02987724597710814,0.011628111979358154,-0.018815837190890965,-0.023587474120238018,-0.004344201644316779,-0.016846549436267656,-0.003980789490216576,2.0240963855421685,0.0001092856546674344,7.891438599864293e-05
0.0417553320549293,0.01887565203458069,0.034892139548100644,0.017909027658791012,0.01176140869969014,-0.0024559447320274476,-0.0028514342851712155,0.016918291633555193,0.004228884385912197,-0.007404989055748648,1.0317460317460319,0.0001604094775943968,8.971976571342012e-05
0.0418626784260092,0.03780669585753795,0.016722640660688303,0.03871612110959407,0.006214744566750488,0.011798068119759525,0.005500225690474301,0.010260725328318118,-0.014763465813612335,-0.0054225787077898146,2.1403508771929824,0.0002511516434383269,0.00012780537749966926
0.038237755093729925,0.04786606966031983,0.014342732463262222,0.022355854266481713,0.012519579609217988,-0.032305881817561985,-0.021853465931759148,-0.002829030767929013,-0.0008612569658399745,-0.009101566812883618,1.0809523809523809,0.0002382790881869161,0.00017908374314051033
0.04847973502814142,0.03131136910597379,0.022966244962107925,0.02527231641202696,0.011607190508970546,-0.02125054828430235,-0.007379191503358909,-0.002937086340327796,-0.011149524386047256,-0.012209087722589036,0.9491525423728814,0.00018296537200380533,4.616942743827942e-05
0.029130979020750552,0.04372366276629235,0.013817107944430692,0.054737078356423316,0.005595997788975844,-0.02444464077175553,-0.007196402632542482,0.004279397458031597,-0.0010832281215448075,-0.009606108317886705,1.980263157894737,0.0004141660670973578,0.00011787929099714585
0.034685988330922075,0.04130015429390897,0.025010831115048066,0.03332830300283692,0.020473212966429778,-0.04939436107860932,0.00704944468131173,-0.012985350809266381,-0.032936364852403886,-0.03530063112710811,1.694736842105263,6.794398780754978e-05,0.0004838204734305128
0.013966016405912692,0.03584209426883317,0.023123210283133584,0.06587492031770657,0.011253137255315128,-0.01398410281649791,-0.00506492863224503,0.01015823059149546,-0.01128571092434189,0.0003857768806073141,2.323232323232323,0.0004942407493898143,9.339493491683639e-05
0.03241880898342663,0.031480213048785295,0.01803768461216569,0.02175731152436378,0.021476226229005344,-0.02387059072392698,-0.001129054958824277,0.006121183495571274,-0.005312011256854623,-0.008180215304877588,1.6028708133971292,4.210798423951858e-05,0.0001235274605017606
0.02871029147488629,0.04170066703988687,0.017212057687111072,0.05058286635903068,0.01031318394998042,-0.021989576155836854,-0.01916383347969688,0.0027632462058439855,-0.013361386146674134,-0.0006683118765384123,1.371900826446281,0.000278221726699254,0.00012195860208039358
0.059708317122761076,0.024055551689849092,0.036123877144069325,0.030983979377363507,0.0026932343315484958,-0.06415757057385112,0.007009681416057425,0.0022956353262158576,-0.004879171046583767,-0.004618911763373647,1.2965116279069768,0.00042487708061439726,0.000846886731962037
0.03372518041276535,0.02888842796561979,0.016811925009359855,0.044101168488159356,0.006025881129529899,-0.040401597585509916,-0.019524040760297366,0.0070116497527361495,-0.011603379573592061,-0.0019146524078839746,1.4651162790697674,0.00021975495986274312,0.0003295755317936841
0.035655916222682084,0.035784025876483945,0.018711522520095572,0.053846064187055565,0.0037600805244181277,-0.04070584705620643,-0.019924742355933858,0.0020053944761622366,-0.017662684680981682,-0.0033199609216807238,2.594059405940594,0.00036225913889690437,0.00027837346628369677
0.04752154288400413,0.03353947779952977,0.026001916765344284,0.030519476444950955,0.016201011516549943,-0.04169702694615142,-0.016990150007373212,-0.005056812115477811,-0.011124134706542393,-0.02098398419557978,2.176470588235294,0.00013083402876416515,0.00019485681184509536
0.023582546925985305,0.033932037372411676,0.028436654527973386,0.05289343405533007,0.010063319011115766,-0.01544865014753013,-0.002083835445936581,0.012109458194048866,-0.004151379938650035,0.0013479475154645193,1.641025641025641,0.0002451076865692956,9.878953223920828e-05
0.06233146449559418,0.048412784335710626,0.01605087461226388,0.02973818758199421,0.007954522283165734,-0.09627591176690327,-0.034440850864947206,-0.014670126541234311,-0.012317978942425537,-0.0055958976671476686,1.3770491803278688,0.0005057561233038498,0.0013800136656181568
0.03861017882619162,0.042066160483982915,0.02500599662224366,0.03202723515646863,0.008100395310075423,-0.011284312228295635,-0.003951054341642936,0.006549754023313939,-0.012824390292174966,-0.004712579866121533,1.265625,0.0001812146424050737,5.874860931487872e-05
0.029811830639429625,0.032302786363223965,0.017795156415849677,0.043984059250051534,0.01122114126263633,-0.00859914197623677,0.009814131573574395,0.006644890519574431,-0.007888523422958964,-0.002607155211478837,1.7777777777777777,0.0001645457720073677,7.051339115358812e-05
0.03059839779696948,0.03532385271859259,0.026952764456762198,0.034787946100437964,0.01049537570771668,-0.025490499514595154,-0.02224058385515909,0.0026664333986611602,-0.011158152524398408,-0.008515596871121562,1.3806818181818181,0.00010332423280789288,0.0001275816725276029
0.04614924320018364,0.02568179930430996,0.025155922454913333,0.042575277134727925,0.008841438814478898,-0.05079020972414022,-0.007203875486598214,-0.0042497006836011535,-0.00350460294048255,-0.008191388058889245,1.24,0.00022705566499452368,0.00040889103510803696
0.05407536926469465,0.03821315778451417,0.017278660761510255,0.03342568853852564,0.010527852734933552,-0.036650383242682175,-0.01948673219751468,0.010167881009134398,-0.012918355033313667,-0.0005013570804839421,2.1415929203539825,0.00029933314811601337,0.0003220237472840731
0.01645172364603816,0.03992287481257198,0.028087260379143417,0.05015774861464904,0.012198346442820182,-0.015066347653420733,-0.0014319132957168663,-0.0017865714823819129,0.002858076064417536,-0.001861183785453296,1.917857142857143,0.00025172160616628605,4.6023768472852894e-05
0.029484865053294385,0.038734918669826125,0.030179531207954895,0.029144974466252367,0.006010632479118727,-0.01869161785576036,-0.002902201649842421,0.0019360043192392712,-0.008088747373732223,-0.0036510032273290964,1.8783068783068784,0.0001496822758634356,6.0785924093283504e-05
0.05481880711516845,0.03630142764937254,0.027005491360744927,0.03207973874212088,0.012667021198320296,-0.058113331480520995,0.007474446897354638,0.005100880419543208,-0.0036193031792901495,-0.004850786026814778,1.9042553191489362,0.0002340663867258187,0.0007280750709839186
0.05083405190155386,0.029541866279812944,0.01718477166754628,0.012618830148768015,0.008345031668224746,-0.01636955901400818,-0.006779923848317284,0.004586121450456068,-0.003402085839160839,-0.010542092098377812,0.7608695652173914,0.0002928499079090639,6.158105265436182e-05
0.033724459748242036,0.042888869367841635,0.010738949070300282,0.039917535578574845,0.011673253239023833,-0.035767683375460775,0.0005831572568320142,0.002695642815244281,-0.018685868409533273,-0.0073943484827113035,2.05,0.00024018966056290318,0.0002511759761944571
0.05026317272833132,0.02470838888063141,0.03502064033347541,0.04102417867555536,0.013429135556239601,-0.06642920063256182,-0.0195507781716648,-0.007427839579762049,-0.029312718761506314,0.0010858075862351043,1.2823529411764707,0.00020454890574774545,0.0006879143492340271
0.0450289091027516,0.04082870768116035,0.022452876905422896,0.03858096497551885,0.004807296672525188,-0.03679724632829972,-0.005318400061278444,-0.006836356801227691,-0.012350989556820149,-0.007965738991016755,1.7421383647798743,0.00027695404819636925,0.00017135674806018498
0.05600519093910084,0.02199616215662664,0.02675669674128334,0.02488798961647243,0.02292748815863056,-0.0639150715591875,0.0012688936710511228,0.00677587108766301,-0.0009719570141018405,-0.0005738865971254142,1.1071428571428572,0.00020641971426591307,0.000868652518301234
0.016632476749722333,0.054536243374297536,0.02865619484742315,0.04033016413564662,0.01542161792326559,-0.003843145605210846,-0.0015986504922784943,-0.0024475661382722417,-0.029306856106692227,0.006202227953081842,1.8768115942028984,0.0002738863335371355,0.00018213749748239688
0.05913156697650133,0.02363422820721871,0.018028524556936192,0.032406613551523196,0.012621254913566105,-0.09874135968901492,-0.0028185280177101544,0.006775544272618326,-0.01649544195118119,-0.009343509786934243,1.025531914893617,0.00033420230414900386,0.0018132782815686414
0.034075171022777205,0.039569206620976204,0.028977703439825635,0.03376964743644647,0.018130761767726798,-0.035397350075398196,-0.006396438313256603,0.0010154380263479267,-0.020208495304018675,-0.014177331768574873,1.75,6.505507470144068e-05,0.00019359180861917285
0.015270002515953597,0.030541387453132972,0.028497029177888367,0.06187436751379956,0.010618545833527556,-0.01721069196172721,-0.010287269428160023,0.0029928742624039106,-0.00822869529639343,0.0035999421768707473,1.2962962962962963,0.0004022736556989934,8.047700172241601e-05
0.035761064190101596,0.02733721216713914,0.020493030247851235,0.05796719874889008,0.005533884456889487,-0.03667106361951907,-0.023077198681007854,-0.004443953735397163,-0.02883307819164199,-0.0019489074162679424,2.2222222222222223,0.0003774317374349856,0.00023204939332441808
0.02290427827211169,0.02777760829009259,0.02435208020442764,0.03522719534977796,0.008304155761554272,-0.026517110366678764,-0.007486404432697706,0.0020712207811590727,-0.015755141179305765,-0.0034992779825799058,1.0535714285714286,9.689816754751513e-05,0.0001249867119489102
0.062122365859685,0.026363461997475936,0.022765174370741995,0.03683130166156808,0.0031169100316839255,-0.10630359877602279,-0.026180273195512343,-0.01093312583645635,-0.03734168827735355,-0.0027544152321122618,1.6747967479674797,0.0004666232711958019,0.0016929929683811877
0.04044531874187311,0.03433548824716963,0.020067628582913433,0.03229616695677331,0.016854780980480676,-0.0304123863577161,-0.026518101614351777,0.006567020304541905,0.008199026363569312,-0.0008511808426999002,2.5632183908045976,9.935520750955808e-05,0.00034228212632126157
0.04502885629128481,0.02966601555696096,0.01940931050866317,0.022355909491112214,0.027717856577448737,-0.06475525956506104,-0.015263764645298402,-0.0020259106442978734,-0.007114888200821931,-0.03587340030563557,1.3888888888888888,9.875045308401501e-05,0.0006602978903021634
0.019101245522940225,0.05098453156950908,0.01701025702536775,0.04551613133307423,0.017702909328798488,-0.005281698339701383,-0.012127967862965123,0.0003133546190450479,-0.024310053706802146,-0.001983835198724272,0.9451219512195121,0.0002799539382468904,9.836363664490213e-05
0.03694765276543493,0.025093260818488818,0.019329018878952522,0.05912929794512162,0.0046734057664204395,-0.04867627133837881,-0.0020264429676480106,-0.005925758316438185,-0.017902408512347517,-0.003494716666666667,2.608695652173913,0.00041787687309433237,0.0003809277417002642
0.0739287702743724,0.03521650957070514,0.011733484435818526,0.018470313513272104,0.005131862275442882,0.04122786369782494,0.009655230644895183,0.001857234937253829,-0.002452704702464928,-0.0042746871517659836,2.710526315789474,0.0007589700901607646,0.00034931504349965223
0.04008502882638994,0.01889980607503322,0.034128953047896274,0.04506461455595865,0.006231229220351327,-0.06210084945660448,-0.00109157256039652,-0.010049037698095214,-0.03539719874157749,-0.0032218533371292436,1.329192546583851,0.00025690424936979534,0.0006798693476166508
0.031727375128695424,0.032060493148463466,0.03254169017983785,0.024925288337751136,0.014145993337653,-0.014592984188038253,-0.00884473261812528,0.02382279200343248,-0.0035860836109230755,-0.0055781022443229765,2.1465968586387434,6.204119443928723e-05,0.00022181764124023023
0.04291979855365369,0.03869149720943127,0.02315520704463351,0.025566732270419838,0.01135330389857326,-0.020327975347098466,-0.007542368549963979,0.00993921201319715,-0.004743861795633585,-0.006886702211671995,1.4455445544554455,0.00016071123010858276,0.00011601348994872934
0.03264197859199394,0.03534609756697317,0.026114178770081604,0.03785668925431255,0.015555453746840928,-0.038516635702619144,-0.012844244531867829,0.003547372259211911,-0.010665017383985675,-0.0011722542598416254,0.9036697247706422,7.994931391891017e-05,0.0002661408418513021
0.0629764647463318,0.028272888865502777,0.021019257819074075,0.01779479249888119,0.010337886206623513,-0.06783922478027532,-0.01782765769051014,0.004015104811025087,-0.0032306201751567576,-0.004176255521661723,2.0497512437810945,0.0004220556582293049,0.0008444240333807821
0.04148072497612964,0.04645867640165667,0.022749650423625107,0.029292093446745934,0.006215829629562998,-0.032638380536388484,-0.018187801603693196,0.0022100691368817688,-0.002369569502894694,-0.004833952074332557,1.4047619047619047,0.00025463948393339805,0.00020169001203767834
0.02068991951931438,0.045117767553346504,0.011512501367712678,0.05126125031901186,0.014691122848731874,-0.017870847018293782,-0.016586342975394214,0.00359833535576124,-0.01816215733802471,-0.008200445428665536,1.218543046357616,0.00033359072483241776,8.74185476697992e-05
0.04302853335181604,0.03266632354693569,0.014683723096800326,0.02711976589753881,0.0048573406441608374,0.0071717114685631985,0.009887120725158035,-0.0007932023268903147,-0.011986024323846217,-0.0007625406160593766,2.324561403508772,0.00022476193883380602,7.28975174241216e-05
0.04751610875225528,0.02645640062089709,0.025798811682646375,0.01764000239207777,0.014668922403529494,-0.05635838638251219,0.0014410741895112486,0.006805819230832289,-0.005886687983511133,-0.004418031478794297,1.1037037037037036,0.00016515227726147849,0.0006490862271553882
0.0342093672797035,0.037107892212541335,0.019820684015584577,0.03754828654054353,0.01695764676935826,-0.04422477198480786,-0.030701887453777738,0.006497871321338028,0.0051220949454317604,-0.019200253261007494,1.523076923076923,9.878595604157029e-05,0.00049351625550611
0.03418193690460893,0.03326235086612728,0.025781354697472617,0.04669322480577362,0.009899748274670812,-0.02506101481973637,-0.0023912157510670375,-0.005675179724473034,-0.020844884220115868,-0.0023787347403520574,1.31496062992126,0.00018215144785256116,0.00011776497973672714
0.03513630583254678,0.02201984747784313,0.024895969527820316,0.04427683190300304,0.006443181488056169,-0.020017629912007468,-0.0015436148387174811,0.007011728711625603,0.007831341673530317,0.0005831852450645269,1.1009174311926606,0.0002038768421284936,0.00012659874818143292
0.05095439912526828,0.027883357209592313,0.02264732776363999,0.03440003815550193,0.01689841455655677,-0.019784612807056352,-0.011185380714882122,-0.0008185724504980917,-0.010902091987284068,-0.01122848791553394,1.532846715328467,0.00017177276747128422,4.517334967595208e-05
0.040420810242474216,0.05027194603425135,0.017248390253671572,0.01914255330900566,0.022005082000396883,-0.053832729680931654,-0.01759494346967995,0.00617086926735637,-0.005254894178399976,-0.021657235673596623,0.6679841897233202,0.00021594635800224467,0.0005108129371963839
0.03907487342804,0.030259126431925132,0.029146141878683196,0.028589880688675448,0.004908656179116553,-0.03630505074749727,0.0010959112895411395,-0.004216830406372702,-0.009732627224238363,-0.002364793724542366,1.8571428571428572,0.0001624399785474924,0.00022660592796963533
0.047405417102466575,0.03363052483630733,0.023576653299915828,0.03924933417477079,0.01332029921529861,-0.043920735504801946,-0.014173683713515269,-0.003828009592929807,-0.01279873314858849,-0.005959435541295226,2.2214285714285715,0.00017770858931399002,0.0002605071635722097
0.0315742029856837,0.01880634832539519,0.032471164201577835,0.056730556687763174,0.001298810431314136,-0.05610644836491977,-9.212254857235105e-05,-0.009705090823477092,-0.04335780512031075,-0.0015056722108412186,1.0509803921568628,0.00041388315451629714,0.000667606329192837
0.07675517229292662,0.032089935332482354,0.022387894961424997,0.012860012796157486,0.01174070043865333,-0.02924777066619318,-0.008407903242936804,0.01935820231772956,-0.004752397466742569,-0.009135804657582,1.532934131736527,0.0007171832106787122,0.0002999324031938359
0.02624707097820933,0.05068963280730451,0.02231422376086846,0.027818565280761792,0.008891088303709223,-0.027152923822400685,0.00031782005551369685,0.01971010254983885,-0.014291856226819003,-0.00471996890758175,1.2078313253012047,0.0002280350730852795,0.00030394473669234754
0.028954827991994586,0.03221641621917038,0.02830725818135459,0.03610164612545758,0.010566691340970177,-0.003394182193413626,-0.0019420015637117351,0.003420918500027375,0.0010325904320612044,-0.006844492462289631,1.5142857142857142,9.634295548655384e-05,1.5741505857208237e-05
0.036220769050486476,0.04687733263146603,0.025929236416254095,0.026771476162898433,0.010698478695159275,-0.014539494724951451,-0.008383511457534817,0.004204132338314437,-0.006424665411129246,-0.004711771483198001,1.7122641509433962,0.0001801579350021242,4.614102505748515e-05
0.06392190733333189,0.03248887172946587,0.016269359835150883,0.021638035717614794,0.01457563722490627,-0.10110776119774116,-0.026240493528564085,0.00446725921146244,-0.0156777992931477,-0.011430194112998735,1.5,0.000413252360545546,0.001702100662133347
0.03869180783166365,0.0342911633471502,0.023924347007654338,0.028759562359448095,0.004896065036949857,-0.01786355636296151,-0.00038896147475489025,0.009610790793422374,-0.01230039853727651,-0.019272205882352945,1.2142857142857142,0.0001717653962060296,0.0001527261173415127
0.040506957702747134,0.027304119528668194,0.029717369210200784,0.029804105346768604,0.020821515227310718,-0.06002320787277128,-0.006378005713568457,-0.004542529182070979,-0.004738852451706479,-0.012772651883506628,1.5521472392638036,5.033631889187825e-05,0.0005712075555634626
0.027658822319757838,0.027667724846253523,0.022095166908770697,0.059879975953397224,0.010386711404644457,-0.031957369950488534,-0.011544671366634817,0.0007514732302508294,-0.027221323817391476,-0.0009351652930646359,1.553903345724907,0.00033745809035914677,0.00022285762388783985
0.025556642715540662,0.045796146463977144,0.01988276139784361,0.03322427634100728,0.009604607275166793,-0.02734617292547661,-0.009997666024056573,-0.001125279188551119,-0.01857635685122979,-0.009357322803824872,1.6031128404669261,0.00018679993370266632,9.995174145468604e-05
0.0800852495290824,0.02506296256095847,0.01920145329367532,0.01600124469367999,0.012608855521039766,-0.06694678150485403,-0.008289385225007231,0.0007204459624735395,-0.0027267456261558867,-0.0069294783458054895,1.158102766798419,0.000786545045992094,0.0007973935148165046
0.03731970031919691,0.023238263251911084,0.018811385766288085,0.04336530061383491,0.0134553562863424,-0.022359192281668765,-0.003266399705936232,0.0017998190122869644,-0.009778992527974779,-0.01341262134298559,1.5704225352112675,0.0001596743739126304,8.681059199663663e-05
0.03098712066661999,0.04285674074781164,0.019219329346173934,0.03565361299459324,0.019761452142314326,-0.02567168394228472,0.008511750475026513,-0.002210889806817253,-0.0010719260880007696,-0.02382955463538072,1.344155844155844,0.00010470527767930947,0.00022834065143241113
0.031253240363582555,0.02065626108000253,0.0333861810609433,0.04495820159043608,0.011512613542449288,-0.007637393038560617,0.005343442945476572,0.012956587646066147,0.005436652931012441,0.0017988803641055952,1.5142857142857142,0.00016307885780287256,5.586989502057647e-05
0.030463087272965792,0.027458040567381124,0.026448893598136073,0.04425714652674266,0.006924183790799919,-0.008845040731864437,-0.0067264804211881425,0.005206470567678936,-0.012059713451065187,-0.0003088436147817719,1.382716049382716,0.00017832329946174808,4.818907742733556e-05
0.03893471842199733,0.03165492008728618,0.025058681301408318,0.04685516099112212,0.008360833649447829,-0.036724475018795326,-0.018287753318735146,-0.004189277480230714,-0.03130869070216838,-0.005315599976538933,1.6285714285714286,0.000214796287186529,0.00021816302360437627
0.05982001426429874,0.03297927000195131,0.011953166230057781,0.02268987356436693,0.023739215855977918,-0.0398688851134631,-0.014152980635269437,0.0003678366064024404,-0.00040272819972677763,-0.015143403690682367,1.0276008492569002,0.00032903841721887124,0.000265430643193065
0.036475601972877386,0.022145956304764017,0.03343858314102148,0.0468895219762628,0.007866923960977082,-0.041408736748617746,-0.004809905314559494,0.010149704605014652,-0.030632457299708767,0.001151330275229358,2.0961538461538463,0.0002221363654047104,0.0004802864956764612
0.06603855896937821,0.030532001466452616,0.018381721156855876,0.035075186458022774,0.008897312050211124,-0.10940824276237146,-0.01650561811159051,-0.005109061572420318,-0.01685106005005464,-0.01282370963018823,1.223809523809524,0.00047229894443665346,0.0018880894065679157
0.04072314255275323,0.033925015031336055,0.02722680373900454,0.0443607219860712,0.004828267159456096,-0.04059645140909309,-0.02763791940020441,-0.003928796321653128,-0.02364407212441966,-0.002882742548301372,1.7195767195767195,0.00024442555468547246,0.0002616929364657061
0.04517641471769437,0.020984209592686088,0.021948235855887885,0.0514686304749649,0.004441180378409685,-0.05042749257178896,-0.010136859632798445,-0.006422736436640739,-0.044181025180278756,-0.002130802351001284,2.0277777777777777,0.0003708597604574508,0.0005190284742734732
0.05337012641086448,0.0372363995180246,0.01796907708401001,0.02200350442669727,0.0076241165624084855,-0.029686459503910554,0.01215339265286429,0.007308081054477144,-0.004089925856583134,-0.00922417265799071,1.8114285714285714,0.00032001567723297564,0.00026834850906154396
0.027245587492020804,0.033484217649089015,0.031876611850053596,0.02870988543527882,0.005809192122547654,-0.009040765463331943,0.009130439218143561,0.019755294938242223,-0.005007223684910326,0.002927802796061992,1.570921985815603,0.0001263648035885888,0.0001314733547656954
0.06587752908472815,0.03789359542645989,0.02212083884321661,0.018896662034658347,0.009183879305432125,-0.02795929905602914,0.0005990910997354312,0.0037504508789255905,-0.007415628540101062,-0.0031125991420934414,2.5853658536585367,0.000491256489637641,0.00015693665375519605
0.025952199893161682,0.04443595100870819,0.02561824696262935,0.02740029078523393,0.008501764361262907,-0.002392885930920363,0.0017944173050874026,-0.004835384385579734,-0.0036197553249150364,-0.004672916157254802,1.4365079365079365,0.00016186323400004698,7.395514447475388e-06
0.030002162473689836,0.03222663321022745,0.02592902553680515,0.03970390800912077,0.007925308775120708,-0.002500463797045502,0.009193976618273992,0.009966850156927269,-0.002896287003998398,-0.0027102090235489916,1.9146341463414633,0.00014064672469948444,4.535393593921281e-05
0.0644030230993596,0.0156682320416837,0.020066131730334107,0.05101607293637735,0.005010497538807717,-0.10893509040779897,-0.0033273750961276714,-0.012640678234245719,-0.036748534431588736,-0.006792694542047373,1.4090909090909092,0.0006365502477190465,0.0019399015589409237
0.06430990916161568,0.04143173298332633,0.013867274424760084,0.038040171044585874,0.006125641435335169,-0.08370426784322056,-0.026567948316250176,-0.006034839613080327,-0.03571764900096106,-0.009281432592175625,1.8660714285714286,0.0005411999838471665,0.0009766602682028704
0.020865407418397704,0.022205575878177838,0.03317776786816048,0.03647615967658285,0.010699407630205911,-0.022935597888925893,-0.00767956655768582,0.006539432154902691,-0.007415211368699786,-0.0027742381900268307,1.538888888888889,0.00010687304447189595,0.00011391069641845417
0.04695610823684983,0.0329982587676791,0.020760249248542275,0.03828497326437809,0.004052675821581514,0.014994734027771505,0.0018162562538327019,0.012228622164036236,-0.009235323481613546,-0.002128420232428235,2.061224489795918,0.00027853059168858716,0.00010125353519661606
0.06386578497024802,0.01863406017634106,0.025336166841031967,0.01891648994392937,0.006481017173008753,-0.04409579540996706,-0.003422152830402634,0.01396051165381497,-0.005576593901224293,-4.706278849876355e-05,1.706896551724138,0.0004793977728791735,0.0004687787972122414
0.022346224576325742,0.03671818360192311,0.03934159882957443,0.04293188779764821,0.005702276569140049,-0.02279789632999946,-0.013250604965911997,0.004757064015741789,-0.0080107319933285,0.00017876262938131034,1.6827956989247312,0.00023671017666827116,0.00011900696518608365
0.05114840165884114,0.02835411619021482,0.021034032246365377,0.04089869394646196,0.004806149274846698,-0.02080948300370599,-0.00824434792929255,0.004414332684208743,-0.004933564409459805,-0.004038179640277164,1.925,0.0003202596558145633,8.379850488175373e-05
0.05147161733549944,0.039475253518317044,0.014969644567536387,0.014348161961940257,0.01302521127038539,-0.019688025175117235,-0.012840697841104198,-0.0026161517071282303,-0.006271144672387157,0.00035049159174159217,1.1720430107526882,0.00031350007170202515,6.538017279776209e-05
0.04830870705981506,0.02649782794099638,0.02797351704447375,0.039888046944583457,0.0037108341723103913,-0.03138844244216047,-0.018885631179334342,0.004847874528308948,-0.008606647678841417,-0.0032661599956084844,2.5125,0.0002844629709468205,0.00019837755537549967
0.06484561160738013,0.008935373324242758,0.019789740113554846,0.03528120679095297,0.006238594435315747,-0.07651908296034163,-0.0011280201929323337,0.002144833335283549,-0.014354177148716807,-0.002585127581087079,1.1366459627329193,0.0005775554026089724,0.0010911697854839024
0.04478010384715645,0.03328063403088479,0.027883110194565446,0.03592004130515179,0.007351934966877686,-0.05971147471054056,-0.026018397474841626,-0.007707167945309326,-0.011783358580229048,-0.005888933359639892,2.564245810055866,0.00019538850108330723,0.0005015719994787239
0.03934350699213308,0.031045037202345995,0.02571603083729033,0.030293954604636443,0.008370921867897453,-0.019497193155807405,-0.008665967258043847,0.0007917162986514801,0.0006015541210089224,-0.0016952499226963516,1.2327044025157232,0.000132063781527901,7.426231143330333e-05
0.05563541551874586,0.017036566280313147,0.026841412278061225,0.023710682634288903,0.015927717073402355,-0.06652816329120904,-0.00014462750124869913,0.0014854726350477215,-0.012786040236908807,-0.018559120744524128,1.027027027027027,0.00026231244077401213,0.0007681109847442035
0.04511030286634883,0.033445497539223636,0.02450709579346855,0.0418400185327473,0.003409312234862958,-0.06350962090254784,-0.0045337011183865135,-0.0011170882944113692,0.0015402945486603344,-0.004160840216695429,2.0141843971631204,0.0002792614254360263,0.000761114562375401
0.03274446932390674,0.03089894980333648,0.016845061382044967,0.034404111447818304,0.011049320921530877,-0.029522904494747187,-0.0005987502587653276,0.004604351418130542,-0.01624152639209338,-0.010750404001056986,0.8246153846153846,0.00011103968916326628,0.00018026872100986404
0.0697861433804807,0.01685660472848513,0.02501197350941987,0.04658213015569961,0.0055439940526460976,-0.0952518268155578,0.002270451369431104,-0.00879061007701894,-0.04415808018970214,-0.0014055712887292586,1.2108108108108109,0.00065391184442093,0.0016914234943009813
0.03633391152672356,0.029300502787120222,0.02759918085738102,0.04196795498247753,0.007011989304047988,-0.005980250230195582,0.010285339047087979,0.005645926234249444,-0.009215832863185797,-0.007017273711589458,2.0,0.00017648161319984114,7.492721152379286e-05
0.026728666610533525,0.07885983908511279,0.018358327475600053,0.02703465207355772,0.006898564209459943,-0.012885611856981604,-0.03892077620080827,0.00814034525634552,0.000450013469619858,-0.0021233159890940495,2.45,0.0007658911561906235,0.0003351776924952944
0.043274087533672366,0.0394986188332345,0.0217471849664946,0.028750709087907934,0.012802540292525626,0.0006268147545518398,-0.0010745763492492238,-0.00317729931778022,-0.013783145832949845,0.0005154348061269058,2.172794117647059,0.00015719085474262458,3.620261883868553e-05
0.03778929618727753,0.02298881445957319,0.03380236947759935,0.02836184592221853,0.007921454935535106,-0.032338932023061394,-0.015217943501043656,0.00732983030015262,-0.005946715216180597,-0.006816344210934701,1.7526881720430108,0.0001352986491765877,0.00021283861827506325
0.07179869417682973,0.025592868408292346,0.025012740509241696,0.020729715597515654,0.011897218657806763,-0.024818530000919912,-0.014973580465361984,0.0018461060523932244,-0.00401966541153132,-0.0060496853367221015,1.9775280898876404,0.0005500031490888386,0.0001088092968351493
0.04442653284249421,0.040680394145201484,0.030380711899987277,0.03806046174402472,0.007279096706630253,-0.04576515774136291,-0.03672200448467404,0.0013232708978052606,-0.020343053528472866,-0.006009627250462271,1.6150234741784038,0.0002200263650140235,0.0003956747783374796
0.03894291194625976,0.02187004078939739,0.04053267692707439,0.051967697212489984,0.004785069616800548,-0.02153354647487219,-0.009190736065422837,0.01014751576188504,-0.0072313761053808745,-0.0005826297412718619,1.6067415730337078,0.00034056620599889475,0.00013564009827268393
0.04445098136057673,0.011891197954884527,0.03566445953318752,0.05921943678131124,0.005501706574582745,-0.07944084417981083,0.0004895773443370367,-0.005105446828383128,-0.05222456908688783,-0.0043127438365051915,1.2363636363636363,0.0005034337328731419,0.001282455577650421
0.07021088949195063,0.02905116118887881,0.024384368828906315,0.02131759448267887,0.007990986438523527,-0.07822302603790274,-0.02621421800067136,-0.0039873778809126365,-0.020873941649516312,-0.0016650642685045072,1.5333333333333334,0.0005518464200700522,0.0009575314315029372
0.1198323379258235,0.013183382944434493,0.016965707469231435,0.01964574632075026,0.014148675533886207,-0.16400351301977967,-0.01219750470561378,-0.008650723297951078,-0.014518216058980822,-0.010381858928018928,1.8115942028985508,0.0021632134433769,0.0046600407864648245
0.06376315245332383,0.03238036445385435,0.022562977683404924,0.04190066802186612,0.008272860375317086,-0.06348761115298306,-0.016955537110655033,0.00791302207583711,-0.014821082647348941,-0.0002876521949686504,2.5760869565217392,0.0004358323353726274,0.0007661040422723487
0.049609240927031256,0.04202378459766035,0.010616116585962593,0.0215317748450325,0.006569678212400282,-0.007335877317478049,-0.0045349732943236725,0.00664070396119717,-0.011626550393785934,-0.006086575491934965,1.404494382022472,0.0003620749140725749,4.635608806015592e-05
0.04564010393392505,0.0440762500103323,0.028059633805527395,0.023216386848249226,0.008554875265738542,-0.06499566452103303,-0.024356755700458015,0.0037547976041740795,-0.005415264221639253,-0.0045642833871221,1.719387755102041,0.00023809711802736947,0.0007637362838934879
0.056422515383094146,0.03486977534015126,0.013852041859883835,0.027597530553921733,0.014337716236689592,-0.0016726812044612696,0.005651427457715046,0.0008947263130474974,0.002446610855386328,0.005102985923510102,2.0952380952380953,0.000307998450980819,9.17421737973785e-06
0.03819858854535908,0.029122271202290655,0.022842367781764163,0.030141203761244864,0.01675842253737611,0.0073564659852990875,-0.0010635419524659359,0.0037145052111852085,0.009180649915578227,-0.005075592120322125,1.6666666666666667,6.527608073396234e-05,3.481494309974605e-05
0.024511306110233638,0.04063474175781055,0.02424657773511222,0.04054247931960622,0.012576391462620254,-0.01738194107500466,-0.018392251684941793,-0.007776695913511912,-0.008148329804909425,-0.003472387210678355,1.954732510288066,0.00014495895700498377,4.263883339933783e-05
0.028554473392774768,0.025677509323356888,0.02186213884015397,0.057067838824051524,0.011122032718787941,-0.030152635398764487,0.004338742274931026,0.014314847871144867,-0.015332058492628666,0.0032607337371932037,2.5906040268456376,0.00029237731434399183,0.0003168782273138504
0.03366391131249994,0.03157827267609437,0.017800855993960425,0.05437653852669868,0.007660874582865067,-0.012067989018832357,0.0005108802840473509,-0.0008664995153454841,-0.009636376481302,-0.0016124566241383401,2.1822660098522166,0.00031328651795410053,3.250776278522763e-05
0.04806052365038748,0.030838913861497768,0.020064499712951954,0.042653981520640386,0.012778401098307255,-0.05578122130699819,-0.011643719237819802,0.001290854416915448,-0.010527949985585395,-0.017660407618487136,1.45,0.00021961041209221806,0.0004730425507877347
0.019843219936078803,0.04902182729223502,0.02163453064305798,0.03533070611562011,0.004735339456806126,-0.013425593157322757,-0.010171288915779484,0.0030929354523368522,0.01558011974006873,-0.001179499714842254,2.1176470588235294,0.0002815379184981741,0.00013248728778309052
0.04209845366825395,0.03712767110904074,0.02713143700789498,0.0369795593694914,0.011379789948397065,-0.044918044801660145,-0.01257056028760684,0.0016931978352871231,-0.0019140866462533774,-0.005964690136386877,1.6703296703296704,0.0001490953878821045,0.00035171939180608244
0.04807642567107799,0.0340771578198464,0.022787640640952483,0.016118120733250366,0.019596702851478687,-0.02569321458297527,-0.003438144052005686,0.0023213099925320463,-0.010406024658095127,-0.01470335380571982,1.2,0.00016971794578403957,0.00011567479258077861
0.054653117808879416,0.02012006098350624,0.03510237100475441,0.045801571856336466,0.00824370581732156,-0.09488318864166101,0.007261941145312547,-0.003540054099690807,-0.02608030420179477,0.0035669692863595304,1.2548076923076923,0.00035392293118453714,0.0017941520497451412
0.018313637033607794,0.029777140518093975,0.028334019858386125,0.04155952511343959,0.0073016294952357175,-0.017863013857245025,-0.002563805450416396,0.012250353018553985,0.010318864117949387,0.004235862030126736,1.9337016574585635,0.00016651951161480232,0.00014800413889704347
0.05464921993201957,0.026000685412234652,0.02157377175299924,0.032518147147145814,0.015628702006128974,-0.07436652970359119,-0.00043325512900393157,0.004299187090350815,-0.012614693570968059,0.003703168566153369,1.3969072164948453,0.00022685692401059774,0.0011151595908199332
0.0502262144290523,0.03507406109328511,0.024931672324955047,0.03301270195163958,0.008303939768660768,-0.08919548094166617,-0.01919449006193113,0.006009871127594971,-0.01976722086935966,-0.013383893224934159,1.1243523316062176,0.00023496239205289022,0.0013141276117062633
0.04876519456042817,0.027609410314520844,0.01862040229880283,0.04012658445814964,0.011494302060826397,-0.054160186711256754,-0.015579949692465286,0.001268123654350562,-0.010066598600032978,-0.013693444698504047,1.9367816091954022,0.0002325152059200806,0.00044129129928523317
0.031013036079469425,0.035450012685382726,0.02478945584244251,0.044509177638377244,0.011416068002090602,-0.024083108208871815,-0.028327829447315683,0.0023660932437804772,-0.009088639477874621,-0.005943750324924772,0.9795221843003413,0.00015304109907477554,0.00016474566807458903
0.058789748467930045,0.02330525824976605,0.015108903475159568,0.03606060709913896,0.00457412444764777,-0.048886258867917184,-0.019817600001656253,0.0005440829957411089,-0.021041093782499184,-0.009139847177321102,1.462882096069869,0.0004372600796819008,0.0003437461796875733
0.048064273016458735,0.057167701451316666,0.011921293723724875,0.026813750806397564,0.010723645489048023,-0.01394577285568064,0.03523107478315971,0.006019167076981167,-0.0014901096329185193,-0.013298948264555318,2.126126126126126,0.0004421427857186686,0.00040492473296137625
0.07242717503938063,0.021089122973883823,0.01651568704257382,0.03735463182346075,0.008268328248485233,-0.11709908426628059,-0.015057964240929509,-0.0035398237600481695,-0.02964582741123443,-0.01067400980777108,1.7178217821782178,0.0006453140231563042,0.0021869753349833825
0.05128314301085823,0.029414301022604217,0.027520668194974233,0.034802762035482146,0.004646877499742061,-0.051468288295833456,-0.012006713121363418,-0.0068412349373797275,-0.004532312911282877,-0.0011371933029622105,1.5806451612903225,0.0002810554433068877,0.00042675420243430207
0.09775851643561552,0.02163701826080391,0.014566814849829898,0.04122749418350885,0.0044069038095502925,-0.17721036368319407,-0.015350898068456274,-0.007431278402946578,-0.03334343353308749,-0.007258030272283604,1.3121951219512196,0.0013763022305695902,0.005320438895462782
0.055524513159338096,0.03881097550524822,0.023195829995646827,0.03192438193054285,0.013331593104988349,-0.05298150416472916,-0.02673322881685257,-0.01693541812545916,-0.0007793066757319097,-0.0014819869438020123,1.1116751269035532,0.0002560667122608431,0.000463655629558082
0.049619229782749005,0.038795826984245184,0.032426786916568244,0.024811722939311952,0.014747836171344886,-0.03788818388598126,-0.00915563489360704,-0.0018807555741413495,-0.005734043425555186,-0.00822464491601758,1.3945945945945946,0.0001765197321601467,0.0002081351156430181
0.052883570145899304,0.048840420186232844,0.01752601972892583,0.04260252502729054,0.006064825806989869,-0.036395299323043515,-0.00797485926416484,-0.004981894018152893,-0.02225595239282547,-0.0047478906753779995,3.1030927835051547,0.0004254323089104285,0.00019121519576496758
0.03137757179932632,0.038932261700587355,0.032495642942474694,0.03078767707347918,0.018283258273069113,-0.03369820550666238,-0.0136798378047461,-0.006767399616807555,-0.007950587508365902,-0.022562136145617664,1.302325581395349,5.6277381118439654e-05,0.00012684137741916448
0.06660592351495556,0.04091958369179052,0.0076029660034430705,0.01821194741535876,0.020570722994317444,-0.02330599382278589,0.013027449494574156,0.004101650206330136,0.0005999968873219441,-0.0036187604630812426,1.5454545454545454,0.0005464170289832097,0.00018156268056800548
0.0634095896712941,0.012421509856627416,0.013141982168710821,0.018396180592724735,0.016056201317639806,-0.055166736262742724,0.003534649797185962,-0.00418738830153324,0.0027598755839239116,-0.011103532993495693,1.5073529411764706,0.0004743084281387979,0.0005952301529730025
0.038940744260128966,0.0450745280778359,0.02120501931268415,0.03148851389925848,0.007521700805665714,-0.023817321431232177,-0.0011024726701745254,0.0039737316465797475,-0.013437779107705251,-0.0011838140706777053,1.5185185185185186,0.0002213405467251074,0.00012830862174975882
0.035721058854747315,0.027884253550209227,0.02241325438007551,0.030961574378519464,0.009648000250812337,-0.03384729909857899,0.013847518574097991,0.0037303659467315974,-0.010993244036845044,-0.0060543307935031244,0.6331236897274634,0.00010016134272192334,0.0003217027590480304
0.05494414703387883,0.036694822629239156,0.02401553224205227,0.023489599804831396,0.008717755516239316,-0.06643302682472424,-0.02854984802407244,0.009618877696956943,-0.01086911721084215,-0.006352475546427835,1.480349344978166,0.00029931247142356813,0.0008436736716380402
0.034857463335909264,0.02962641984228715,0.02756122176156571,0.01860072817634606,0.009707384644236485,-0.01498686595676912,-0.008085971280952623,0.0014705707085097793,-0.0005149370551314865,-0.0058413627744291425,1.3941605839416058,9.890736203590288e-05,4.2550513409234666e-05
0.0334071591411897,0.04079300687663232,0.023933339378888106,0.03095437185656907,0.00949202255902991,-0.012639915283865124,-0.010688927064603665,0.004017235651514362,-0.02363658833305887,-0.004558570424980197,1.9275362318840579,0.0001400765821611861,0.000104562280500587
0.04541959977088562,0.04185029276057056,0.018117874479426813,0.023385632922285064,0.01344965596200187,-0.019918287188293745,-0.007295343478099612,0.013963365401611269,0.000787259781016011,-0.0012023584171603962,2.1956521739130435,0.00020623649254627817,0.00015241319598372123
0.02934620145086111,0.04141789919267943,0.01381128827530029,0.04506220315583826,0.00662945110593188,-0.021171924874037146,0.0004728127827843684,0.005095334748661012,-0.02257680503352877,-0.006610309066740467,1.6213592233009708,0.0002820509901849019,0.00015664997780772972
0.0316454287171979,0.048225969858828356,0.015805833029324468,0.032647424781005414,0.01391312380937297,-0.02173536746748037,-0.0555188007492031,-0.003931664907309439,-0.011157725080279122,-0.016108130353782932,1.443609022556391,0.0001975284553088492,0.0004004585916905926
0.029153362556796725,0.031167665487275977,0.02771844285814142,0.036943919602897266,0.008381902985153308,-0.01101999723261702,0.0014900505544102798,0.003556801593418538,-0.018980400782008418,-0.004437298746233398,0.7114093959731543,0.00011687579662594838,8.587307795801623e-05
0.07484404131265421,0.02366462995477481,0.02169316077196643,0.017244261892965476,0.016878665740771143,-0.07288831595345843,-0.012199842366597212,0.013024021342166781,-0.00919830269227794,-0.014842567473376296,1.1464968152866242,0.0006128165227432417,0.0010222109975576554
0.038237755093729925,0.04786606966031983,0.014342732463262222,0.022355854266481713,0.012519579609217988,-0.032305881817561985,-0.021853465931759148,-0.002829030767929013,-0.0008612569658399745,-0.009101566812883618,1.0809523809523809,0.0002382790881869161,0.00017908374314051033
0.05701099696784665,0.031573225615204606,0.01268708390670353,0.023337956244939173,0.0197402963192934,0.0021085792636940624,0.01878070773526373,0.005931913866981537,-0.0015121922574067542,0.0014870569695861918,0.6582278481012658,0.00029376622743006376,6.331023235868771e-05
0.031067925755365735,0.03945936817593525,0.018217265924831697,0.02837806053029574,0.016922079722175912,-0.024623206713287236,-0.0036041078580725315,0.004426648040468697,-0.007881784172667407,-0.00355828526457611,1.685897435897436,8.805032537615878e-05,0.00011632228415638352
0.021454334445122576,0.052172515195720755,0.033062269624664915,0.03137248498139481,0.006918735517922444,-0.017602637835489515,-0.023585384183750373,0.006853640012278395,-0.00581720728918515,-0.00466093033737002,1.4834123222748816,0.0002759038531187206,0.0001417568440886786
0.03686500461418258,0.0317835055144682,0.0350729942384239,0.046775873871937296,0.006758522457864028,-0.025646046721672835,0.011895386933091421,0.009150626517730057,-0.005668495148159993,0.0036679435850773432,2.6610169491525424,0.00022177776358503568,0.00022995650294080106
0.040664125250275594,0.03499684719242766,0.01295393998497248,0.03983451323641931,0.018830467735351138,-0.04611719975313667,-0.0025987329662111296,0.003575945553003444,-0.01597695593238521,-0.014413506661856663,1.1589403973509933,0.00016231412921965523,0.00036709485991197593
0.02182394354720789,0.044644364011729804,0.020264606993738606,0.04280011771424076,0.0055409793549224175,-0.023052481325333624,-0.0030329561407445834,0.0175742636843286,-0.010394510407494928,-0.004120673653182203,2.0673076923076925,0.00027340321300385216,0.00021711340728072494
0.03999164890360364,0.02315639585706352,0.027800260113344383,0.040310271022419096,0.007366387736762994,-0.04728593076885226,-0.009174068592425625,0.009873888540611385,-0.030602571519417834,0.0030773365160215002,1.2028985507246377,0.00018605265580402472,0.0005662763814476981
0.04705672272058741,0.024975098937662293,0.016077741171649302,0.023934910725218438,0.029156146121847474,-0.08066804895551401,-0.007545513849416076,0.016988099481642708,-0.01062675388256761,0.0032426610769755895,0.8493150684931506,0.0001330055725004336,0.0014351036778810083
0.038078449814531214,0.026452121189233565,0.025303064674302655,0.04179911811249134,0.009052524952533334,-0.038846475178085635,-0.0002775726722770549,0.012458360103590096,-0.005783772823113092,0.00011135084720169035,1.4759036144578312,0.00016514327239838748,0.00037216254395350696
0.029776773998783486,0.03344914333881303,0.02790284834119062,0.03791162901450579,0.00531117482514271,-0.025116003039553088,-0.0026357648684603515,0.009633067006919797,-0.006602036488010241,5.266108140225805e-05,1.6331658291457287,0.00015987543789247767,0.00016311092657961284
0.022093885591374367,0.06212279862347927,0.022348532789849048,0.028921280762999338,0.003833641365150139,-0.015483739840480078,-0.015085701574663707,0.009952903027669298,-0.004951239988608395,-0.0018564763312732499,1.9470198675496688,0.00045398896517160616,0.00011098205066706336
0.03878411816694733,0.034827851094009224,0.03258416325972747,0.036641746902291154,0.005416406063838706,-0.036215643067866427,0.0014684980449858626,0.020808094477636933,-0.03191173184488151,-0.0029657343604108308,1.3421052631578947,0.00018875079170239904,0.000574312458305642
0.05341658677034697,0.025874199644305405,0.023277884729589523,0.026887391243608803,0.009674250027802981,-0.029386074538030386,-0.0001516666213968877,0.0037702452009103745,-0.009385499032295703,-0.0029736877441917517,1.5478927203065134,0.0002524350054558239,0.00017099518800093883
0.03536920618965845,0.02491052599379883,0.02068676985770642,0.0354229122354008,0.013078808566574285,-0.024963423925493458,0.006074230744897554,-0.0012991099315454251,-0.022955019676243915,-0.010319167862994335,0.7341772151898734,9.322282461147189e-05,0.00018088176805800712
0.04488173208574998,0.0323365667903384,0.024200071111941678,0.02978555132154993,0.0066261921146879045,-0.012647072285651638,0.006671709004987284,-0.0006452712600231828,-0.005063427508918119,-0.0011131349965385873,2.0419161676646707,0.00019433108119655404,4.9750057663939294e-05
0.041368590211592386,0.026619251925471595,0.02939813018771684,0.029793213523448082,0.012804993312731145,-0.018430609778749718,0.004797382054310711,0.011960605199237882,-0.0023611864430644405,-0.005962813436557949,0.6319218241042345,0.00010417105760490888,0.00013172554543019674
0.045801898601244714,0.0321039441310451,0.020041416091856484,0.0390848044848388,0.006460584169435602,-0.0349047765052307,-0.001368302567391174,0.004606859022773398,-0.025879164490974015,0.0013723939974457221,1.6838709677419355,0.0002453671541425165,0.00032049311789239987
0.04914223629343464,0.024311902097611165,0.027597027108836145,0.04427709354196866,0.006016157010580496,-0.04419702024104598,-0.003379971712217878,0.005073357860508389,-0.014549689989692438,0.006201266257182079,2.1641791044776117,0.00029581314510483957,0.0004308756479798472
0.028803088905233934,0.026295026969764147,0.03190241861427074,0.042774041937960146,0.006241703540631429,-0.016082990622819933,-0.007711766359780611,0.010532608830852039,-0.0030440290996297356,0.0008344534764788924,1.427710843373494,0.00017682563270100755,9.778933874893583e-05
0.03258392380759155,0.05589763674399966,0.0208494063181617,0.02216918753496491,0.008970582614498216,-0.040796930912110806,-0.024965131803353587,0.001679292936525155,-0.004956182946420889,-0.008175940393596006,2.239130434782609,0.0003116235661856261,0.0002973623023541716
0.031871206608716875,0.041435671086442666,0.0203900431835019,0.03987181024872337,0.00975943777307722,-0.01878998110136962,0.011948395817977547,0.00578037511756309,-0.0103571824052036,-0.0029796491444322197,1.2661064425770308,0.00018121439704733632,0.00015098227606578874
0.01826444662220423,0.04643887783150702,0.022790078289441133,0.03982550199736937,0.013020146668822827,-0.007364879718295533,-0.008127533622328417,0.016377725350311536,-0.010884804978845784,-0.0034597203015927533,2.9134615384615383,0.00020653300290725883,0.00012068667582913102
0.03676278633314944,0.034443178705617195,0.026517423014093343,0.02513635961178137,0.014131316067823191,-0.02487014381439898,-0.025501643357326763,-0.0005584125779784209,-0.011928161953877532,-0.0015758373130105603,1.2107843137254901,7.98072753658319e-05,0.00014589520053336617
0.045599133418489014,0.030473435419248074,0.021218879932628144,0.029515897875537683,0.014183706483164612,-0.013085273513419551,-0.003847561655899279,0.014613753772341375,-0.00794537854684407,0.0030787383921414865,2.3640552995391704,0.00013870561121864032,0.00011546766610795189
0.02986339956745708,0.04741012947520222,0.018480406390365647,0.03384220043310124,0.015589150116033346,-0.020441317772997646,-0.024917025644642838,-0.0004350306394030638,-0.019315995233076515,-0.010672458546613348,1.1485943775100402,0.00016340777732105796,9.433171203695803e-05
0.08244886340195266,0.016906711905610147,0.024371173862941332,0.03730270457258982,0.00889556491092769,-0.09201198908695962,-0.004959981192568881,-0.01158930170926692,-0.03265436686351605,-0.006699826335996549,1.7195121951219512,0.0008433316374478459,0.0013401294607731816
0.014929943967581285,0.033820380834225394,0.03482608653890828,0.02771511454641603,0.00609176606719007,-0.007242166769742564,-0.0016250662282546369,0.012079119533780045,-0.013018366927456837,-0.00307846616984548,1.144736842105263,0.00015726185809858515,8.668635257911661e-05
0.03036182030136165,0.047362409193653,0.018240748628966085,0.03333299054819962,0.006343003728439518,-0.023863977960903192,-0.03707099537421313,0.0030913285317898122,-0.012323574250583473,-0.003262193462248605,1.5751633986928104,0.00024234753090313725,0.0002593602795615016
0.0394248806202204,0.025911223859995117,0.021502783324056765,0.056366086533493516,0.009296492465641612,-0.05114671495377632,-0.022883784970161074,-0.016440777561588495,-0.0639604378819501,-0.016313110047185674,1.7619047619047619,0.0003250758580874,0.00048406233105969436
0.029185742457423943,0.029023828662909354,0.029951740258032336,0.03886505088007362,0.007281718729495431,-0.007990342408117855,0.0008210825300996994,0.011885737778243616,-0.017325115939354832,-0.003340103695324283,1.7105263157894737,0.0001367701053408759,0.0001165584933196285
0.028464257600542615,0.03791649560561502,0.026246426307596396,0.03193940289612484,0.011072200131302345,-0.01936937936440786,-0.0017294031749249823,0.0030154613518858834,0.0007006873444674659,-0.0013346386520678524,1.3944954128440368,9.997317523464738e-05,7.986541615600657e-05
0.024851590885513114,0.030597617931947377,0.041259595708556175,0.039510198522950624,0.009018303987013147,-0.030192595707906333,-0.009958300173810393,0.02763329138510531,-0.01662165895922726,0.001070764934354122,1.896551724137931,0.0001699451384490674,0.0004735543332395793
0.03981942459066145,0.03989478735416882,0.022078950917127766,0.04059100409593062,0.007005368079694483,-0.05074004325741598,-0.012776805523151549,-0.0024379076813182297,-0.009128310568329353,-0.003585194316268628,1.5339805825242718,0.00022447971651636542,0.00040054568661626404
0.034405507538208105,0.02831932994340897,0.021815211101381935,0.040128803343441086,0.009572230673486597,-0.005265489568924445,-0.0006491040403114742,0.005436276668590653,-7.289471937699258e-05,-0.004871852355306797,1.5029940119760479,0.00013986040978153754,1.8889538705553488e-05
0.03214455716501657,0.02156999117059729,0.02982668215113856,0.05519576949001224,0.006834412157716639,-0.04481814675546676,-0.008743209891958927,-0.005350253837823742,-0.04518015346189799,-0.006603082395865003,2.1623931623931623,0.00031081074888760494,0.0004369780941312903
0.02929289438134181,0.01657261652436178,0.033418559452832806,0.05539372682567055,0.006811220760737319,-0.033081701706225625,-0.0009719649673887383,-0.005326070369628468,-0.03213334956408178,-0.002378304451460906,1.5591397849462365,0.0003401386639215192,0.00026748292025264913
0.04455973983640555,0.028335139589256108,0.012780437843120275,0.015497396297324254,0.04617125473226737,-0.04889635592196874,-0.023563609756884523,0.003915726118610087,-0.0005562990411217809,-0.03595626992597519,1.9107142857142858,0.00024542379951461406,0.0005118016125703139
0.05974706159089128,0.02242569181717717,0.019850453249210254,0.015963621525672936,0.028244004134367194,0.005635105920412256,-0.0008222559729382187,0.0009252961129670769,-0.0018810851099687299,-0.001745719731559606,2.059055118110236,0.0003106333085344402,9.745290684884101e-06
0.023031152953576255,0.03294348941952501,0.03003662525172759,0.03524878109422063,0.00461011567044951,0.00023195552834990086,0.004305437380516862,0.011015521491893866,-0.014618265816589501,0.0030073737897648688,1.853846153846154,0.00015324410911335244,8.989059816489276e-05
0.05630299107038608,0.030688913515217204,0.02251638836306593,0.022030404778111502,0.03114392595559332,-0.02261625714469611,-0.009713417864581653,-0.005674593334891011,0.005347051053035437,-0.00917606665261374,2.961038961038961,0.00019524490252789974,0.00010020825210918131
0.018938164172758662,0.027438288128823127,0.029435457062729268,0.05119196298854168,0.010794835643012656,-0.0161688316940063,0.0004560225232878482,0.002823520284889947,0.006825940500781325,0.0011632884694368895,1.2696078431372548,0.00022935215407009413,7.818898200951273e-05
0.02314361923240855,0.048211365823266954,0.024963998567109943,0.036964167788586036,0.011575090400470242,-0.008345808663857692,0.0007255872529336209,0.013900286536352096,-0.0015184463239641091,-0.003420745367941898,2.552941176470588,0.0001966786260241122,6.926113867653606e-05
0.02866853639782554,0.02082960662335834,0.028375689436857518,0.04980166675038975,0.004177797207774576,-0.023963884215431372,-0.005007478632184929,0.0003879757373580165,-0.034739590317996435,-0.006960025020520325,1.3227091633466135,0.000270384721939123,0.0002167085278051912
0.019247747416834337,0.03549234034685218,0.02393793555640883,0.034225418625401585,0.006311910211062784,-0.01594552048608335,0.01131494634870394,0.006429518558283259,-0.01984266440733569,0.0009538923979855242,1.9444444444444444,0.00014299155381395528,0.0001899637858564946
0.027374524100563406,0.04788257068060433,0.02933685144759637,0.05142466740576708,0.007749962201093863,-0.028810263228154654,-0.015156802956215576,-0.005035298747517763,-0.011525874337029798,-0.0039774647859663025,1.7755102040816326,0.00031082126081002643,0.00010039575270980134
0.04534039393011008,0.04344945072430578,0.020524146825220524,0.02699204785960381,0.006877288527387835,-0.034944971358225406,-0.029746796916142775,0.002388991072553576,-0.01757999283180168,-0.006016328886021666,2.139130434782609,0.000260105340559068,0.0002453128876330009
0.05598451834954642,0.00838571174777022,0.017503084872556956,0.03178518596333643,0.01063911163798007,-0.07093296455729839,-0.0015635586427671289,-0.0035967265251362463,-0.0267596583662978,-0.004853258067888237,1.2242424242424241,0.00038611347034826765,0.0008665941005541758
0.06211586594600086,0.026682611390050247,0.01660731049920286,0.04429826859868365,0.00852965939904767,-0.10393512240166117,-0.027416461137607484,-0.012144455606913277,-0.03164127969102182,-0.0011973828725038408,1.8415841584158417,0.00046841380996825457,0.0016213696781912606
0.027442674359479485,0.04536662189731555,0.022348540976696418,0.043707658138392634,0.011351061250508793,-0.016225623537664897,-0.015381384633146563,0.0021794896683603126,0.005548450021507552,-0.0064438396022470056,2.3366336633663365,0.00020922280922979782,9.825516079241012e-05
0.022981556959702602,0.03881724917159771,0.031485453950623174,0.04268941386858722,0.005877009137257977,-0.030450731663441543,-0.022575087489973288,0.0057518240583089505,-0.028207384714550324,-0.011582006295374174,1.7545454545454546,0.0002147166595920986,0.00022093947406565657
0.0440844623340386,0.023989179304473796,0.018277916629632775,0.04309149186951536,0.010160940795791515,-0.023248238738289448,0.00228119012977672,0.008152867827206941,-0.015844920752938096,0.005109386030801208,1.6,0.00022881732794747116,0.00019460080146715405
0.02836495884174275,0.03426652126626886,0.025084936629851135,0.05414223368822119,0.008864424961256393,-0.022231328961136377,-0.012640999411648037,0.0038475099737641607,-0.024352895165679605,-0.0031797115060581277,1.437125748502994,0.00026862245582729685,0.0001465524621326535
0.053886447456949975,0.022303134968772217,0.021790389317468416,0.01702237447760561,0.014728773637061293,-0.019201571011314558,-0.0033953432530924223,0.0025292574170802306,-0.0012128040211254023,0.006507886894759301,1.763157894736842,0.00025416635734140365,9.670088131443088e-05
0.03852452764978889,0.0351337165487222,0.006418502191820975,0.04099672983730211,0.010747763646799104,-0.04063434197228454,0.02735818663971249,0.004679460658815498,-0.003645610239456121,0.0031796838245677743,0.5166666666666667,0.0002701482159763334,0.0006071230297085714
0.023720400472166295,0.017462142739341525,0.027927171828264985,0.047689864837895356,0.012427479036928058,-0.010842271335115217,-0.0024112191432676964,0.0010478342399772992,-0.010401227325650483,-0.0083737255638403,0.9885057471264368,0.00018408741156530803,2.7702990841715466e-05
0.04630212501772626,0.011770534363276724,0.02527946935184282,0.05534116344263533,0.007085377307654606,-0.07727499041191663,-0.0020529880805752144,-0.00717175087969283,-0.05024089666713119,-0.009933637423594486,1.5307262569832403,0.000446011669646657,0.0010868074629511273
0.05573783678594479,0.03769752588575921,0.022110425582957328,0.033779468282018416,0.006604144310302004,-0.08341700456113262,-0.014308560244983027,-0.008712079723688274,-0.031305797321971106,-0.0070584107669842445,1.5677419354838709,0.00033463810418275997,0.0010188476708757662
0.020639151237512178,0.05354488071780183,0.024450622768930032,0.03747188685298544,0.010207309002450848,-0.02323890003983661,-0.025080960087107078,-0.007109656729381807,-0.009267952754281793,-0.011864702214219024,2.2242990654205608,0.0002794111639452248,6.8490282185767e-05
0.04762126680172931,0.03388002609840454,0.021333524985154586,0.035544843486149946,0.017969068705766575,-0.029470098047785713,0.02580226439016541,-0.003537776161216989,0.0037067400056421946,-0.014442157973402921,1.326086956521739,0.00014202468944469776,0.00042617478489080846
0.031530579852033884,0.03701601240324316,0.01717001969372106,0.02995069130027001,0.012199345972585141,-0.006123178390272159,0.006100378566186141,-0.002501157728270608,-0.011213888679115965,-0.020402426877661636,1.1398963730569949,0.00010876604280082785,9.746559861106187e-05
0.03271573951847005,0.026599451828445492,0.02091050973023411,0.04678103617560744,0.011853537654809997,-0.0343605068471273,-0.002464958716989023,0.0011892146405638416,-0.017031392094915488,-0.0035322391814670956,1.5913043478260869,0.00017190909452721498,0.00021474859054944977
0.07356701752867285,0.014058069726773152,0.01760786497054026,0.030950225085691063,0.012034286901398315,-0.07182473628435847,-0.0011793603051900472,-0.002374510280997581,-0.021240588308228642,-0.01063627470799641,1.4722222222222223,0.0006572073639642223,0.0008573419248347175
0.019848214013068664,0.012388182455824012,0.03225791207852734,0.051052917217489016,0.00490324209091697,-0.019198920555472627,0.003238839985878568,0.0098949081592868,-0.013371011526160487,-0.00974492789598109,2.0583941605839415,0.00032919266345345316,0.00014510948845130142
0.021358922636420183,0.038237311877052683,0.023589484608953458,0.04117954613561801,0.010246097457689287,-0.02775877356319557,0.00618331561013221,0.013255713526968414,-0.0019905274643419305,-0.007091288517377117,1.251937984496124,0.00016286327962455698,0.00024454563856848686
0.05929752359832346,0.014845753862164966,0.016484062745858525,0.04987196367006565,0.00774094091084226,-0.07699755293968098,0.0014130323023279938,-0.005585046720014288,-0.03538046309197443,-0.010178411787415772,1.7552447552447552,0.0005401044822038913,0.0010262925466542187
0.05006449269665638,0.034102546061261105,0.026316339222398937,0.02277980832261995,0.007367446694419183,-0.0773648939512072,-0.006063679311206219,-0.002584693168455923,-0.010259731325871452,-0.006649821883064378,1.4057971014492754,0.0002449476843663499,0.0010149091297699316
0.03541767194154044,0.014511221459535595,0.03198556991614935,0.06611160733794899,0.0068279355738912,-0.043663786244441165,-0.0014301106477956516,0.0024143766466883233,-0.04713895719633915,0.001373555287385387,1.2663934426229508,0.0005273690992093024,0.000643466937239967
0.042291335706605176,0.02972088877066504,0.02471915373431511,0.03994242513374155,0.005820223199509429,0.007297930513816103,0.013934070637561153,0.004362170111723422,-0.006307835189664385,-0.0008798856950315665,2.083743842364532,0.0002128219174930699,5.9812535727599905e-05
0.06091932362332563,0.027834027827546334,0.023951501843648297,0.027396793150026844,0.01020626847612464,-0.04948768940720782,0.004544968157863512,0.006987426774426511,0.00298359445479033,0.0022523952251667016,1.197674418604651,0.0003489574674866265,0.0005795942025540339
0.02702477777516365,0.05314049782843888,0.01649282710503127,0.038168504120144706,0.0044265380270712045,-0.012490274186761366,-0.04862152436036332,-0.001039468810260725,-0.004475044546320722,-0.005258398427931766,1.789855072463768,0.00035610143609837724,0.00038383363440477967
0.034113255694226234,0.02526476295355719,0.02160974473752403,0.04828201581825041,0.009481612137927928,-0.02599147405139609,-0.020458369224749865,-0.010654782498204767,-0.01937747356733307,0.0003222021116138767,1.1818181818181819,0.00020991695728707485,0.00010578757290477432
0.01997055496665052,0.02694979295128783,0.024088790018314734,0.04858279200106207,0.006485185168298193,-0.021588353619364974,0.005862694710657395,0.0019342416575937728,-0.015724763311358848,-0.0025963841772707057,1.3768115942028984,0.0002321604312386281,0.00013798388030412183
0.03189914410282459,0.03803744920386931,0.02280294108339149,0.04922073237734381,0.0063392547674258285,-0.03448505403572934,-0.004709185850681544,0.009824667602832278,-0.02022691449603299,-0.002614602906591086,2.3146067415730336,0.00026217352193934416,0.0002946710294686044
0.05079265976454008,0.02599047542089283,0.014923443375495712,0.027617360286435376,0.02066491718946502,-0.03957033087951153,-0.008278461595129709,0.006603477025770583,-0.00770785482611457,-0.02925145958485651,1.2325581395348837,0.00018712242237005168,0.00034245400217198065
0.07836575508353034,0.019800085207404262,0.015477949454229784,0.0168907181655833,0.006829042618093183,-0.11246878800693161,-0.009496034259090111,0.0023411971417875137,0.0031149642984181613,-0.007287139717718705,1.9572649572649572,0.0008327462609477596,0.0024356523769644245
0.0470330034644663,0.02009342916388462,0.02583804710178528,0.03577912084607849,0.008307725727205425,-0.014029788564977162,0.00607391315686194,0.004382345982060082,-0.0007397620538512964,0.0016750181937435413,1.34,0.0002190011438645188,6.372329529518418e-05
0.02836495884174275,0.03426652126626886,0.025084936629851135,0.05423116442686944,0.008864424961256393,-0.022231328961136377,-0.012640999411648037,0.0038475099737641607,-0.024671230991038455,-0.0031797115060581277,1.4457831325301205,0.00026969110053697877,0.00014858483653933813
0.03615225956097038,0.04675533003465836,0.019645909487082815,0.054260117494808545,0.011813716189785117,-0.05619607550615478,-0.03180574871438961,-0.008790737104576308,-0.010866888422355997,0.0012714474399146646,1.685897435897436,0.00031892432177709314,0.000525726511998939
0.023215892348027085,0.031003583263511332,0.021416606015275872,0.045578078766005094,0.0062929715143028786,-0.003345911848104465,0.013183035759257222,0.005737908172533744,-0.020400466621970936,-0.0017482416183026038,1.6477987421383649,0.00020605496573753747,0.00015712597290733733
0.026609517083702846,0.03950861391375987,0.019747866837346476,0.049983619814596425,0.004577556602731849,-0.019138607644106992,-0.005217580513571156,0.0016015796261979072,-0.01153475686530396,-0.0019169556431979742,2.414814814814815,0.0003085833094933192,6.765507612483361e-05
0.0344355095870567,0.028007856927911468,0.017451483994437227,0.03277159995994982,0.007980848046237587,-0.007184824197280936,-0.006859959832491802,0.0044257093845189365,-0.002866229878875572,-0.0007182663240375072,1.4143646408839778,0.00012532905886818401,2.3032993701936636e-05
0.05560162374300358,0.028156897214410732,0.020650203913170843,0.021219767311770492,0.017413596270432513,-0.0779695179830793,-0.008178789204013348,0.0039729833230514435,-0.0015634500898238466,-0.014779812968946674,1.4341317365269461,0.00024302159782630422,0.0011104069443923872
0.023476057562664694,0.03381227960598403,0.0336672573637862,0.04848928316460392,0.0067453701456178655,-0.006245490184844179,0.009061824524055738,0.003527489764969463,0.00637842433605674,0.0001344722095930712,1.4534883720930232,0.0002375681591493152,3.530233050203093e-05
0.04954745778909004,0.03342859410251035,0.020122811780036717,0.035473755950790116,0.011312798145867295,-0.04519450536182922,-0.010215718408058969,0.0046914250683085445,-0.028362209958645867,-0.0033016219914387907,1.4025157232704402,0.0002176470255492384,0.00040671244538991857
0.033863194552586046,0.0409360402173343,0.03220352450269771,0.03877692467784386,0.012740933429123694,-0.050406408689726054,-0.0183340830463106,-0.003977573624497318,-0.011246066778941287,-0.010412671544816504,1.8770053475935828,0.00012494159240322456,0.0003365668155117424
0.06788848061689157,0.027787177686124934,0.020835158453987652,0.029272302694577087,0.0023250291913233735,-0.08003723932207502,-0.007729303349025503,0.007621758820656664,-0.0077483518646996145,-0.003923465201465201,2.0588235294117645,0.000572536399732705,0.001228291477777743
0.04887918659466526,0.06974977916321788,0.019391644538830775,0.014934378431361495,0.012443216457676126,-0.0601087244064605,-0.08725298762444117,-0.011623330839512136,-0.009341492233623714,-0.016509151566995877,1.7395833333333333,0.0006341996231510592,0.0012220534420374664
0.039873806247114264,0.036152005850025426,0.026893081885280015,0.02552316523312167,0.009849299556024482,-0.028915785012045885,-0.017516781710025194,0.0008513985873958165,-0.004146786835581439,-0.004665228216513282,1.5783132530120483,0.00013591662199635075,0.00014773041595703747
0.0298382217151302,0.06015325154287769,0.01672618865980627,0.018603133535682794,0.012599721819145652,-0.02247132649312252,0.02302610174695689,0.005361105244432459,-0.011699399076175744,-0.011725191055666297,0.7962466487935657,0.00037222857092526393,0.0003192370967231328
0.03890780166699196,0.03668117991216712,0.028810226286405085,0.032739596510959,0.013565262225533798,-0.0470978824772492,-0.0045016599761419475,0.005527706443791753,-0.0085591643266355,-0.009408092231769045,1.9202898550724639,0.00010072737746226756,0.0004026503582338649
0.03158863172500604,0.02628981261527743,0.026266886876542227,0.04157410276865977,0.012520359031912226,-0.022239969744481964,-0.002221248558935212,0.010413753628906673,-0.0032094962190458215,-0.0035017354149550375,1.0804597701149425,0.00011051564609950085,0.00013609369661255773
0.03145719838311726,0.027961995579624036,0.035404087836700494,0.04123918305331758,0.01102019555565575,-0.019918412301956387,0.008553191793652036,-0.0008772136206947533,0.008431866770956644,-0.009584763520182943,1.5902777777777777,0.0001300827732212527,0.00014943670833490532
0.04190260395079832,0.03465400368785438,0.027320633761042133,0.039861456775995514,0.008651707188032626,-0.041532509657659145,0.004742045207290819,0.009308958648541288,0.005001940249996576,-0.001416554347826087,1.1711711711711712,0.00018059146568708294,0.00043672854639123005
0.060070694828140744,0.03389546910227145,0.019326052931289535,0.024859491914179105,0.008697670712062008,-0.03539554777787126,-0.0005086291587620852,0.0022392989015030305,0.002437056720359181,-0.008441787086051917,1.5206185567010309,0.00037789582188737164,0.0002551463535541334
0.040880456834447465,0.030208613270759067,0.019384349479393916,0.04576411279648597,0.013442870784276856,-0.05657218830685471,-0.015024313249395954,-0.007482223051174061,-0.008478733528816881,-0.0015291730811578654,1.6168831168831168,0.0001884363120244498,0.0004922669651153897
0.029257976660202082,0.02723467352085758,0.03545363391972586,0.04975782614313356,0.010609246148707506,-0.014309092357100272,0.006703909866953718,0.01063371602198238,0.007420366359455504,-0.00402058569748149,1.4303030303030304,0.00020081061434182022,0.00010643268740222347
0.051957670252479826,0.043877292486422796,0.019198268181257618,0.039469533791868426,0.008934132421013827,-0.07963639479135623,-0.021744497593096487,-0.004332635948530124,-0.016103731092959307,0.0012086254515686335,2.8205128205128207,0.00032218218653308034,0.0010462631744917667
0.09149774369207929,0.027862919771553196,0.017499982972589326,0.01921935303471512,0.010823887874168258,-0.08232322472721378,-0.0110751525486749,0.010752235735633732,-0.002172745583750247,-0.0032560987080437324,2.1485943775100402,0.0010923968401456072,0.001369816320770877
0.039658248081627975,0.018007369917717293,0.02786579396792641,0.04216917573045621,0.009506354744930029,-0.01696484820915764,-0.006138290132262052,0.0003166159759767209,-0.024079970572984968,-0.0033833736287485496,1.438423645320197,0.00019425140928759123,0.00010296682702188834
0.06097377591842674,0.03246144380442185,0.020310427807955632,0.026825895731521585,0.008109586510689548,-0.05077278694569487,-0.022740114762914657,-0.012607480542397223,-0.011192286392918424,-0.006097713965861174,1.4071428571428573,0.0003870596416042777,0.00031941130582511547
0.028265051023795396,0.03951538406632035,0.032228709568615704,0.05346090253933959,0.005484645331792365,-0.04099867426424105,-0.021979967144509616,-0.0003276873848760085,-0.04077849584962777,-0.003925042909796975,1.5302013422818792,0.00030847474675709457,0.0003772957534893963
0.05756165151818072,0.03455151875010447,0.022479993200156128,0.01949423696387058,0.01889363509097387,-0.08395861433978165,-0.02280925135733162,-0.006828276453164967,-0.01517381175720543,-0.022435393174471508,1.2242424242424241,0.00026721413587935404,0.0009442290653900732
0.03548765724670485,0.0665606872683765,0.018459867490560444,0.022364943342548713,0.009905737306068443,-0.04298125990568876,-0.07892973625094044,-0.0014134075578082846,-0.009217580145555397,-0.010139683282475281,1.955,0.0004901254821068012,0.001048863755436422
0.10062633456066258,0.016949413286700434,0.024855177752623143,0.04228193645353401,0.006249315958282467,-0.1332258558502137,-0.00929896351724704,0.006078256363106188,-0.030679909232721354,-0.007022612927207186,2.721311475409836,0.0013910567732492796,0.0031993844350186765
0.03304311463029805,0.0397259576755113,0.0211598614060983,0.03472211652597142,0.011365110326131075,-0.04630677637285655,-0.018540813653729393,0.00319818512063543,-0.004058929202019088,-0.005295104634024998,1.4595375722543353,0.00013290623434593883,0.00038363076844213955
0.03720225785284835,0.03328894080543256,0.024356396443336505,0.03966851149923244,0.013241589669034597,-0.035627061829528094,-0.010163348449130014,0.004090359684825269,-0.006814788068757003,-0.006826157711568656,0.8503649635036497,0.00011696468928337993,0.0002174562045607628
0.018086318119225283,0.03078502557567894,0.037486900234089696,0.07214002001635338,0.00951666223988295,-0.018328964083185045,0.007478881550045425,-0.0006771375813589465,-0.021622399389453324,-0.005700204938271604,1.2295081967213115,0.0005822616639769558,0.00014762545719084903
0.03906853624787195,0.034519179936643024,0.022949810298130018,0.028175468995570316,0.01804071935636633,-0.03502620019528417,-0.00846715593570655,0.01146487260463304,-0.015215019594167985,-0.006686757587450841,1.3481012658227849,7.205452224267041e-05,0.0002811214194695863
0.03021775909930233,0.04072016743340978,0.025147677112783522,0.01917254198815643,0.01278706861958273,-0.020285420770218273,-0.0007625003991299536,0.0059585932625943845,-0.0005251205033220269,-0.001426600803302089,1.475177304964539,0.00011390769412384744,9.795400152223722e-05
0.06048036715921317,0.03541105540839544,0.02017935771150639,0.030814623613610002,0.026667246668914922,-0.0854911686982868,-0.035874106235913104,-0.006540226545850369,-0.01862334425642169,-0.025447638959748574,2.4174757281553396,0.00023890067611342036,0.0009294237522801476
0.02929183785263441,0.042605715111695155,0.013655113117350928,0.07260790102833083,0.012112810223701719,-0.03205909021597119,-0.0008320256991500675,0.017236136680539704,-0.016112571999039395,0.005835794571702404,1.5555555555555556,0.0006199359241852745,0.00037118555347570505
0.037519474775931455,0.024656785248394233,0.029563743693342238,0.0371228334887121,0.011499393271728815,-0.02151012694726381,-0.0024438416874285555,6.982409002221072e-05,-0.006016855764183738,0.0017072059619679875,1.5567765567765568,0.00011492816257584957,8.720047410820919e-05
0.021448392099952297,0.0339238864645198,0.03057107773987321,0.04167580859153648,0.006942611592875816,-0.013520527652547179,-0.0028075076558629255,0.01283486824341156,-0.0052221000754640425,-0.0021539112087517933,1.342281879194631,0.00017728823245853625,9.09256162906746e-05
0.026638606426302665,0.03878150122073488,0.026966728538098245,0.037546449235426944,0.007963397257176008,-0.019653459422385396,-0.008490876683141224,0.007488124165276859,-0.0019511786183706685,-0.005238259805260877,2.4014084507042255,0.00015271929116897337,9.764896814523944e-05
0.06040638857223642,0.027976691049744755,0.025067875936767715,0.03284697322338597,0.008052295688695756,-0.0678831432890745,0.0014827438497709124,0.0003762062828254267,-0.004515884061718156,-0.007381863795018247,0.7701612903225806,0.00035974754584273115,0.0008677451367474985
0.05416449108959174,0.03510578591470217,0.019611481799912987,0.021458214096983532,0.006094477885434951,-0.05490876100199459,-0.005796163609208062,-0.005102548442942016,-0.016666281356615374,-0.005893895158063226,1.515923566878981,0.0003313860646775251,0.000456334546074969
0.024698310429677073,0.07120407603065507,0.014327991836365846,0.025721208874929274,0.005207191635840313,-0.013325440501888044,0.0015862333369820636,-0.003377238605346226,-0.0010243847249331829,0.0031944611218129868,2.2388059701492535,0.0006472133988399908,4.230537282481115e-05
0.06798371017609989,0.0338293961228676,0.035188726586037944,0.01588613170712742,0.00801317641781899,-0.028723129526572445,-0.009354479118186432,0.00993482690168821,-0.0018956790935263665,-0.0060348179392446626,2.6363636363636362,0.0005358010278377946,0.00019774539334922392
0.04776136946066353,0.03040584042983116,0.026818664355925573,0.042178311768418526,0.010829500571693039,-0.06845307236403382,-0.029644347400749463,-0.0005855866704392606,-0.019500199755945764,-0.01624344526601778,1.1136363636363635,0.0002071978422159285,0.0006487389352185283
0.04675499075957024,0.04331092026910485,0.022912538625534513,0.04343482676243511,0.011247082417569719,-0.03875145084971607,-0.02894975909329454,-0.006457011265487825,-0.010854185820474276,-0.0068337013952597045,1.440251572327044,0.0002444828139144283,0.00021470694676254372
0.03346130915589085,0.03694875065381326,0.026562725180542285,0.024909880780805464,0.0047180297258088266,-0.05007907461428896,-0.020460134481530876,0.006577255156212294,0.001457515757680542,-0.010147543417366948,0.9414225941422594,0.00015691562481764365,0.0005048065015365441
0.02228035532033312,0.03403220923486762,0.032789393315701944,0.044369142209216436,0.007798780216015751,-0.01643147044656928,-0.005773157371373784,0.02178310260537515,-0.014364823190729308,-0.0024710302704787305,1.5118483412322274,0.00019193893752010994,0.00023267920958698653
0.0395672426315785,0.03579081831344275,0.025505017025971525,0.030802809583060416,0.004759609558901756,-0.031072736271516587,-0.0007262474355758376,-0.006282630046949899,-0.009467436795261429,-0.0021494190873779886,1.3005181347150259,0.00018653474184181533,0.00015144465002089001
0.02109216343809239,0.04190285146650827,0.022392970287605035,0.03239374601998969,0.012569900356731598,-0.010196222302815867,0.009903359515411643,0.012828396896123659,-0.005037082419620596,-0.00586517764471078,1.3194444444444444,0.00012780526086863004,0.0001064615592874152
0.023896834300292432,0.03421029538403762,0.02090819440191783,0.04725360729717668,0.00673651859365489,-0.020129411860496257,-0.0012882625989471916,0.009341696098799325,-0.002882223291669351,-0.0017196977076817685,1.7002881844380404,0.00022968743340612432,0.00011243855856801938
0.02463051822753968,0.024205961861944545,0.032945919109866245,0.045574209026998,0.010542056228596431,-0.01874249409315289,-0.008583155098268163,0.010393646695781746,-0.004692875209284021,-0.00011383118933506218,1.2608695652173914,0.00016573993752120648,0.00011512531757531219
0.050828689868277495,0.029030268685072014,0.03201994736622417,0.029733242514268416,0.012052257635441072,-0.024782095759310025,0.0077392531690599065,0.0150627392951618,-0.0028595744104788425,0.005991255673176125,2.0040650406504064,0.00018959048224675268,0.0002361853772249403
0.03356100599774839,0.03453448858765986,0.02927906983017292,0.04454824184539122,0.017639980721532753,-0.026315597945812414,-0.008119628619464582,0.003835195921209104,-0.01856375428526269,-0.00390709003760848,0.8246445497630331,9.497353228972612e-05,0.00014243064092300657
0.05806985738290417,0.012015737658600839,0.020518118076045058,0.021846094119120276,0.039496987540601144,-0.035444990704164896,-0.001162909507631221,-0.004612532794737702,0.0009572833944811139,-0.07106913265306122,1.089820359281437,0.00033929440544007184,0.0009629344440019419
0.04645061484539566,0.031248182256018536,0.02032116238622846,0.04611811639863036,0.004658260267620226,-0.022948779965952234,-0.0019424543411075954,0.005334369829892064,-0.010737267044346008,0.003319792116805029,2.3684210526315788,0.0003168920682155345,0.00013491551457283903
0.04891955097803639,0.033138332301874254,0.015428332824321316,0.02927355718392315,0.014163808714150303,-0.0703499166485599,-0.002311539282230905,0.007354897593307785,-0.0034494483425819332,-0.009762322053553159,1.0766283524904214,0.00020374210599988332,0.0009706811353104986
0.02948293809516576,0.029559717898036273,0.020248131358259598,0.05252788156952788,0.012677877218186149,-0.01950280023018244,-0.014035416357148616,-0.0037704183675805795,-0.0033283320838951315,-0.006520642176838337,1.710144927536232,0.00022426598203694105,5.009918281886441e-05
0.06663527821912776,0.036023423845993774,0.010926932989753,0.03662038823176233,0.012890048838927673,-0.1112844280806905,-0.02822095562718506,-0.0012682672728906593,-0.03967155021547451,-0.012901168412535724,1.6846153846153846,0.000511121419562174,0.0018614907715905544
0.03261744852572566,0.03018475559798447,0.02845823833519752,0.0390432532336258,0.012236840869855712,-0.005124356964640847,-0.0037006217407242097,0.004469968268355924,0.0024080346387854814,0.003709277083833254,1.6881720430107527,9.886093320544143e-05,1.9717619507770425e-05
0.055448560647160736,0.021363652439763257,0.012917424471671515,0.021813645494654803,0.031383313785209185,-0.0724592478930431,-0.004365095523155665,0.005451123542960727,-0.01225145919151854,-0.018144324881467742,1.4608695652173913,0.0002682383688832174,0.0009267600392291837
0.03754347662973369,0.025149275906178294,0.03334523226498129,0.031586394145682664,0.0033136240951527306,-0.038471624126053476,-0.015558179288989185,-0.0012258746403820296,-0.005680144223377448,-0.00482031402034498,1.5405405405405406,0.00018340787562930817,0.0002285877869433259
0.04216287456902318,0.02438019686955737,0.026459632602433166,0.04289894148143078,0.005997116929426148,0.003874374754025148,-0.001599476237565446,0.0021345138404774582,-0.009532315158751152,-0.0041850417052179,1.9155844155844155,0.0002303617458488125,2.8294323368831726e-05
0.06917983109241872,0.0455285209028004,0.013067235094188267,0.021602336876794647,0.011238772522097826,-0.0316069067862778,-0.02427378828964689,0.01526245692551635,-0.001915258293923831,-0.0034883195907841886,1.7625899280575539,0.0006157185516895397,0.00035334775589904204
0.024583983367401425,0.03710433036702734,0.0298631684370719,0.021297868328492973,0.02303577925657235,-0.021589158838894937,0.008863460428982492,-0.0032196271187210873,-0.002870050881523633,-0.011551288173379803,1.055944055944056,4.1051255699675596e-05,0.00012806532396799229
0.042053249959862246,0.02809732934908585,0.022790471683025292,0.04977920275969013,0.004904206503024105,-0.028291172433121643,-0.008157892781620308,0.008186956215500635,-0.006562517640399471,-0.0029553506388724227,2.295238095238095,0.00030519134099737727,0.00017507582572445055
0.02932379488958843,0.0389206204192337,0.017198194283002587,0.04087338943448524,0.005539906759493884,-0.027812079771660492,-0.021550752209088593,-0.00228960290119023,-0.024059317008085286,-0.014546693322808302,1.7355371900826446,0.00022365151994716164,0.00010108215463091702
0.06568259236001056,0.015353189680512849,0.021773337753678616,0.0520752190036292,0.006658654840311586,-0.08678207588888454,-0.00587166844801179,-0.008934947702773548,-0.0435612789263889,-0.005768673607028546,1.7802197802197801,0.0006402349923191573,0.0012552534093325748
0.06841638333276857,0.03535746020367234,0.01592714441952093,0.023606605302952555,0.01029289977421829,0.0019989815730725486,0.0051119947781643445,0.012488221203981046,-0.006823047280927422,-0.0028655364241214586,1.5769230769230769,0.0005323046843595212,5.530132664983256e-05
0.05112902279967174,0.026272381957159058,0.030938919258559083,0.03200974871413331,0.008803630877956279,-0.02743524507672559,-0.0011310366233272828,0.013683284541361928,-0.0032707465787830347,-0.004304448055800579,2.3051948051948052,0.00022859855511288626,0.00021738904315654576
0.024853097949043636,0.039434942461726706,0.02381813753070804,0.04233791174962391,0.010935888879088746,-0.013782822208542343,-0.02135370712948593,0.006134774552135956,-0.005276026435220646,-0.002696112723387355,2.35195530726257,0.0001636319022123399,0.00011131854177205198
0.029355756535440144,0.025985932938769118,0.035330647691456114,0.04608361525702687,0.010434912990621128,-0.023066849332002027,0.005900146071723328,0.0022743158085267758,-0.0001874047368719861,-0.0038684350531748494,1.781021897810219,0.00017121016270488075,0.0001288141553361336
0.06786783456796823,0.04462923266470938,0.017514531408636003,0.03153457470140128,0.00703081357315454,-0.10289474481000682,-0.039683374249416106,-0.0026840613754570176,-0.016492797814793816,-0.005910360124247718,1.393103448275862,0.000566197956305508,0.0017134786212381287
0.019070540084642762,0.02927524884740961,0.03500370448187309,0.04552357203099032,0.00765736671790038,-0.013344812057404462,-0.011655930989754176,0.004362345487386619,0.005006423717420068,0.0017855473392389667,1.9878787878787878,0.00021222602896303242,8.072063664861734e-05
0.0447830199094613,0.03378957076936969,0.023588426317880617,0.028804009011792368,0.008408990428869206,-0.007307795135783733,-0.0005074754676316213,0.005419433625987866,-0.002785954350233378,-0.0017272479771854197,2.007751937984496,0.00017975664618768213,2.105740607910339e-05
0.03768153121937089,0.07150384730297431,0.01203115698008915,0.033821759711695064,0.0061889414244149414,-0.043423725822775365,-0.04858409004368507,-0.004935639820961897,-0.015613616461008084,-8.864436071258751e-05,1.9615384615384615,0.0006652041928933199,0.0004940939243473096
0.04445972335451953,0.03131572876573127,0.02238747620867484,0.044213697500962545,0.012673880917313744,-0.045003837965443313,-0.011877845819812428,-0.0023205404810947,-0.024950769611903633,-0.011763781694495982,1.5146198830409356,0.00019147183389582226,0.000273183864447726
0.03815730924640504,0.02210968935098806,0.0232452899402529,0.05047895807820854,0.004428856216106616,-0.059368373837180036,0.009143507536858974,-0.007172216534319458,-0.024296441973047696,0.0006787732994936805,1.3571428571428572,0.0003052192797429366,0.0007344370163794509
0.06444511871091463,0.0212637705971357,0.023920752606326576,0.03791509539335783,0.007507512475230638,-0.08565904461079181,-0.013300260631119658,0.008100725422202245,-0.0162533788733137,-0.0012000434483185535,1.117283950617284,0.0004658002101564805,0.0013748262690898465
0.0588930457516547,0.02597755466866172,0.03095331235575573,0.027027506970617097,0.01058271584856191,-0.007137891098225145,-0.0070825237145521695,0.012509438124664499,-0.010283686249301816,-0.00512272659350714,3.3168316831683167,0.0003088512362171395,8.274829986184194e-05
0.03371986818103163,0.04027603707042812,0.0207759231956865,0.034531477652833875,0.011144428572225617,-0.04538388449118168,-0.01861529042907632,0.002908055902726448,-0.004080861228609564,-0.005192287068315775,1.4714285714285715,0.00014058391476411434,0.00036701751220701565
0.04191501926686327,0.0690016097451113,0.014630239559499509,0.029176878900977594,0.01644138479152262,-0.00841757978027343,-0.01078235017520462,-0.007709223696130236,-0.008336680177777637,-0.021450131404787,1.3766233766233766,0.0004985609482007405,3.331718338931256e-05
0.028393352501564443,0.030507551197301717,0.017482301182712313,0.056625434046902866,0.017203519042459935,-0.03691003711609319,-0.007466783292118343,0.003964126461616902,-0.010706041280739636,-0.005637401045708358,1.2679738562091503,0.00025804659224104256,0.00023399145019318594
0.041293700665601174,0.024359602214435765,0.03384700678015434,0.0380622153350735,0.008494564629333842,-0.025311119676001997,-0.0010656327351447243,0.012462533478927033,-0.007429359135854059,-0.0018861553397210135,2.0881226053639845,0.00017463374530386392,0.00018698298734702438
0.024177739766791335,0.04731477055927372,0.013484341765533694,0.04377924720351987,0.013253377809897717,-0.020368028312700945,-0.010996321043175588,-0.000135375617203777,-0.004799900871061431,-0.013214981544001275,2.1605839416058394,0.00026600356942696853,6.078237425230702e-05
0.028916649409978037,0.03542377880702023,0.02205539267446328,0.031585983873667886,0.015058136322915605,-0.011508393457553502,0.014454492428913618,-0.01322103416060292,-0.00502270333978113,-0.0038374847804783685,0.9069767441860465,6.548843148451662e-05,0.00012072361627327268
0.07183075624045414,0.046618238185955195,0.01576662305427594,0.01910064582899094,0.007159240393539397,0.004796841077164848,0.005761492116363895,-0.0010020917124376552,-0.0036727995813239855,-0.00335943869824133,2.5,0.000711779003127625,2.0177457556547033e-05
0.055449162860710215,0.033645846954689765,0.017730752873011343,0.0372927022663152,0.0042127922593976665,-0.01428498997258751,-0.008320117452162485,0.0040030321355500175,-0.002146631882633449,-0.0018938103372046582,2.382608695652174,0.0003822732910740274,4.874184635409325e-05
0.031723242180743884,0.06363296029433746,0.017696503528332293,0.028905532012504648,0.013370027016017241,-0.039571455998976234,-0.06219251235633361,0.002231966255236112,-0.005366302523555671,-0.008244683177113408,1.5793650793650793,0.00038939934679396346,0.0007438238155514057
0.027477677878534248,0.031345654976422894,0.024405364521022717,0.04561978688247532,0.018212045743597603,-0.03446213166255992,0.004132418449949699,0.004701641772276189,-0.012486373393044153,-0.003584482619617974,1.3355704697986577,0.00010516958834346391,0.00026195469058568223
0.030495739937565713,0.03393166760236391,0.03249271073517707,0.02871995031398817,0.006510022229733138,-0.006987309656582573,-0.0016672564036708584,0.014368492730310687,-0.00204845360967947,-0.001313835726891824,1.7258883248730965,0.00012790277658037883,6.571802759304045e-05
0.06844630101244964,0.021319368988756023,0.01824425749979626,0.02276342285899637,0.00715133936840938,-0.04989058026195412,-0.015014006627028603,0.009602529286882478,0.0026808800577104146,-0.00806643747025103,1.462809917355372,0.000559233903942151,0.0005355890426721569
0.04936884406091781,0.02641823072402854,0.01990038506499815,0.017155378767677247,0.0137636675497156,-0.012518085006274037,0.005465337902003208,0.012151233389605583,-0.002849309049550998,-0.0035474392260197883,1.047945205479452,0.00020228377213399657,8.8647658444785e-05
0.031992054218586544,0.027948791391258682,0.037696099353757735,0.04070836505048916,0.007654090302952866,-0.01644138157822282,-0.007636859715509581,0.008704741487043746,-0.0034505174034352706,-0.00018409073677322805,1.990521327014218,0.000169553371176936,8.602287626948869e-05
0.02796443313124536,0.02535579377107102,0.02688815151477351,0.07052564698027726,0.0056805505381087,-0.0139890017992371,-0.008843165306330718,0.014050349966839702,-0.02135436967661158,-0.000781912069487293,2.6444444444444444,0.000565232528345536,0.00018418520030105811
0.034131152937856624,0.05044176016356836,0.024902297233191175,0.020621766208604918,0.0057530058355021035,-0.025399767519710972,0.0009196857713299234,-0.010304992785704835,-0.015414087938562613,-0.0009485194632200703,0.6428571428571429,0.00027418548800057824,0.00011686590273851835
0.04175463607335611,0.03773851505309619,0.02101433912308138,0.02612921591683804,0.030037603385586874,-0.049050641182150516,0.003279717444983706,0.00226031654174867,-0.00401431761625975,-0.000407332281267031,0.5963718820861678,7.121832191825535e-05,0.0004946528473186637
0.07261686977633128,0.0254293792647358,0.016063014404485976,0.026249999798750773,0.009736832565832935,-0.08113380240028137,-0.007873139544839633,-0.006507886535320684,-0.014837212465571065,-0.0036648345764941663,1.4180064308681672,0.0006139960850053709,0.0010801592777039066
0.04619861104607885,0.022824166001710337,0.028159238733594327,0.03368415612445208,0.010754908373068162,-0.0368589177895017,-0.007922051572521228,0.01562964269788209,-0.013117843808770914,-0.0019451935746240142,0.8217391304347826,0.0001717953235932204,0.00036262601480071323
0.027709839747879394,0.03702859207237442,0.01498121147270311,0.04563821349601982,0.009214680908029647,-0.03804243826349962,-0.008466404018431172,-0.006688393885625665,-0.01792540741612755,-0.010973124739583819,2.5342465753424657,0.00022729796045199203,0.00016435709526796413
0.0385378159485947,0.03419791813301852,0.013147307603910025,0.06560500611716684,0.010007643338924932,-0.005258390599715379,-0.01212703655259195,0.006614576135858791,-0.01724352233376692,-0.007623929520456499,2.888888888888889,0.000503877665330818,7.997848555295165e-05
0.06999145509088528,0.009423567521943146,0.025158201415123906,0.044333562044714114,0.009138875623378487,-0.09899659996698043,-0.010042987526482385,-0.01852572318416426,-0.03429767081301503,-0.003677137590078767,1.489051094890511,0.0006684600110169839,0.0014883840454945443
0.0525723256124636,0.0288234995112699,0.02925596279306282,0.020327677729719835,0.01632567997878627,-0.02477419318859056,-0.0011083513562723058,0.024325500783945346,-0.0033023625073692908,0.002472973122913956,2.236842105263158,0.00019763400661073203,0.00030565031520738735
0.054094199119794156,0.02000156681668402,0.027979967152480793,0.051169065841065585,0.006313916784729803,-0.06486296607146301,-0.00949041607818413,-0.0017314951176536659,-0.022713258462727405,-0.0017141072197568838,1.880952380952381,0.000418866426872889,0.0006996396293158579
0.0647664620094855,0.01555192707033004,0.01770046289562756,0.04697853180130955,0.004522061594634303,-0.08906047380674041,-0.00568499263174822,-0.001112792792284293,-0.03427713205392466,6.527174698991634e-05,1.3219512195121952,0.0006265205014963417,0.0014391510716587799
0.03383448212397202,0.02844719456323457,0.029866438331811084,0.04850172284140054,0.009231014622794574,-0.0238512026916986,-0.00024682722263492566,0.003130755794438694,-0.00972531434437732,-0.003248471871943213,1.131578947368421,0.00019769848976878562,0.00011336940465329272
0.0880623843504458,0.020463308790171914,0.02041101163545622,0.031797937379426,0.0041120678189943425,-0.10673661138191022,-0.006801783216220122,-0.0021595602508223915,-0.027444054713622695,-0.003943370871987019,1.748062015503876,0.0010458675763902994,0.001971384162533168
0.05441339926895762,0.02188425655471383,0.027275652069387722,0.045109555946062634,0.014663386896179345,-0.06227658167809318,-0.0015530120309666926,-0.013596644879286024,-0.02081315272722604,-0.018475513561850423,1.2771084337349397,0.000274296831956963,0.0005289278368904398
0.03979929124170642,0.03924910049212174,0.017292282036411342,0.043750425706128485,0.008291159261243356,-0.025650538182175463,-0.0010325340917280222,0.005895330223446334,-0.008605759289644846,-0.008627212266277598,1.6158940397350994,0.0002507206551393292,0.00013828602648508832
0.05075117853826007,0.033864553791796544,0.02365516092054747,0.031124123608109885,0.00792596901996455,-0.03604487440349696,-0.011529023572105045,-0.00191639907443375,-0.018982671395682455,-0.005200650490679435,1.6458333333333333,0.00024322356098550234,0.0001844130235270185
0.02575930241726508,0.029923223013256305,0.03160859125237338,0.038031328702760867,0.011094441681283354,-0.024527340107398776,-0.004774300911923921,0.012356220623114946,0.0030732617666374322,-0.001832424527223553,1.4885844748858448,0.00010139979029871206,0.00018513412028430408
0.046880008766718835,0.01705919116167216,0.03326015205801341,0.044265232362682774,0.011358508209176582,-0.060245924690043154,-0.008119017040799528,-0.01506047066441018,-0.04073642309613392,-0.011561165008860686,1.6013071895424837,0.00025310898025654547,0.0005078194465430016
0.05468553366041617,0.0283933147706207,0.01768999393385283,0.028461523868596884,0.013615329599753739,-0.10256826472311584,-0.039019985825377,-0.0032267302228577268,-0.010314760241212667,-0.0031336753029077924,1.9795918367346939,0.0002560201945459814,0.0017899931052559575
0.03998718814218486,0.017931766023561842,0.031702684870114135,0.05393095815082771,0.010338529114041652,-0.06130326295532737,-0.0021468161766788597,-0.001685466862260452,-0.030659896603157204,-0.0017791116436314959,1.4491525423728813,0.0003011303391756945,0.0007011438595247263
0.057265781444845544,0.03460539390395546,0.0212413801051939,0.026196649286239174,0.006775792333600429,0.01027569404445243,0.0048033533576326915,0.004326686323176647,-0.009439428368043375,-0.0015251490332297247,2.5401069518716577,0.0003480274405179769,5.6140142396105264e-05
0.035581449263496844,0.028250048623720672,0.025399765132284712,0.05228370653807135,0.004847328280918403,-0.043773313450377445,-0.009188462560671035,0.007659036150123115,-0.005039600476050965,-0.00568117889130961,1.3425414364640884,0.0002954877407045195,0.00037228451865289777
0.04426804003347059,0.03442375281236423,0.014401322986938903,0.03683163598260184,0.018556464281087866,-0.023034606389268138,-0.002520834056723934,0.007536397405235407,-0.004114620315888645,0.00543735000273997,1.751937984496124,0.00016090742473477256,0.00014612162029338776
0.04548589002233188,0.03827990692567569,0.015458235603330301,0.020038563330982546,0.03548216300063158,-0.028714764464641905,-0.022213633688120998,0.007247869023123653,-0.0006639513102523918,0.0011688645956063298,0.6893617021276596,0.00016115358613868246,0.00024987378508620716
0.05550254706869387,0.030835251753487263,0.016153603210996556,0.021773112338285765,0.032947194479748775,-0.07406655512052616,-0.02969642614463042,0.002344740615038603,-0.01978084266778655,-0.0016603666573550297,1.5357142857142858,0.00022719153587754293,0.0009370949465442903
0.016882424964070972,0.040755785336526434,0.02218670968090611,0.04296062051069625,0.007102269259072852,0.0005608502937311026,0.006892526909674419,0.0005444558521217054,-0.015376717571372683,-0.0029718798111837337,1.2053571428571428,0.0002400472291062978,6.799144021965417e-05
0.030338582676767135,0.02930552874918702,0.032858975461342,0.03288554317525956,0.01626184877556599,-0.017734625011912766,-2.3256843365723885e-05,-0.016102887187431705,-0.003665550237007754,0.002389246222426135,1.6515151515151516,4.797273174773557e-05,8.651060410244753e-05
0.025280280209488915,0.030878723574686212,0.02696859286574194,0.06480281366374414,0.007621475207485582,-0.034266782472156476,-0.014460255593370528,0.01178637189629109,-0.0006909769235893061,-0.008460691778900116,0.9782608695652174,0.00043452671586744423,0.00029234750574960044
0.06724812352730514,0.05286176966683972,0.01600389773127325,0.023135393909394193,0.010524030451575607,-0.07308202064708896,-0.03219480231271413,0.0019928339632347587,-0.005867763802090738,0.0013437966991655587,1.8416666666666666,0.0006135535738499103,0.0010232959467392632
0.046001939691542815,0.032442107754285764,0.021496973216182182,0.02803883676510509,0.009935563034803797,-0.04484425173663569,-0.0023258908954542053,0.007102892259731902,-0.009344584903824055,-0.0037275043107313707,2.107142857142857,0.00017788695202585912,0.0004008313584485766
0.03413614886610263,0.028232769115492513,0.03732290677412028,0.036646930040510145,0.0046158262011465724,-0.04353087906664054,-0.0011876390354194387,0.012690624768390689,-0.004604996769518218,0.0014495493943669714,1.0803571428571428,0.00018650745837284715,0.000458283392953105
0.04433791438918704,0.0455751898887683,0.02242429289545405,0.022182546884791456,0.016593401664535386,-0.00848176752569935,0.004263568780444937,0.015930346397871557,0.004651329627560289,-0.010505886281847197,1.954954954954955,0.00018653880290850358,0.00011726014371808837
0.044951581248981756,0.03039044898286726,0.027224273496667416,0.030914243301452624,0.003921078134268547,-0.010284216249162996,0.004509786441845563,0.006625398303904661,-0.016080322352148207,-0.002476082138256913,1.2392857142857143,0.0002201522716667827,9.300260931353519e-05
0.03286582874634448,0.029462433259825206,0.023251570438558376,0.04937374042356257,0.005970103122082542,-0.03149277307686936,0.003616113734173621,0.006146303402935474,-0.007719402802075984,-0.0033598853528588406,1.9078014184397163,0.00024758627110165994,0.0002245578850528862
0.06339452401450572,0.022373223530232172,0.01638880514835158,0.0177059790846157,0.010810601029522752,-0.04192415444280623,-0.0002723858354068472,-0.0067953919065170424,-0.0009145726958359642,0.002236614704739705,1.5042735042735043,0.0004508242506958484,0.00033881036840727847
0.037135542923884796,0.025254946777370765,0.019151424004430515,0.06484009199030359,0.015784212828202318,-0.036047177702533156,0.0037651735632058553,0.014682740309490074,-0.022434505708946995,-0.008900279204410095,0.9009433962264151,0.0003943600860517047,0.00040819305157898983
0.04569240040073433,0.032426660347561614,0.01665356578717745,0.04225111298563714,0.007186396988533674,-0.0643211518011263,-0.020197245701680182,-0.006014326907014787,-0.018512214119022492,-0.002522702715963585,1.9765625,0.0002735282912202091,0.0006102274542744179
0.02068271273844332,0.021303125833219017,0.024005669659365937,0.04993822468016768,0.006807353118912138,-0.02559476560617764,-0.003295941326819124,-0.011546867126960033,-0.02232707873526145,-0.00964706947597542,3.1444444444444444,0.0002462894588853929,8.553957149536051e-05
0.036659263890631635,0.03746096408657406,0.020356440004268842,0.03212355097433242,0.011632059646313656,-0.027183398929768367,-0.004179381339186168,-0.006840866270517046,-0.006482508956989853,-0.008602480068645781,1.9037037037037037,0.0001268012195637576,8.782292667877676e-05
0.028661341969848035,0.04519495874338636,0.020065111168863253,0.04147277084562938,0.01143333599292156,-0.016507003179585002,-0.004876548990207636,0.002883195572231062,-0.0029716382742020525,-0.015268844171242057,1.7076271186440677,0.00020142833708911202,6.914127159350555e-05
0.03350128040967386,0.014940033978917777,0.030462026177429713,0.06469994509907571,0.004934421480696783,-0.04773412102180031,-0.00701863145882194,-0.0060874771380024706,-0.04274759818136174,-0.004095654233533021,1.635135135135135,0.0005178041913899696,0.0004724624871218755
0.03778929618727753,0.02298881445957319,0.03380236947759935,0.02836184592221853,0.007921454935535106,-0.032338932023061394,-0.015217943501043656,0.00732983030015262,-0.005946715216180597,-0.006816344210934701,1.7526881720430108,0.0001352986491765877,0.00021283861827506325
0.06003585091373129,0.018463451042757886,0.02714854993545859,0.023139687975326916,0.025480722217567232,-0.017745313476797517,0.010343547162196154,-0.0043315919525934625,-0.002578916490507852,0.00015481644325099329,2.1621621621621623,0.00027680480248274867,0.00010180896508529674
0.030870517450008187,0.035893215139964074,0.01437529137955239,0.019359548324212824,0.026461100958807254,-0.00500518499119037,0.018013792137209727,0.004106105167238635,-0.004358074772372308,0.019425320374606404,1.4488636363636365,7.479774793829423e-05,0.0001389022219814615
0.0338033823491733,0.038602150680110386,0.0191089595601267,0.04507568283327748,0.0027024320222534303,-0.016513749113794687,-0.008794957847235338,0.00398633234616044,-0.018238098090254663,0.0008507447684956338,1.7122302158273381,0.0002891453137009823,9.990235503183964e-05
0.03116970068423342,0.050946637008007424,0.01953318725719058,0.03442995497659381,0.013914715167431663,-0.037033056694825796,-0.04073520492480446,0.004022341853484097,-0.0093886650663009,-0.013664748451231128,1.5634920634920635,0.0002070112132822683,0.0003619584098859915
0.05851253843130427,0.019868190266911688,0.021874790560281143,0.046677473878824365,0.008501177758240231,-0.08738513478380805,-0.01056420725099258,-0.013714752050945833,-0.029705395370708057,-0.01297753480205861,1.3832335329341316,0.0004290172237001555,0.0010555212060055661
0.040602705452845715,0.04957113761817451,0.01829169079670567,0.043357846035903994,0.010134392335030799,-0.023223108328819065,-0.008015662599410812,0.001595171342236178,-0.0042259065331437425,0.004134601075397881,2.3801652892561984,0.0002942520125560847,0.00011605711886456422
0.030449298203880693,0.03426234730422239,0.02083888455413378,0.0433627370596945,0.013112627083366885,-0.031914992162027964,-0.0046730104519380755,0.00873374573051608,-0.005574476914393574,-0.007918313002499955,1.5797101449275361,0.00013833108568431452,0.00021713522093106115
0.03491839420738093,0.04343705388531615,0.03921588831127971,0.0344791594178472,0.009526320574810987,-0.03836354551839441,0.003182405875725958,0.010128155293670997,-0.011882268283975598,-0.0016340418596464546,1.98,0.00017552687469542195,0.00035770228959806455
0.022063577543847215,0.028971446671920153,0.02331295741582788,0.07026121810855457,0.007647914571333831,-0.019449603548864085,-0.0015013066086583613,0.016254289371597754,0.0015994830471643563,-0.0007033255540709628,2.096774193548387,0.0005570809388664334,0.00016122680783049178
0.04602859304116244,0.02582365146556489,0.026421078092475608,0.022094143346140568,0.013772309324254516,-0.045320857142919904,-0.026640878066929954,0.006061316801018529,-0.005780417886998496,-0.014224925977729083,1.2383177570093458,0.0001406743830949292,0.0003900644473420634
0.03580640615290091,0.052526692091325385,0.02258946445876853,0.039768676004818385,0.00886540113696977,-0.03811018502045985,-0.019733026869622354,0.016536238946954742,-0.005338633019028555,-0.001084317697184173,1.3542857142857143,0.00027997866824035406,0.00042231834377917573
0.05144073023002873,0.030574311356137526,0.023700536043899444,0.018206514839859307,0.01784665703399281,-0.025039381610501583,0.0008938847450837767,0.005536973358179221,-0.006497480838724473,0.0009673290139363942,1.3139013452914798,0.00019323933324771772,0.0001462613971642003
0.022570762252444438,0.02057905198292932,0.027725046105788062,0.0507674325722001,0.01180253952089121,-0.0014631003607953074,0.0009929721114763528,0.007758827923579818,0.00015055103520803678,0.006621858290975112,1.541501976284585,0.00021418558979361378,1.6913695650783897e-05
0.05469408351165416,0.03097997970730119,0.01880696239856136,0.01891706016796922,0.012813703109106114,-0.04874377062832041,-0.016461034847411914,0.005335418058942529,-0.002401824144739586,-0.0020093073147447165,1.5674740484429066,0.00027905490362484887,0.0004646991457211113
0.06056700964082808,0.02484765545021667,0.01886402934271175,0.023137054748699808,0.008444494594188905,-0.002892753487962982,-0.009483632729992792,0.0020372592840924753,-0.004720971133136022,-0.003999684359630338,1.5809523809523809,0.0003891629662083147,1.7021930019154135e-05
0.02628714294276424,0.041570888498590475,0.017888920553323272,0.03156874459119317,0.01374342805235819,-0.015251103386148901,-0.018060006218277525,-0.0057913415962314915,-0.0014571019335643614,0.004586872683571227,1.3985507246376812,0.00012233368818130515,8.916385397065622e-05
